{"stats":{"minecraft:mined":{"iceandfire:silver_ore":1,"minecraft:candle":1,"farmersdelight:wild_carrots":14,"biomesoplenty:bush":79,"minecraft:allium":2,"minecraft:grass_block":35,"minecraft:spruce_leaves":1,"farmersdelight:wild_onions":1,"rats:block_of_cheese":2,"minecraft:furnace":2,"biomesoplenty:toadstool":5,"minecraft:iron_ore":3,"minecraft:pumpkin":7,"treechop:chopped_log":5,"minecraft:azure_bluet":1,"minecraft:bookshelf":3,"biomesoplenty:high_grass":5,"minecraft:stone":66,"minecraft:podzol":1,"minecraft:smoker":1,"minecraft:stone_brick_slab":2,"minecraft:crafting_table":8,"minecraft:blast_furnace":1,"minecraft:poppy":1,"minecraft:chest":1,"biomesoplenty:high_grass_plant":20,"minecraft:tall_grass":1,"rats:garbage_pile":1,"biomesoplenty:huge_clover_petal":20,"minecraft:spruce_log":1,"minecraft:grass":207,"biomesoplenty:clover":62,"minecraft:dirt":18,"minecraft:oak_leaves":5,"minecraft:fern":51},"minecraft:used":{"minecraft:iron_shovel":23,"biomesoplenty:redwood_planks":22,"minecraft:spruce_planks":8,"minecraft:chest":3,"minecraft:iron_sword":69,"minecraft:zombie_spawn_egg":1,"minecraft:cooked_chicken":2,"minecraft:rotten_flesh":11,"minecraft:dirt":69,"magistuarmory:halfarmor_chestplate":1,"minecraft:carrot":19,"biomesoplenty:redwood_log":1,"biomesoplenty:maple_sapling":11,"minecraft:dark_oak_planks":3,"minecraft:wooden_axe":26,"alexsmobs:maggot":3,"biomesoplenty:redwood_wood":27,"minecraft:iron_axe":146,"minecraft:dark_oak_slab":11,"minecraft:bow":4,"minecraft:oak_sapling":1,"minecraft:furnace":5,"minecraft:podzol":1,"minecraft:cooked_beef":4,"minecraft:cooked_mutton":4,"simplyswords:iron_rapier":21,"minecraft:stone_pickaxe":30,"biomesoplenty:redwood_sapling":2,"minecraft:wooden_pickaxe":16,"rats:block_of_cheese":1,"minecraft:white_wool":1,"minecraft:mossy_cobblestone":2,"minecraft:dark_oak_trapdoor":1,"farmersdelight:onion":1,"simplyswords:iron_chakram":97,"minecraft:crafting_table":13,"minecraft:blast_furnace":1,"minecraft:creeper_spawn_egg":1,"minecraft:apple":3,"minecraft:iron_pickaxe":42,"rats:garbage_pile":1,"minecraft:stone_axe":3,"minecraft:cobblestone":4,"minecraft:dark_oak_fence":3},"minecraft:killed_by":{"minecraft:player":1,"iceandfire:cyclops":1,"minecraft:creeper":3,"minecraft:zombie":1,"iceandfire:ghost":3,"minecraft:cow":1},"minecraft:killed":{"alexsmobs:raccoon":1,"minecraft:vindicator":1,"minecraft:spider":6,"minecraft:slime":3,"minecraft:skeleton":18,"minecraft:chicken":10,"minecraft:wolf":1,"minecraft:pig":3,"minecraft:zombie_villager":1,"minecraft:creeper":6,"minecraft:sheep":3,"minecraft:pillager":2,"minecraft:zombie":17,"iceandfire:ghost":2,"alexsmobs:fly":2,"iceandfire:pixie":2,"minecraft:enderman":1,"minecraft:cow":7},"minecraft:broken":{"minecraft:iron_axe":1},"minecraft:picked_up":{"biomesoplenty:redwood_log":12,"minecraft:charcoal":2,"minecraft:crafting_table":7,"minecraft:coarse_dirt":2,"minecraft:allium":3,"minecraft:azure_bluet":1,"minecraft:chicken":7,"minecraft:string":3,"minecraft:dark_oak_trapdoor":1,"rats:garbage_pile":7,"minecraft:spruce_planks":16,"minecraft:beef":9,"biomesoplenty:redwood_wood":78,"minecraft:chest":1,"minecraft:furnace":2,"minecraft:egg":1,"minecraft:raw_iron":154,"minecraft:stick":16,"minecraft:oak_door":2,"minecraft:torch":1,"sophisticatedbackpacks:backpack":1,"minecraft:carrot":14,"minecraft:dark_oak_planks":4,"rats:block_of_cheese":2,"minecraft:zombie_spawn_egg":1,"biomesoplenty:redwood_planks":94,"minecraft:arrow":1,"minecraft:rotten_flesh":23,"magistuarmory:steel_ingot":1,"farmersdelight:onion":1,"biomesoplenty:redwood_sapling":5,"minecraft:mutton":6,"minecraft:white_wool":5,"minecraft:cobblestone":89,"minecraft:feather":13,"minecraft:cooked_beef":8,"minecraft:leather":7,"biomesoplenty:fir_sapling":13,"biomesoplenty:fir_log":35,"minecraft:gunpowder":6,"minecraft:dirt":112,"minecraft:podzol":1,"minecraft:bone":12,"minecraft:bow":1,"minecraft:wheat_seeds":18,"minecraft:creeper_spawn_egg":1,"minecraft:iron_ingot":38,"minecraft:book":9,"biomesoplenty:toadstool":5,"minecraft:dark_oak_slab":5,"minecraft:pumpkin":6,"minecraft:spruce_sapling":2,"minecraft:spruce_log":8,"minecraft:spider_eye":1,"minecraft:mossy_cobblestone":2,"alexsmobs:maggot":4,"minecraft:oak_sapling":1,"simplyswords:iron_chakram":3,"minecraft:coal":117,"minecraft:dark_oak_fence":4,"iceandfire:raw_silver":2},"minecraft:custom":{"lootr:looted_stat":5,"minecraft:mob_kills":89,"minecraft:interact_with_crafting_table":54,"minecraft:open_barrel":1,"minecraft:interact_with_campfire":4,"minecraft:leave_game":4,"minecraft:time_since_death":33111,"minecraft:climb_one_cm":285,"minecraft:sprint_one_cm":303884,"minecraft:walk_one_cm":386154,"minecraft:drop":49,"minecraft:damage_dealt_absorbed":60,"minecraft:play_time":95271,"minecraft:deaths":10,"minecraft:sneak_time":1816,"minecraft:jump":2965,"minecraft:interact_with_blast_furnace":55,"minecraft:total_world_time":95271,"minecraft:interact_with_furnace":27,"minecraft:sleep_in_bed":1,"minecraft:time_since_rest":4407,"minecraft:damage_taken":4082,"minecraft:trigger_trapped_chest":3,"minecraft:damage_dealt":15570,"minecraft:fly_one_cm":547516,"minecraft:open_chest":41,"minecraft:crouch_one_cm":8678,"minecraft:interact_with_smoker":12,"minecraft:fall_one_cm":85765},"minecraft:crafted":{"minecraft:smooth_stone":3,"minecraft:cooked_chicken":6,"minecraft:furnace":4,"minecraft:blast_furnace":1,"minecraft:stone":3,"minecraft:cooked_mutton":6,"minecraft:iron_boots":1,"minecraft:iron_axe":1,"magistuarmory:steel_ingot":47,"simplyswords:iron_rapier":1,"minecraft:stone_pickaxe":2,"minecraft:chest":2,"minecraft:dark_oak_planks":20,"magistuarmory:steel_plate":20,"minecraft:cooked_beef":5,"minecraft:crafting_table":7,"minecraft:spruce_planks":32,"biomesoplenty:redwood_planks":264,"minecraft:wooden_pickaxe":3,"minecraft:iron_helmet":1,"minecraft:iron_sword":1,"magistuarmory:knight_chestplate":2,"minecraft:stone_axe":1,"minecraft:air":0,"magistuarmory:halfarmor_chestplate":3,"biomesoplenty:fir_planks":52,"rats:cheese":4,"minecraft:iron_chestplate":2,"minecraft:stick":20,"minecraft:iron_ingot":78,"minecraft:iron_pickaxe":2,"minecraft:wooden_axe":2,"minecraft:iron_shovel":1,"minecraft:iron_leggings":1},"minecraft:dropped":{"iceandfire:raw_silver":1,"minecraft:wheat_seeds":8,"minecraft:cooked_beef":9,"simplyswords:iron_chakram":2,"minecraft:dark_oak_slab":1,"minecraft:apple":1,"rats:block_of_cheese":1,"minecraft:wooden_axe":1,"magistuarmory:steel_ingot":2,"farmersdelight:onion":1,"minecraft:string":3,"minecraft:bone":1,"alexsmobs:maggot":1,"minecraft:cooked_chicken":2,"minecraft:raw_iron":64,"minecraft:rotten_flesh":6,"biomesoplenty:redwood_planks":14,"minecraft:cooked_mutton":2,"minecraft:carrot":1,"minecraft:allium":3,"magistuarmory:knight_chestplate":2,"minecraft:spruce_planks":15,"minecraft:ladder":1,"minecraft:spider_eye":1,"minecraft:wooden_pickaxe":2}},"DataVersion":3465}