{"stats":{"minecraft:crafted":{"magistuarmoryaddon:english_knight_chestplate":1,"minecraft:smooth_stone":3,"minecraft:cooked_chicken":7,"minecraft:cobblestone_stairs":32,"minecraft:stone":3,"minecraft:diamond_shovel":1,"minecraft:cooked_mutton":9,"simplyswords:diamond_greataxe":2,"minecraft:iron_boots":1,"minecraft:chest":18,"minecraft:stone_hoe":7,"minecraft:cauldron":4,"minecraft:cooked_porkchop":1,"minecraft:diamond_axe":1,"minecraft:crafting_table":13,"minecraft:spruce_planks":224,"minecraft:wooden_pickaxe":4,"minecraft:iron_helmet":2,"minecraft:birch_planks":68,"magistuarmory:halfarmor_chestplate":5,"biomesoplenty:fir_planks":52,"rats:cheese":292,"biomesoplenty:redwood_boat":1,"minecraft:iron_chestplate":2,"minecraft:diamond_pickaxe":2,"minecraft:stick":240,"minecraft:iron_ingot":253,"minecraft:iron_pickaxe":6,"minecraft:iron_nugget":9,"minecraft:diamond_hoe":2,"magistuarmory:knight_boots":4,"minecraft:furnace":8,"minecraft:blast_furnace":1,"minecraft:bone_meal":141,"magistuarmory:knight_leggings":4,"minecraft:iron_axe":4,"magistuarmory:steel_ingot":178,"minecraft:stone_pickaxe":3,"simplyswords:iron_rapier":1,"magistuarmory:barbute":3,"minecraft:dark_oak_planks":20,"magistuarmory:steel_plate":120,"minecraft:wheat":36,"minecraft:cooked_beef":23,"minecraft:enchanting_table":1,"biomesoplenty:redwood_planks":1932,"minecraft:iron_sword":3,"magistuarmory:knight_chestplate":4,"minecraft:bucket":6,"minecraft:stone_axe":1,"minecraft:air":0,"minecraft:wooden_axe":2,"minecraft:iron_shovel":2,"minecraft:iron_leggings":1,"magistuarmory:armet":3,"minecraft:torch":504},"minecraft:killed_by":{"iceandfire:cyclops":1,"minecraft:creeper":3,"alexsmobs:straddler":1,"minecraft:magma_cube":1,"minecraft:zombie":3,"minecraft:cow":1,"minecraft:player":1,"minecraft:enderman":2,"mowziesmobs:ferrous_wroughtnaut":12,"minecraft:warden":3,"minecraft:skeleton":1,"iceandfire:ghost":3},"minecraft:mined":{"create:deepslate_zinc_ore":23,"minecraft:farmland":1,"minecraft:sculk_vein":107,"minecraft:cobblestone_stairs":9,"alexscaves:azure_neodymium_pillar":8,"minecraft:red_nether_bricks":1,"biomesoplenty:brimstone":1,"minecraft:obsidian":19,"minecraft:grass_block":93,"biomesoplenty:rose_quartz_block":6,"minecraft:soul_soil":1,"rats:block_of_cheese":2,"minecraft:tall_seagrass":1,"minecraft:glowstone":24,"minecraft:iron_ore":4,"minecraft:fire":2,"biomesoplenty:redwood_fence":2,"minecraft:pumpkin":13,"minecraft:deepslate_lapis_ore":1,"minecraft:nether_brick_stairs":1,"minecraft:azure_bluet":37,"biomesoplenty:webbing":2,"minecraft:pink_tulip":1,"biomesoplenty:medium_rose_quartz_bud":2,"minecraft:brown_mushroom":1,"minecraft:smoker":1,"minecraft:amethyst_cluster":5,"biomesoplenty:brimstone_fumarole":1,"minecraft:torch":12,"minecraft:blast_furnace":1,"minecraft:poppy":4,"minecraft:chest":1,"alexscaves:energized_galena_scarlet":1,"minecraft:mushroom_stem":2,"minecraft:cobblestone":7,"rats:rat_hole":3,"minecraft:sugar_cane":2,"minecraft:wall_torch":1,"minecraft:amethyst_block":1,"minecraft:cauldron":1,"minecraft:deepslate_copper_ore":2,"minecraft:chain":1,"minecraft:wheat":16,"biomesoplenty:large_rose_quartz_bud":9,"minecraft:grass":339,"biomesoplenty:clover":218,"minecraft:dirt":65,"minecraft:wither_skeleton_skull":3,"minecraft:red_mushroom_block":1,"minecraft:netherrack":9,"minecraft:deepslate":3,"minecraft:oak_leaves":5,"create:zinc_ore":8,"alexscaves:spelunkery_table":1,"minecraft:tuff":1,"farmersdelight:onions":30,"iceandfire:silver_ore":2,"minecraft:deepslate_diamond_ore":1,"minecraft:candle":1,"farmersdelight:wild_carrots":23,"minecraft:nether_bricks":2,"biomesoplenty:bush":79,"minecraft:allium":3,"minecraft:spruce_leaves":3,"alexscaves:galena":5,"minecraft:hay_block":8,"farmersdelight:wild_onions":11,"minecraft:furnace":3,"minecraft:carrots":270,"biomesoplenty:toadstool":5,"treechop:chopped_log":16,"minecraft:peony":1,"minecraft:bookshelf":9,"biomesoplenty:high_grass":5,"minecraft:vine":1,"biomesoplenty:spider_egg":1,"minecraft:stone":392,"biomesoplenty:rose_quartz_cluster":2,"minecraft:podzol":1,"biomesoplenty:redwood_planks":85,"minecraft:basalt":10,"minecraft:stone_brick_slab":2,"minecraft:dandelion":1,"minecraft:crafting_table":11,"minecraft:cornflower":1,"biomesoplenty:small_rose_quartz_bud":1,"minecraft:emerald_ore":2,"minecraft:rose_bush":8,"minecraft:sculk_sensor":32,"minecraft:campfire":1,"biomesoplenty:high_grass_plant":20,"minecraft:tall_grass":2,"minecraft:copper_ore":4,"rats:garbage_pile":1,"biomesoplenty:sprout":13,"biomesoplenty:huge_clover_petal":149,"minecraft:sculk":825,"minecraft:spruce_stairs":1,"biomesoplenty:redwood_slab":1,"minecraft:spruce_log":2,"minecraft:coal_ore":3,"biomesoplenty:redwood_wood":3,"minecraft:fern":51},"minecraft:dropped":{"rats:rat_paw":1,"rats:cheese":199,"iceandfire:raw_silver":1,"minecraft:lapis_lazuli":25,"magistuarmory:knight_boots":1,"minecraft:cooked_beef":9,"minecraft:diamond":174,"rats:rat_burger":1,"minecraft:cookie":2,"minecraft:dark_oak_slab":1,"minecraft:glow_berries":5,"alexscaves:galena":6,"minecraft:dirt":2,"minecraft:blaze_spawn_egg":1,"farmersdelight:onion":2,"minecraft:gold_nugget":10,"create:iron_sheet":1,"minecraft:iron_pickaxe":1,"minecraft:gold_ingot":2,"minecraft:bone":20,"minecraft:sugar_cane":2,"minecraft:cooked_chicken":2,"mynethersdelight:hoglin_loin":3,"minecraft:cobbled_deepslate":2,"biomesoplenty:redwood_sapling":4,"minecraft:wheat":5,"minecraft:obsidian":34,"minecraft:birch_sapling":4,"minecraft:rotten_flesh":10,"minecraft:cooked_mutton":2,"minecraft:azure_bluet":5,"minecraft:honey_bottle":1,"minecraft:carrot":21,"minecraft:echo_shard":1,"magistuarmory:knight_chestplate":2,"minecraft:melon_seeds":3,"minecraft:ladder":1,"endrem:nether_eye":4,"minecraft:bread":15,"minecraft:wheat_seeds":25,"minecraft:golden_helmet":1,"simplyswords:iron_chakram":2,"minecraft:cobblestone":18,"minecraft:apple":1,"magistuarmory:armet":1,"minecraft:coal":21,"mowziesmobs:wrought_axe":1,"minecraft:stick":1,"minecraft:golden_carrot":4,"minecraft:torch":127,"biomesoplenty:brimstone":1,"rats:block_of_cheese":1,"minecraft:wooden_axe":1,"skilltree:gem":1,"minecraft:rose_bush":4,"minecraft:brown_wool":1,"magistuarmory:steel_ingot":2,"minecraft:fire_charge":1,"minecraft:string":4,"minecraft:sweet_berries":1,"alexsmobs:maggot":2,"simplyswords:diamond_greataxe":1,"magistuarmory:knight_leggings":1,"minecraft:raw_iron":139,"minecraft:wither_skeleton_skull":3,"biomesoplenty:redwood_planks":22,"minecraft:totem_of_undying":3,"minecraft:pumpkin_seeds":2,"minecraft:filled_map":1,"minecraft:allium":3,"minecraft:peony":1,"artifacts:running_shoes":2,"minecraft:spruce_planks":15,"minecraft:iron_chestplate":1,"minecraft:andesite":1,"minecraft:spider_eye":1,"minecraft:spruce_log":6,"biomesoplenty:redwood_leaves":29,"minecraft:stone_pickaxe":1,"minecraft:wooden_pickaxe":3},"minecraft:killed":{"minecraft:cave_spider":1,"minecraft:zombified_piglin":5,"minecraft:witch":4,"minecraft:spider":29,"minecraft:zombie_horse":5,"minecraft:skeleton":60,"minecraft:chicken":11,"minecraft:magma_cube":526,"minecraft:wolf":2,"minecraft:piglin":2,"minecraft:pig":7,"minecraft:zombie_villager":1,"minecraft:creeper":26,"rats:rat":1,"minecraft:sheep":31,"minecraft:pillager":4,"minecraft:zombie":57,"minecraft:ghast":1,"alexsmobs:fly":5,"iceandfire:pixie":3,"minecraft:blaze":11,"minecraft:cow":17,"alexsmobs:dropbear":1,"minecraft:evoker":1,"minecraft:vex":3,"alexsmobs:raccoon":6,"minecraft:vindicator":3,"minecraft:slime":78,"mowziesmobs:ferrous_wroughtnaut":1,"minecraft:drowned":2,"minecraft:hoglin":1,"alexsmobs:catfish":1,"iceandfire:ghost":8,"alexsmobs:crow":2,"minecraft:wither_skeleton":53,"rats:tamed_rat":1,"minecraft:enderman":2},"minecraft:used":{"minecraft:iron_shovel":105,"minecraft:diamond_hoe":897,"minecraft:chest":19,"minecraft:shield":2,"minecraft:zombie_spawn_egg":2,"minecraft:iron_sword":460,"minecraft:rotten_flesh":16,"minecraft:skeleton_spawn_egg":1,"biomesoplenty:redwood_fence":2,"minecraft:carrot":715,"minecraft:milk_bucket":84,"minecraft:lava_bucket":2,"rats:rat_spawn_egg":1,"magistuarmoryaddon:english_knight_chestplate":1,"minecraft:dark_oak_slab":11,"rats:rat_burger":1,"minecraft:bow":4,"simplyswords:iron_scythe":30,"minecraft:sweet_berries":3,"minecraft:furnace":9,"minecraft:oak_sapling":1,"minecraft:egg":1,"minecraft:potato":1,"minecraft:wither_skeleton_skull":6,"minecraft:stone_pickaxe":44,"simplyswords:iron_rapier":252,"minecraft:wooden_pickaxe":23,"minecraft:diamond_axe":30,"minecraft:sugar_cane":3,"minecraft:glow_berries":5,"minecraft:cookie":3,"minecraft:white_wool":1,"minecraft:golden_apple":1,"simplyswords:diamond_greataxe":1222,"minecraft:dark_oak_trapdoor":1,"simplyswords:iron_chakram":128,"magistuarmory:knight_leggings":4,"minecraft:blast_furnace":1,"minecraft:creeper_spawn_egg":1,"minecraft:bread":44,"rats:garbage_pile":27,"mynethersdelight:hoglin_loin":1,"rats:cheese":55,"minecraft:golden_helmet":1,"minecraft:dark_oak_fence":3,"minecraft:bone_meal":20,"minecraft:enchanting_table":1,"biomesoplenty:redwood_planks":1906,"minecraft:spruce_planks":8,"minecraft:stone_hoe":623,"minecraft:cooked_chicken":3,"minecraft:netherrack":6,"minecraft:torch":192,"minecraft:dirt":170,"iceandfire:pixie_dust":3,"magistuarmory:halfarmor_chestplate":2,"minecraft:nether_brick_stairs":1,"biomesoplenty:redwood_log":1,"mowziesmobs:wrought_helmet":2,"biomesoplenty:maple_sapling":11,"minecraft:wooden_axe":26,"minecraft:dark_oak_planks":3,"alexsmobs:maggot":3,"biomesoplenty:redwood_wood":27,"minecraft:iron_axe":442,"biomesoplenty:redwood_boat":1,"minecraft:totem_of_undying":1,"minecraft:basalt":4,"minecraft:golden_carrot":9,"biomesoplenty:rose_quartz_block":5,"minecraft:podzol":1,"minecraft:cooked_beef":19,"minecraft:cobbled_deepslate":1,"minecraft:enchanted_golden_apple":1,"minecraft:wheat_seeds":37,"minecraft:cooked_mutton":9,"minecraft:water_bucket":16,"minecraft:cobblestone_stairs":26,"biomesoplenty:redwood_sapling":22,"magistuarmory:knight_boots":2,"minecraft:cauldron":5,"minecraft:sheep_spawn_egg":1,"rats:block_of_cheese":1,"farmersdelight:onion":65,"minecraft:mossy_cobblestone":2,"minecraft:crafting_table":22,"minecraft:smoker":1,"magistuarmory:armet":11,"minecraft:apple":3,"minecraft:diamond_pickaxe":150,"minecraft:diamond_shovel":6,"minecraft:iron_pickaxe":366,"minecraft:stone_axe":3,"minecraft:cobblestone":28,"minecraft:cooked_porkchop":4,"magistuarmory:knight_chestplate":1,"minecraft:bucket":22,"minecraft:diamond_leggings":2},"minecraft:custom":{"lootr:looted_stat":61,"minecraft:animals_bred":1,"minecraft:interact_with_crafting_table":177,"minecraft:open_barrel":1,"minecraft:bell_ring":1,"minecraft:leave_game":9,"minecraft:time_since_death":48636,"minecraft:damage_resisted":46,"minecraft:sprint_one_cm":1649663,"minecraft:damage_blocked_by_shield":100,"minecraft:drop":338,"minecraft:talked_to_villager":4,"minecraft:play_time":515975,"minecraft:deaths":34,"minecraft:jump":13043,"minecraft:walk_on_water_one_cm":36427,"minecraft:enchant_item":10,"minecraft:interact_with_furnace":55,"minecraft:interact_with_loom":1,"minecraft:sleep_in_bed":3,"minecraft:damage_dealt":89053,"minecraft:player_kills":1,"minecraft:crouch_one_cm":109558,"minecraft:interact_with_smoker":41,"minecraft:use_cauldron":88,"minecraft:horse_one_cm":17,"minecraft:interact_with_anvil":2,"minecraft:mob_kills":1011,"minecraft:interact_with_campfire":4,"minecraft:damage_dealt_resisted":262,"minecraft:climb_one_cm":2690,"minecraft:walk_one_cm":1956953,"minecraft:damage_dealt_absorbed":220,"minecraft:sneak_time":24842,"minecraft:walk_under_water_one_cm":135605,"minecraft:boat_one_cm":2371,"minecraft:interact_with_blast_furnace":73,"minecraft:total_world_time":515975,"minecraft:interact_with_stonecutter":1,"minecraft:time_since_rest":48706,"minecraft:damage_taken":19074,"minecraft:damage_absorbed":366,"minecraft:trigger_trapped_chest":4,"minecraft:swim_one_cm":419813,"minecraft:fly_one_cm":2210343,"minecraft:open_chest":483,"minecraft:fall_one_cm":397412},"minecraft:broken":{"minecraft:stone_hoe":2,"minecraft:iron_axe":2,"minecraft:iron_pickaxe":1,"simplyswords:iron_rapier":1},"minecraft:picked_up":{"minecraft:slime_spawn_egg":2,"minecraft:wheat":13,"minecraft:lead":1,"rats:rat_paw":2,"biomesoplenty:redwood_leaves":29,"minecraft:string":24,"minecraft:dark_oak_trapdoor":1,"minecraft:soul_soil":1,"minecraft:raw_copper":431,"biomesoplenty:brimstone":1,"alexsmobs:dropbear_claw":1,"biomesoplenty:redwood_slab":1,"minecraft:cobbled_deepslate":3,"minecraft:bucket":1,"minecraft:spruce_planks":16,"minecraft:rose_bush":4,"alexsmobs:raccoon_tail":3,"minecraft:deepslate_tile_wall":1,"biomesoplenty:redwood_wood":420,"minecraft:furnace":3,"biomesoplenty:rose_quartz_block":5,"minecraft:golden_helmet":1,"iceandfire:pixie_dust":3,"minecraft:stick":66,"rats:rat_skull":1,"simplyswords:diamond_greataxe":1,"minecraft:torch":81,"alexscaves:raw_azure_neodymium":2,"minecraft:porkchop":18,"minecraft:cauldron":1,"minecraft:zombie_spawn_egg":4,"minecraft:stone_sword":2,"minecraft:rotten_flesh":78,"biomesoplenty:rose_quartz_chunk":6,"biomesoplenty:redwood_fence":2,"farmersdelight:onion":87,"minecraft:cow_spawn_egg":1,"minecraft:blaze_rod":3,"minecraft:obsidian":34,"rats:rat_nugget":1,"minecraft:cobblestone":440,"minecraft:birch_log":17,"minecraft:feather":16,"minecraft:cooked_beef":8,"minecraft:magma_cream":53,"minecraft:andesite":1,"minecraft:brown_wool":1,"biomesoplenty:fir_sapling":13,"biomesoplenty:fir_log":35,"minecraft:tuff":1,"create:raw_zinc":30,"minecraft:wither_skeleton_skull":9,"rats:raw_rat":14,"skilltree:gem":5,"minecraft:lapis_lazuli":51,"minecraft:dirt":309,"alexscaves:galena":6,"minecraft:name_tag":1,"minecraft:bone":97,"minecraft:bow":1,"minecraft:wheat_seeds":92,"minecraft:glowstone_dust":53,"biomesoplenty:toadstool":5,"minecraft:sheep_spawn_egg":1,"minecraft:cooked_porkchop":2,"mynethersdelight:hoglin_loin":4,"minecraft:nether_brick_stairs":1,"minecraft:mossy_cobblestone":2,"minecraft:skeleton_spawn_egg":5,"minecraft:diamond":282,"minecraft:crossbow":2,"minecraft:emerald":59,"minecraft:bread":1,"alexsmobs:maggot":5,"minecraft:oak_sapling":1,"minecraft:netherrack":6,"minecraft:dark_oak_fence":4,"iceandfire:raw_silver":3,"biomesoplenty:redwood_log":55,"minecraft:blaze_spawn_egg":1,"minecraft:charcoal":4,"minecraft:coarse_dirt":2,"minecraft:crafting_table":10,"minecraft:allium":23,"minecraft:chicken":10,"minecraft:azure_bluet":45,"iceandfire:witherbone":19,"minecraft:brown_mushroom":1,"minecraft:spider_spawn_egg":1,"minecraft:magma_cube_spawn_egg":3,"minecraft:iron_axe":3,"rats:garbage_pile":27,"minecraft:echo_shard":1,"minecraft:beef":31,"minecraft:poppy":1,"minecraft:sugar_cane":7,"minecraft:chest":1,"minecraft:birch_sapling":4,"minecraft:egg":3,"minecraft:raw_iron":490,"rats:plastic_waste":1,"minecraft:oak_door":2,"minecraft:copper_ingot":1,"endrem:nether_eye":3,"sophisticatedbackpacks:backpack":1,"minecraft:carrot":776,"minecraft:dark_oak_planks":4,"rats:block_of_cheese":2,"biomesoplenty:redwood_planks":202,"minecraft:arrow":7,"magistuarmory:steel_ingot":26,"minecraft:peony":1,"minecraft:hay_block":12,"alexscaves:spelunkery_table":1,"artifacts:running_shoes":2,"minecraft:gold_ingot":1,"minecraft:totem_of_undying":4,"biomesoplenty:redwood_sapling":77,"rats:rat_burger":3,"minecraft:glow_berries":1,"minecraft:mutton":49,"minecraft:white_wool":30,"create:iron_sheet":1,"minecraft:air":0,"minecraft:basalt":9,"minecraft:golden_carrot":13,"minecraft:glow_ink_sac":12,"minecraft:leather":17,"magistuarmory:armet":1,"minecraft:red_mushroom":7,"rats:cheese":55,"minecraft:filled_map":1,"minecraft:birch_planks":9,"iceandfire:ectoplasm":3,"rats:rat_pelt":5,"minecraft:gunpowder":24,"minecraft:cobblestone_stairs":10,"mowziesmobs:wrought_axe":1,"minecraft:cooked_mutton":5,"minecraft:podzol":1,"minecraft:witch_spawn_egg":1,"iceandfire:pixie_jar_empty":1,"minecraft:creeper_spawn_egg":1,"minecraft:iron_ingot":70,"minecraft:glass_bottle":1,"minecraft:iron_sword":1,"minecraft:book":27,"minecraft:dark_oak_slab":5,"minecraft:pumpkin":12,"minecraft:sweet_berries":16,"minecraft:quartz":18,"minecraft:amethyst_shard":16,"mowziesmobs:wrought_helmet":1,"minecraft:spruce_sapling":2,"minecraft:spruce_log":74,"minecraft:spider_eye":2,"minecraft:slime_ball":47,"minecraft:iron_helmet":1,"alexscaves:azure_neodymium_pillar":4,"rats:rat_spawn_egg":1,"minecraft:black_wool":1,"simplyswords:iron_chakram":3,"minecraft:coal":395,"minecraft:ender_pearl":1}},"DataVersion":3465}