{"stats":{"minecraft:used":{"minecraft:iron_shovel":60,"minecraft:chest":11,"minecraft:iron_sword":460,"minecraft:zombie_spawn_egg":2,"minecraft:rotten_flesh":14,"minecraft:skeleton_spawn_egg":1,"biomesoplenty:redwood_fence":2,"minecraft:carrot":334,"minecraft:milk_bucket":56,"rats:rat_spawn_egg":1,"minecraft:dark_oak_slab":11,"rats:rat_burger":1,"minecraft:bow":4,"minecraft:oak_sapling":1,"minecraft:furnace":8,"minecraft:egg":1,"simplyswords:iron_rapier":252,"minecraft:stone_pickaxe":30,"minecraft:wooden_pickaxe":16,"minecraft:sugar_cane":3,"minecraft:white_wool":1,"minecraft:dark_oak_trapdoor":1,"simplyswords:iron_chakram":128,"magistuarmory:knight_leggings":1,"minecraft:blast_furnace":1,"minecraft:creeper_spawn_egg":1,"minecraft:bread":5,"rats:garbage_pile":15,"rats:cheese":51,"minecraft:golden_helmet":1,"minecraft:dark_oak_fence":3,"minecraft:bone_meal":20,"biomesoplenty:redwood_planks":1780,"minecraft:spruce_planks":8,"minecraft:stone_hoe":623,"minecraft:cooked_chicken":3,"minecraft:torch":189,"minecraft:dirt":147,"iceandfire:pixie_dust":2,"magistuarmory:halfarmor_chestplate":1,"biomesoplenty:redwood_log":1,"biomesoplenty:maple_sapling":11,"minecraft:dark_oak_planks":3,"minecraft:wooden_axe":26,"alexsmobs:maggot":3,"biomesoplenty:redwood_wood":27,"minecraft:iron_axe":433,"minecraft:podzol":1,"minecraft:cooked_beef":18,"minecraft:wheat_seeds":37,"minecraft:cooked_mutton":7,"minecraft:water_bucket":12,"minecraft:cobblestone_stairs":26,"biomesoplenty:redwood_sapling":22,"magistuarmory:knight_boots":1,"minecraft:cauldron":5,"minecraft:sheep_spawn_egg":1,"rats:block_of_cheese":1,"minecraft:mossy_cobblestone":2,"farmersdelight:onion":65,"minecraft:crafting_table":13,"minecraft:smoker":1,"magistuarmory:armet":11,"minecraft:apple":3,"minecraft:iron_pickaxe":317,"minecraft:stone_axe":3,"minecraft:cobblestone":7,"minecraft:cooked_porkchop":1,"minecraft:bucket":16},"minecraft:mined":{"minecraft:farmland":1,"minecraft:cobblestone_stairs":9,"alexscaves:azure_neodymium_pillar":8,"minecraft:grass_block":64,"minecraft:soul_soil":1,"rats:block_of_cheese":2,"minecraft:tall_seagrass":1,"minecraft:iron_ore":3,"biomesoplenty:redwood_fence":2,"minecraft:pumpkin":13,"minecraft:azure_bluet":37,"minecraft:pink_tulip":1,"minecraft:brown_mushroom":1,"minecraft:smoker":1,"minecraft:amethyst_cluster":5,"minecraft:torch":12,"minecraft:blast_furnace":1,"minecraft:poppy":4,"minecraft:chest":1,"alexscaves:energized_galena_scarlet":1,"minecraft:mushroom_stem":2,"minecraft:cobblestone":2,"rats:rat_hole":1,"minecraft:sugar_cane":2,"minecraft:wall_torch":1,"minecraft:amethyst_block":1,"minecraft:cauldron":1,"minecraft:deepslate_copper_ore":2,"minecraft:chain":1,"minecraft:wheat":16,"minecraft:grass":320,"biomesoplenty:clover":210,"minecraft:dirt":39,"minecraft:red_mushroom_block":1,"minecraft:oak_leaves":5,"farmersdelight:onions":12,"iceandfire:silver_ore":1,"minecraft:candle":1,"farmersdelight:wild_carrots":14,"biomesoplenty:bush":79,"minecraft:allium":3,"minecraft:spruce_leaves":3,"alexscaves:galena":5,"minecraft:hay_block":8,"farmersdelight:wild_onions":11,"minecraft:furnace":2,"minecraft:carrots":86,"biomesoplenty:toadstool":5,"treechop:chopped_log":14,"minecraft:bookshelf":6,"biomesoplenty:high_grass":5,"minecraft:vine":1,"minecraft:stone":303,"biomesoplenty:spider_egg":1,"minecraft:podzol":1,"biomesoplenty:redwood_planks":77,"minecraft:stone_brick_slab":2,"minecraft:dandelion":1,"minecraft:crafting_table":8,"minecraft:cornflower":1,"minecraft:rose_bush":8,"minecraft:campfire":1,"biomesoplenty:high_grass_plant":20,"minecraft:tall_grass":1,"rats:garbage_pile":1,"biomesoplenty:sprout":13,"biomesoplenty:huge_clover_petal":129,"minecraft:spruce_stairs":1,"biomesoplenty:redwood_slab":1,"minecraft:spruce_log":2,"biomesoplenty:redwood_wood":3,"minecraft:fern":51},"minecraft:killed_by":{"iceandfire:cyclops":1,"minecraft:creeper":3,"minecraft:zombie":3,"minecraft:cow":1,"minecraft:player":1,"minecraft:enderman":2,"minecraft:skeleton":1,"iceandfire:ghost":3},"minecraft:killed":{"minecraft:cave_spider":1,"minecraft:witch":1,"minecraft:spider":25,"minecraft:zombie_horse":3,"minecraft:skeleton":39,"minecraft:chicken":11,"minecraft:wolf":2,"minecraft:pig":4,"minecraft:zombie_villager":1,"minecraft:creeper":19,"rats:rat":1,"minecraft:sheep":24,"minecraft:pillager":2,"minecraft:zombie":42,"alexsmobs:fly":5,"iceandfire:pixie":2,"minecraft:cow":13,"alexsmobs:raccoon":5,"minecraft:vindicator":1,"minecraft:slime":3,"minecraft:drowned":1,"iceandfire:ghost":7,"rats:tamed_rat":1,"minecraft:enderman":2},"minecraft:broken":{"minecraft:stone_hoe":2,"minecraft:iron_axe":2,"minecraft:iron_pickaxe":1,"simplyswords:iron_rapier":1},"minecraft:picked_up":{"minecraft:wheat":13,"minecraft:lead":1,"rats:rat_paw":2,"minecraft:string":21,"minecraft:dark_oak_trapdoor":1,"minecraft:soul_soil":1,"minecraft:raw_copper":38,"biomesoplenty:redwood_slab":1,"minecraft:spruce_planks":16,"minecraft:rose_bush":4,"alexsmobs:raccoon_tail":3,"biomesoplenty:redwood_wood":420,"minecraft:furnace":2,"minecraft:golden_helmet":1,"iceandfire:pixie_dust":2,"minecraft:stick":56,"rats:rat_skull":1,"minecraft:torch":17,"alexscaves:raw_azure_neodymium":2,"minecraft:porkchop":12,"minecraft:cauldron":1,"minecraft:zombie_spawn_egg":4,"minecraft:stone_sword":1,"minecraft:rotten_flesh":62,"biomesoplenty:redwood_fence":2,"farmersdelight:onion":54,"rats:rat_nugget":1,"minecraft:cobblestone":355,"minecraft:feather":16,"minecraft:cooked_beef":8,"minecraft:brown_wool":1,"biomesoplenty:fir_log":35,"biomesoplenty:fir_sapling":13,"rats:raw_rat":14,"minecraft:dirt":220,"alexscaves:galena":6,"minecraft:name_tag":1,"minecraft:bone":44,"minecraft:wheat_seeds":91,"minecraft:bow":1,"minecraft:glowstone_dust":2,"biomesoplenty:toadstool":5,"minecraft:sheep_spawn_egg":1,"minecraft:mossy_cobblestone":2,"minecraft:skeleton_spawn_egg":4,"alexsmobs:maggot":5,"minecraft:oak_sapling":1,"minecraft:dark_oak_fence":4,"iceandfire:raw_silver":2,"biomesoplenty:redwood_log":45,"minecraft:charcoal":4,"minecraft:coarse_dirt":2,"minecraft:crafting_table":7,"minecraft:allium":23,"minecraft:azure_bluet":38,"minecraft:chicken":10,"minecraft:brown_mushroom":1,"minecraft:spider_spawn_egg":1,"minecraft:iron_axe":3,"rats:garbage_pile":18,"minecraft:beef":26,"minecraft:poppy":1,"minecraft:sugar_cane":3,"minecraft:chest":1,"minecraft:egg":3,"minecraft:raw_iron":346,"rats:plastic_waste":1,"minecraft:oak_door":2,"sophisticatedbackpacks:backpack":1,"minecraft:carrot":299,"minecraft:dark_oak_planks":4,"rats:block_of_cheese":2,"biomesoplenty:redwood_planks":175,"minecraft:arrow":5,"magistuarmory:steel_ingot":26,"minecraft:hay_block":12,"biomesoplenty:redwood_sapling":74,"rats:rat_burger":3,"minecraft:mutton":42,"minecraft:white_wool":24,"create:iron_sheet":1,"minecraft:air":0,"minecraft:leather":15,"minecraft:red_mushroom":7,"magistuarmory:armet":1,"minecraft:filled_map":1,"rats:cheese":55,"iceandfire:ectoplasm":2,"rats:rat_pelt":5,"minecraft:gunpowder":13,"minecraft:cobblestone_stairs":10,"minecraft:podzol":1,"iceandfire:pixie_jar_empty":1,"minecraft:creeper_spawn_egg":1,"minecraft:iron_ingot":70,"minecraft:iron_sword":1,"minecraft:book":18,"minecraft:dark_oak_slab":5,"minecraft:pumpkin":12,"minecraft:amethyst_shard":16,"minecraft:spruce_sapling":2,"minecraft:spruce_log":68,"minecraft:spider_eye":2,"alexscaves:azure_neodymium_pillar":4,"rats:rat_spawn_egg":1,"simplyswords:iron_chakram":3,"minecraft:black_wool":1,"minecraft:coal":117,"minecraft:ender_pearl":1},"minecraft:custom":{"lootr:looted_stat":16,"minecraft:interact_with_crafting_table":124,"minecraft:open_barrel":1,"minecraft:bell_ring":1,"minecraft:leave_game":5,"minecraft:time_since_death":27254,"minecraft:sprint_one_cm":934224,"minecraft:drop":239,"minecraft:talked_to_villager":4,"minecraft:play_time":266039,"minecraft:deaths":15,"minecraft:jump":8563,"minecraft:walk_on_water_one_cm":23850,"minecraft:interact_with_furnace":47,"minecraft:sleep_in_bed":3,"minecraft:damage_dealt":39027,"minecraft:crouch_one_cm":25250,"minecraft:interact_with_smoker":37,"minecraft:use_cauldron":60,"minecraft:mob_kills":240,"minecraft:interact_with_anvil":2,"minecraft:interact_with_campfire":4,"minecraft:climb_one_cm":1798,"minecraft:walk_one_cm":1198253,"minecraft:damage_dealt_absorbed":60,"minecraft:sneak_time":4947,"minecraft:walk_under_water_one_cm":38105,"minecraft:boat_one_cm":2371,"minecraft:interact_with_blast_furnace":69,"minecraft:total_world_time":266039,"minecraft:time_since_rest":27267,"minecraft:damage_taken":8335,"minecraft:damage_absorbed":166,"minecraft:trigger_trapped_chest":4,"minecraft:swim_one_cm":23458,"minecraft:fly_one_cm":1485975,"minecraft:open_chest":267,"minecraft:fall_one_cm":253099},"minecraft:crafted":{"minecraft:smooth_stone":3,"minecraft:cooked_chicken":7,"minecraft:cobblestone_stairs":32,"minecraft:stone":3,"minecraft:cooked_mutton":9,"minecraft:iron_boots":1,"minecraft:chest":10,"minecraft:stone_hoe":7,"minecraft:cauldron":4,"minecraft:cooked_porkchop":1,"minecraft:crafting_table":7,"minecraft:spruce_planks":224,"minecraft:wooden_pickaxe":3,"minecraft:iron_helmet":2,"magistuarmory:halfarmor_chestplate":4,"biomesoplenty:fir_planks":52,"rats:cheese":196,"minecraft:iron_chestplate":2,"minecraft:stick":156,"minecraft:iron_ingot":248,"minecraft:iron_pickaxe":4,"magistuarmory:knight_boots":2,"minecraft:furnace":7,"minecraft:blast_furnace":1,"minecraft:bone_meal":54,"magistuarmory:knight_leggings":2,"minecraft:iron_axe":3,"magistuarmory:steel_ingot":91,"minecraft:stone_pickaxe":2,"simplyswords:iron_rapier":1,"magistuarmory:barbute":3,"minecraft:dark_oak_planks":20,"magistuarmory:steel_plate":64,"minecraft:wheat":36,"minecraft:cooked_beef":22,"biomesoplenty:redwood_planks":1928,"minecraft:iron_sword":3,"magistuarmory:knight_chestplate":3,"minecraft:bucket":6,"minecraft:stone_axe":1,"minecraft:air":0,"minecraft:wooden_axe":2,"minecraft:iron_shovel":1,"minecraft:iron_leggings":1,"magistuarmory:armet":3,"minecraft:torch":256},"minecraft:dropped":{"rats:rat_paw":1,"rats:cheese":189,"iceandfire:raw_silver":1,"magistuarmory:knight_boots":1,"minecraft:cooked_beef":9,"minecraft:dark_oak_slab":1,"minecraft:dirt":2,"alexscaves:galena":6,"farmersdelight:onion":2,"minecraft:gold_nugget":10,"create:iron_sheet":1,"minecraft:gold_ingot":1,"minecraft:bone":1,"minecraft:cooked_chicken":2,"minecraft:wheat":5,"minecraft:rotten_flesh":10,"minecraft:cooked_mutton":2,"minecraft:carrot":1,"magistuarmory:knight_chestplate":2,"minecraft:ladder":1,"minecraft:wheat_seeds":25,"minecraft:golden_helmet":1,"simplyswords:iron_chakram":2,"minecraft:cobblestone":3,"minecraft:apple":1,"magistuarmory:armet":1,"minecraft:torch":1,"rats:block_of_cheese":1,"minecraft:wooden_axe":1,"minecraft:rose_bush":4,"minecraft:brown_wool":1,"magistuarmory:steel_ingot":2,"minecraft:string":3,"alexsmobs:maggot":2,"magistuarmory:knight_leggings":1,"minecraft:raw_iron":64,"biomesoplenty:redwood_planks":14,"minecraft:filled_map":1,"minecraft:allium":3,"minecraft:spruce_planks":15,"minecraft:iron_chestplate":1,"minecraft:spider_eye":1,"minecraft:wooden_pickaxe":2}},"DataVersion":3465}