{"stats":{"minecraft:crafted":{"magistuarmoryaddon:english_knight_chestplate":1,"minecraft:smooth_stone":3,"minecraft:cooked_chicken":7,"minecraft:cobblestone_stairs":32,"minecraft:stone":3,"minecraft:diamond_shovel":1,"minecraft:cooked_mutton":9,"simplyswords:diamond_greataxe":1,"minecraft:iron_boots":1,"minecraft:chest":12,"minecraft:stone_hoe":7,"minecraft:cauldron":4,"minecraft:cooked_porkchop":1,"minecraft:diamond_axe":1,"minecraft:crafting_table":11,"minecraft:spruce_planks":224,"minecraft:wooden_pickaxe":3,"minecraft:iron_helmet":2,"magistuarmory:halfarmor_chestplate":4,"biomesoplenty:fir_planks":52,"rats:cheese":292,"biomesoplenty:redwood_boat":1,"minecraft:iron_chestplate":2,"minecraft:diamond_pickaxe":1,"minecraft:stick":172,"minecraft:iron_ingot":248,"minecraft:iron_pickaxe":5,"minecraft:iron_nugget":9,"minecraft:diamond_hoe":1,"magistuarmory:knight_boots":3,"minecraft:furnace":7,"minecraft:blast_furnace":1,"minecraft:bone_meal":141,"magistuarmory:knight_leggings":2,"minecraft:iron_axe":4,"magistuarmory:steel_ingot":147,"minecraft:stone_pickaxe":2,"simplyswords:iron_rapier":1,"magistuarmory:barbute":3,"minecraft:dark_oak_planks":20,"magistuarmory:steel_plate":92,"minecraft:wheat":36,"minecraft:cooked_beef":22,"minecraft:enchanting_table":1,"biomesoplenty:redwood_planks":1932,"minecraft:iron_sword":3,"magistuarmory:knight_chestplate":3,"minecraft:bucket":6,"minecraft:stone_axe":1,"minecraft:air":0,"minecraft:wooden_axe":2,"minecraft:iron_shovel":2,"minecraft:iron_leggings":1,"magistuarmory:armet":3,"minecraft:torch":256},"minecraft:killed_by":{"iceandfire:cyclops":1,"minecraft:creeper":3,"alexsmobs:straddler":1,"minecraft:magma_cube":1,"minecraft:zombie":3,"minecraft:cow":1,"minecraft:player":1,"minecraft:enderman":2,"mowziesmobs:ferrous_wroughtnaut":12,"minecraft:warden":3,"minecraft:skeleton":1,"iceandfire:ghost":3},"minecraft:mined":{"minecraft:farmland":1,"minecraft:cobblestone_stairs":9,"minecraft:sculk_vein":80,"minecraft:red_nether_bricks":1,"alexscaves:azure_neodymium_pillar":8,"biomesoplenty:brimstone":1,"minecraft:obsidian":19,"minecraft:grass_block":90,"biomesoplenty:rose_quartz_block":6,"minecraft:soul_soil":1,"rats:block_of_cheese":2,"minecraft:tall_seagrass":1,"minecraft:glowstone":24,"minecraft:iron_ore":3,"minecraft:fire":2,"biomesoplenty:redwood_fence":2,"minecraft:pumpkin":13,"minecraft:azure_bluet":37,"minecraft:nether_brick_stairs":1,"minecraft:pink_tulip":1,"biomesoplenty:medium_rose_quartz_bud":2,"minecraft:brown_mushroom":1,"minecraft:smoker":1,"minecraft:amethyst_cluster":5,"biomesoplenty:brimstone_fumarole":1,"minecraft:torch":12,"minecraft:blast_furnace":1,"minecraft:poppy":4,"minecraft:chest":1,"alexscaves:energized_galena_scarlet":1,"minecraft:mushroom_stem":2,"minecraft:cobblestone":7,"rats:rat_hole":3,"minecraft:sugar_cane":2,"minecraft:wall_torch":1,"minecraft:amethyst_block":1,"minecraft:cauldron":1,"minecraft:deepslate_copper_ore":2,"minecraft:chain":1,"minecraft:wheat":16,"biomesoplenty:large_rose_quartz_bud":9,"minecraft:grass":334,"biomesoplenty:clover":218,"minecraft:dirt":63,"minecraft:wither_skeleton_skull":3,"minecraft:red_mushroom_block":1,"minecraft:netherrack":9,"minecraft:deepslate":1,"minecraft:oak_leaves":5,"alexscaves:spelunkery_table":1,"minecraft:tuff":1,"farmersdelight:onions":30,"iceandfire:silver_ore":2,"minecraft:candle":1,"farmersdelight:wild_carrots":23,"minecraft:nether_bricks":2,"biomesoplenty:bush":79,"minecraft:allium":3,"minecraft:spruce_leaves":3,"alexscaves:galena":5,"minecraft:hay_block":8,"farmersdelight:wild_onions":11,"minecraft:furnace":2,"minecraft:carrots":254,"biomesoplenty:toadstool":5,"treechop:chopped_log":14,"minecraft:bookshelf":9,"biomesoplenty:high_grass":5,"minecraft:vine":1,"biomesoplenty:spider_egg":1,"minecraft:stone":374,"biomesoplenty:rose_quartz_cluster":2,"minecraft:podzol":1,"biomesoplenty:redwood_planks":85,"minecraft:basalt":10,"minecraft:stone_brick_slab":2,"minecraft:dandelion":1,"minecraft:crafting_table":8,"minecraft:cornflower":1,"biomesoplenty:small_rose_quartz_bud":1,"minecraft:rose_bush":8,"minecraft:sculk_sensor":32,"minecraft:campfire":1,"biomesoplenty:high_grass_plant":20,"minecraft:tall_grass":1,"minecraft:copper_ore":4,"rats:garbage_pile":1,"biomesoplenty:sprout":13,"biomesoplenty:huge_clover_petal":148,"minecraft:sculk":669,"minecraft:spruce_stairs":1,"biomesoplenty:redwood_slab":1,"minecraft:spruce_log":2,"minecraft:coal_ore":3,"biomesoplenty:redwood_wood":3,"minecraft:fern":51},"minecraft:dropped":{"rats:rat_paw":1,"rats:cheese":199,"iceandfire:raw_silver":1,"magistuarmory:knight_boots":1,"minecraft:cooked_beef":9,"rats:rat_burger":1,"minecraft:diamond":174,"minecraft:cookie":1,"minecraft:dark_oak_slab":1,"minecraft:glow_berries":5,"alexscaves:galena":6,"minecraft:dirt":2,"minecraft:blaze_spawn_egg":1,"farmersdelight:onion":2,"minecraft:gold_nugget":10,"create:iron_sheet":1,"minecraft:gold_ingot":2,"minecraft:bone":20,"minecraft:sugar_cane":2,"minecraft:cooked_chicken":2,"mynethersdelight:hoglin_loin":3,"minecraft:cobbled_deepslate":1,"biomesoplenty:redwood_sapling":4,"minecraft:wheat":5,"minecraft:obsidian":34,"minecraft:rotten_flesh":10,"minecraft:cooked_mutton":2,"minecraft:azure_bluet":5,"minecraft:honey_bottle":1,"minecraft:carrot":21,"minecraft:echo_shard":1,"magistuarmory:knight_chestplate":2,"minecraft:melon_seeds":3,"minecraft:ladder":1,"endrem:nether_eye":4,"minecraft:bread":15,"minecraft:wheat_seeds":25,"minecraft:golden_helmet":1,"simplyswords:iron_chakram":2,"minecraft:cobblestone":16,"minecraft:apple":1,"magistuarmory:armet":1,"minecraft:coal":21,"mowziesmobs:wrought_axe":1,"minecraft:golden_carrot":4,"minecraft:torch":1,"biomesoplenty:brimstone":1,"rats:block_of_cheese":1,"minecraft:wooden_axe":1,"minecraft:rose_bush":4,"minecraft:brown_wool":1,"magistuarmory:steel_ingot":2,"minecraft:string":4,"minecraft:sweet_berries":1,"alexsmobs:maggot":2,"simplyswords:diamond_greataxe":1,"magistuarmory:knight_leggings":1,"minecraft:raw_iron":64,"minecraft:wither_skeleton_skull":3,"biomesoplenty:redwood_planks":22,"minecraft:totem_of_undying":3,"minecraft:pumpkin_seeds":2,"minecraft:filled_map":1,"minecraft:allium":3,"artifacts:running_shoes":2,"minecraft:spruce_planks":15,"minecraft:iron_chestplate":1,"minecraft:andesite":1,"minecraft:spider_eye":1,"minecraft:spruce_log":6,"minecraft:wooden_pickaxe":2},"minecraft:killed":{"minecraft:cave_spider":1,"minecraft:zombified_piglin":5,"minecraft:witch":1,"minecraft:spider":26,"minecraft:zombie_horse":5,"minecraft:skeleton":57,"minecraft:chicken":11,"minecraft:magma_cube":526,"minecraft:wolf":2,"minecraft:piglin":2,"minecraft:pig":7,"minecraft:zombie_villager":1,"minecraft:creeper":22,"rats:rat":1,"minecraft:sheep":31,"minecraft:pillager":4,"minecraft:zombie":47,"minecraft:ghast":1,"alexsmobs:fly":5,"iceandfire:pixie":3,"minecraft:blaze":11,"minecraft:cow":16,"alexsmobs:dropbear":1,"minecraft:evoker":1,"minecraft:vex":3,"alexsmobs:raccoon":5,"minecraft:vindicator":3,"minecraft:slime":63,"mowziesmobs:ferrous_wroughtnaut":1,"minecraft:drowned":1,"minecraft:hoglin":1,"alexsmobs:catfish":1,"iceandfire:ghost":7,"alexsmobs:crow":2,"minecraft:wither_skeleton":53,"rats:tamed_rat":1,"minecraft:enderman":2},"minecraft:used":{"minecraft:iron_shovel":105,"minecraft:diamond_hoe":715,"minecraft:chest":13,"minecraft:shield":2,"minecraft:iron_sword":460,"minecraft:zombie_spawn_egg":2,"minecraft:rotten_flesh":16,"minecraft:skeleton_spawn_egg":1,"biomesoplenty:redwood_fence":2,"minecraft:carrot":646,"minecraft:milk_bucket":84,"minecraft:lava_bucket":2,"rats:rat_spawn_egg":1,"magistuarmoryaddon:english_knight_chestplate":1,"minecraft:dark_oak_slab":11,"rats:rat_burger":1,"minecraft:bow":4,"simplyswords:iron_scythe":30,"minecraft:sweet_berries":3,"minecraft:furnace":8,"minecraft:oak_sapling":1,"minecraft:egg":1,"minecraft:potato":1,"minecraft:wither_skeleton_skull":6,"simplyswords:iron_rapier":252,"minecraft:stone_pickaxe":30,"minecraft:wooden_pickaxe":16,"minecraft:sugar_cane":3,"minecraft:diamond_axe":10,"minecraft:white_wool":1,"minecraft:glow_berries":5,"simplyswords:diamond_greataxe":1099,"minecraft:dark_oak_trapdoor":1,"simplyswords:iron_chakram":128,"magistuarmory:knight_leggings":1,"minecraft:blast_furnace":1,"minecraft:creeper_spawn_egg":1,"minecraft:bread":44,"rats:garbage_pile":27,"mynethersdelight:hoglin_loin":1,"rats:cheese":55,"minecraft:golden_helmet":1,"minecraft:dark_oak_fence":3,"minecraft:bone_meal":20,"minecraft:enchanting_table":1,"biomesoplenty:redwood_planks":1904,"minecraft:spruce_planks":8,"minecraft:stone_hoe":623,"minecraft:cooked_chicken":3,"minecraft:netherrack":6,"minecraft:torch":189,"minecraft:dirt":158,"iceandfire:pixie_dust":3,"magistuarmory:halfarmor_chestplate":2,"minecraft:nether_brick_stairs":1,"biomesoplenty:redwood_log":1,"mowziesmobs:wrought_helmet":1,"biomesoplenty:maple_sapling":11,"minecraft:wooden_axe":26,"minecraft:dark_oak_planks":3,"alexsmobs:maggot":3,"minecraft:iron_axe":442,"biomesoplenty:redwood_wood":27,"biomesoplenty:redwood_boat":1,"minecraft:totem_of_undying":1,"minecraft:basalt":4,"minecraft:golden_carrot":9,"biomesoplenty:rose_quartz_block":5,"minecraft:podzol":1,"minecraft:cooked_beef":18,"minecraft:cobbled_deepslate":1,"minecraft:enchanted_golden_apple":1,"minecraft:wheat_seeds":37,"minecraft:cooked_mutton":9,"minecraft:water_bucket":16,"minecraft:cobblestone_stairs":26,"biomesoplenty:redwood_sapling":22,"magistuarmory:knight_boots":1,"minecraft:cauldron":5,"minecraft:sheep_spawn_egg":1,"rats:block_of_cheese":1,"minecraft:mossy_cobblestone":2,"farmersdelight:onion":65,"minecraft:crafting_table":17,"minecraft:smoker":1,"magistuarmory:armet":11,"minecraft:apple":3,"minecraft:diamond_pickaxe":119,"minecraft:iron_pickaxe":359,"minecraft:stone_axe":3,"minecraft:cobblestone":26,"minecraft:cooked_porkchop":3,"minecraft:bucket":22,"minecraft:diamond_leggings":2},"minecraft:custom":{"lootr:looted_stat":60,"minecraft:animals_bred":1,"minecraft:interact_with_crafting_table":159,"minecraft:open_barrel":1,"minecraft:bell_ring":1,"minecraft:leave_game":8,"minecraft:time_since_death":7460,"minecraft:damage_resisted":46,"minecraft:sprint_one_cm":1461400,"minecraft:damage_blocked_by_shield":100,"minecraft:drop":320,"minecraft:talked_to_villager":4,"minecraft:play_time":474799,"minecraft:deaths":34,"minecraft:jump":12244,"minecraft:walk_on_water_one_cm":35551,"minecraft:interact_with_furnace":48,"minecraft:interact_with_loom":1,"minecraft:sleep_in_bed":3,"minecraft:damage_dealt":82218,"minecraft:player_kills":1,"minecraft:crouch_one_cm":107366,"minecraft:interact_with_smoker":39,"minecraft:use_cauldron":88,"minecraft:horse_one_cm":17,"minecraft:interact_with_anvil":2,"minecraft:mob_kills":963,"minecraft:interact_with_campfire":4,"minecraft:damage_dealt_resisted":90,"minecraft:climb_one_cm":2690,"minecraft:walk_one_cm":1866312,"minecraft:damage_dealt_absorbed":140,"minecraft:sneak_time":24172,"minecraft:walk_under_water_one_cm":124980,"minecraft:boat_one_cm":2371,"minecraft:interact_with_blast_furnace":71,"minecraft:total_world_time":474799,"minecraft:time_since_rest":7530,"minecraft:damage_taken":18081,"minecraft:damage_absorbed":326,"minecraft:trigger_trapped_chest":4,"minecraft:swim_one_cm":355194,"minecraft:fly_one_cm":2048437,"minecraft:open_chest":402,"minecraft:fall_one_cm":369871},"minecraft:broken":{"minecraft:stone_hoe":2,"minecraft:iron_axe":2,"minecraft:iron_pickaxe":1,"simplyswords:iron_rapier":1},"minecraft:picked_up":{"minecraft:slime_spawn_egg":2,"minecraft:wheat":13,"minecraft:lead":1,"rats:rat_paw":2,"minecraft:string":21,"minecraft:dark_oak_trapdoor":1,"minecraft:soul_soil":1,"minecraft:raw_copper":431,"biomesoplenty:brimstone":1,"alexsmobs:dropbear_claw":1,"biomesoplenty:redwood_slab":1,"minecraft:cobbled_deepslate":2,"minecraft:bucket":1,"minecraft:spruce_planks":16,"minecraft:rose_bush":4,"alexsmobs:raccoon_tail":3,"minecraft:deepslate_tile_wall":1,"biomesoplenty:redwood_wood":420,"minecraft:furnace":2,"biomesoplenty:rose_quartz_block":5,"minecraft:golden_helmet":1,"iceandfire:pixie_dust":3,"minecraft:stick":56,"rats:rat_skull":1,"simplyswords:diamond_greataxe":1,"minecraft:torch":17,"alexscaves:raw_azure_neodymium":2,"minecraft:porkchop":15,"minecraft:cauldron":1,"minecraft:zombie_spawn_egg":4,"minecraft:stone_sword":2,"minecraft:rotten_flesh":66,"biomesoplenty:rose_quartz_chunk":6,"biomesoplenty:redwood_fence":2,"minecraft:cow_spawn_egg":1,"farmersdelight:onion":87,"minecraft:blaze_rod":3,"minecraft:obsidian":34,"rats:rat_nugget":1,"minecraft:cobblestone":423,"minecraft:feather":16,"minecraft:cooked_beef":8,"minecraft:magma_cream":53,"minecraft:andesite":1,"minecraft:brown_wool":1,"biomesoplenty:fir_sapling":13,"biomesoplenty:fir_log":35,"minecraft:tuff":1,"minecraft:wither_skeleton_skull":9,"rats:raw_rat":14,"skilltree:gem":2,"minecraft:dirt":293,"alexscaves:galena":6,"minecraft:name_tag":1,"minecraft:bone":92,"minecraft:bow":1,"minecraft:wheat_seeds":92,"minecraft:glowstone_dust":53,"biomesoplenty:toadstool":5,"minecraft:sheep_spawn_egg":1,"minecraft:cooked_porkchop":2,"mynethersdelight:hoglin_loin":4,"minecraft:nether_brick_stairs":1,"minecraft:mossy_cobblestone":2,"minecraft:skeleton_spawn_egg":5,"minecraft:diamond":210,"minecraft:crossbow":2,"minecraft:bread":1,"minecraft:emerald":4,"alexsmobs:maggot":5,"minecraft:oak_sapling":1,"minecraft:netherrack":6,"minecraft:dark_oak_fence":4,"iceandfire:raw_silver":3,"biomesoplenty:redwood_log":45,"minecraft:charcoal":4,"minecraft:blaze_spawn_egg":1,"minecraft:coarse_dirt":2,"minecraft:crafting_table":7,"minecraft:allium":23,"iceandfire:witherbone":19,"minecraft:azure_bluet":45,"minecraft:chicken":10,"minecraft:brown_mushroom":1,"minecraft:spider_spawn_egg":1,"minecraft:magma_cube_spawn_egg":3,"minecraft:iron_axe":3,"rats:garbage_pile":27,"minecraft:echo_shard":1,"minecraft:beef":30,"minecraft:poppy":1,"minecraft:sugar_cane":7,"minecraft:chest":1,"minecraft:egg":3,"minecraft:raw_iron":346,"rats:plastic_waste":1,"minecraft:oak_door":2,"endrem:nether_eye":3,"sophisticatedbackpacks:backpack":1,"minecraft:carrot":672,"minecraft:dark_oak_planks":4,"rats:block_of_cheese":2,"biomesoplenty:redwood_planks":202,"minecraft:arrow":7,"magistuarmory:steel_ingot":26,"minecraft:hay_block":12,"alexscaves:spelunkery_table":1,"artifacts:running_shoes":2,"minecraft:gold_ingot":1,"minecraft:totem_of_undying":4,"biomesoplenty:redwood_sapling":76,"rats:rat_burger":3,"minecraft:glow_berries":1,"minecraft:mutton":49,"minecraft:white_wool":30,"create:iron_sheet":1,"minecraft:air":0,"minecraft:basalt":9,"minecraft:golden_carrot":13,"minecraft:glow_ink_sac":12,"minecraft:leather":15,"magistuarmory:armet":1,"minecraft:red_mushroom":7,"rats:cheese":55,"minecraft:filled_map":1,"iceandfire:ectoplasm":2,"rats:rat_pelt":5,"minecraft:gunpowder":19,"minecraft:cobblestone_stairs":10,"mowziesmobs:wrought_axe":1,"minecraft:cooked_mutton":5,"minecraft:podzol":1,"iceandfire:pixie_jar_empty":1,"minecraft:creeper_spawn_egg":1,"minecraft:iron_ingot":70,"minecraft:iron_sword":1,"minecraft:book":27,"minecraft:dark_oak_slab":5,"minecraft:pumpkin":12,"minecraft:sweet_berries":16,"minecraft:quartz":18,"minecraft:amethyst_shard":16,"mowziesmobs:wrought_helmet":1,"minecraft:spruce_sapling":2,"minecraft:spruce_log":74,"minecraft:spider_eye":2,"minecraft:slime_ball":41,"minecraft:iron_helmet":1,"alexscaves:azure_neodymium_pillar":4,"rats:rat_spawn_egg":1,"minecraft:black_wool":1,"simplyswords:iron_chakram":3,"minecraft:coal":395,"minecraft:ender_pearl":1}},"DataVersion":3465}