{"stats":{"minecraft:mined":{"iceandfire:silver_ore":1,"minecraft:candle":1,"farmersdelight:wild_carrots":14,"biomesoplenty:bush":79,"minecraft:allium":2,"minecraft:grass_block":51,"minecraft:spruce_leaves":1,"farmersdelight:wild_onions":1,"rats:block_of_cheese":2,"minecraft:furnace":2,"minecraft:carrots":28,"biomesoplenty:toadstool":5,"minecraft:iron_ore":3,"biomesoplenty:redwood_fence":2,"minecraft:pumpkin":7,"treechop:chopped_log":9,"minecraft:azure_bluet":1,"minecraft:bookshelf":3,"biomesoplenty:high_grass":5,"minecraft:stone":185,"minecraft:podzol":1,"biomesoplenty:redwood_planks":9,"minecraft:smoker":1,"minecraft:stone_brick_slab":2,"minecraft:crafting_table":8,"minecraft:torch":1,"minecraft:blast_furnace":1,"minecraft:poppy":1,"minecraft:chest":1,"minecraft:campfire":1,"biomesoplenty:high_grass_plant":20,"minecraft:tall_grass":1,"minecraft:cobblestone":1,"rats:garbage_pile":1,"biomesoplenty:huge_clover_petal":32,"minecraft:cauldron":1,"minecraft:wheat":2,"minecraft:spruce_log":1,"minecraft:grass":241,"biomesoplenty:clover":90,"minecraft:dirt":38,"biomesoplenty:redwood_wood":2,"minecraft:oak_leaves":5,"minecraft:fern":51},"minecraft:used":{"minecraft:iron_shovel":60,"biomesoplenty:redwood_planks":284,"minecraft:chest":11,"minecraft:spruce_planks":8,"minecraft:iron_sword":81,"minecraft:zombie_spawn_egg":2,"minecraft:stone_hoe":63,"minecraft:cooked_chicken":3,"minecraft:rotten_flesh":11,"minecraft:dirt":145,"magistuarmory:halfarmor_chestplate":1,"biomesoplenty:redwood_fence":2,"minecraft:carrot":127,"minecraft:milk_bucket":39,"biomesoplenty:redwood_log":1,"biomesoplenty:maple_sapling":11,"minecraft:dark_oak_planks":3,"minecraft:wooden_axe":26,"alexsmobs:maggot":3,"minecraft:iron_axe":233,"biomesoplenty:redwood_wood":27,"minecraft:dark_oak_slab":11,"minecraft:bow":4,"minecraft:furnace":8,"minecraft:oak_sapling":1,"minecraft:podzol":1,"minecraft:cooked_beef":14,"minecraft:wheat_seeds":5,"minecraft:cooked_mutton":7,"minecraft:water_bucket":2,"minecraft:cobblestone_stairs":12,"simplyswords:iron_rapier":252,"minecraft:stone_pickaxe":30,"biomesoplenty:redwood_sapling":2,"minecraft:wooden_pickaxe":16,"magistuarmory:knight_boots":1,"minecraft:cauldron":5,"minecraft:sheep_spawn_egg":1,"rats:block_of_cheese":1,"minecraft:white_wool":1,"minecraft:dark_oak_trapdoor":1,"minecraft:mossy_cobblestone":2,"farmersdelight:onion":17,"simplyswords:iron_chakram":128,"minecraft:crafting_table":13,"magistuarmory:knight_leggings":1,"minecraft:blast_furnace":1,"minecraft:smoker":1,"minecraft:creeper_spawn_egg":1,"minecraft:apple":3,"minecraft:iron_pickaxe":163,"rats:garbage_pile":7,"minecraft:stone_axe":3,"minecraft:cobblestone":7,"minecraft:cooked_porkchop":1,"minecraft:dark_oak_fence":3,"minecraft:bucket":6,"minecraft:bone_meal":20},"minecraft:killed_by":{"minecraft:player":1,"iceandfire:cyclops":1,"minecraft:creeper":3,"minecraft:skeleton":1,"minecraft:zombie":2,"iceandfire:ghost":3,"minecraft:cow":1},"minecraft:killed":{"alexsmobs:raccoon":5,"minecraft:spider":12,"minecraft:vindicator":1,"minecraft:slime":3,"minecraft:zombie_horse":1,"minecraft:skeleton":30,"minecraft:chicken":10,"minecraft:wolf":1,"minecraft:pig":3,"minecraft:zombie_villager":1,"minecraft:creeper":8,"minecraft:sheep":19,"minecraft:pillager":2,"minecraft:zombie":26,"iceandfire:ghost":3,"alexsmobs:fly":4,"iceandfire:pixie":2,"minecraft:enderman":1,"minecraft:cow":9},"minecraft:broken":{"minecraft:iron_axe":1,"simplyswords:iron_rapier":1},"minecraft:picked_up":{"biomesoplenty:redwood_log":12,"minecraft:wheat":3,"minecraft:charcoal":4,"minecraft:crafting_table":7,"minecraft:coarse_dirt":2,"minecraft:allium":3,"minecraft:azure_bluet":3,"minecraft:chicken":7,"minecraft:lead":1,"minecraft:spider_spawn_egg":1,"minecraft:string":13,"minecraft:dark_oak_trapdoor":1,"rats:garbage_pile":7,"minecraft:spruce_planks":16,"minecraft:beef":20,"alexsmobs:raccoon_tail":3,"biomesoplenty:redwood_wood":160,"minecraft:chest":1,"minecraft:furnace":2,"minecraft:egg":2,"minecraft:stick":31,"minecraft:raw_iron":346,"minecraft:oak_door":2,"minecraft:torch":4,"sophisticatedbackpacks:backpack":1,"minecraft:carrot":149,"minecraft:cauldron":1,"minecraft:dark_oak_planks":4,"rats:block_of_cheese":2,"minecraft:zombie_spawn_egg":2,"biomesoplenty:redwood_planks":101,"minecraft:arrow":2,"minecraft:rotten_flesh":45,"magistuarmory:steel_ingot":26,"biomesoplenty:redwood_fence":2,"farmersdelight:onion":5,"biomesoplenty:redwood_sapling":20,"minecraft:mutton":34,"minecraft:white_wool":20,"minecraft:cobblestone":211,"create:iron_sheet":1,"minecraft:feather":13,"minecraft:cooked_beef":8,"minecraft:leather":12,"rats:cheese":42,"biomesoplenty:fir_sapling":13,"biomesoplenty:fir_log":35,"iceandfire:ectoplasm":1,"minecraft:gunpowder":6,"minecraft:dirt":174,"minecraft:name_tag":1,"minecraft:podzol":1,"minecraft:bone":28,"minecraft:bow":1,"minecraft:wheat_seeds":46,"minecraft:creeper_spawn_egg":1,"minecraft:iron_ingot":70,"minecraft:book":9,"biomesoplenty:toadstool":5,"minecraft:dark_oak_slab":5,"minecraft:sheep_spawn_egg":1,"minecraft:pumpkin":6,"minecraft:spruce_sapling":2,"minecraft:spruce_log":8,"minecraft:spider_eye":2,"minecraft:mossy_cobblestone":2,"minecraft:skeleton_spawn_egg":2,"minecraft:black_wool":1,"alexsmobs:maggot":5,"minecraft:oak_sapling":1,"simplyswords:iron_chakram":3,"minecraft:dark_oak_fence":4,"minecraft:coal":117,"iceandfire:raw_silver":2},"minecraft:custom":{"lootr:looted_stat":5,"minecraft:interact_with_anvil":2,"minecraft:mob_kills":152,"minecraft:interact_with_crafting_table":112,"minecraft:open_barrel":1,"minecraft:interact_with_campfire":4,"minecraft:leave_game":5,"minecraft:time_since_death":85520,"minecraft:climb_one_cm":285,"minecraft:sprint_one_cm":599353,"minecraft:walk_one_cm":785524,"minecraft:drop":179,"minecraft:damage_dealt_absorbed":60,"minecraft:talked_to_villager":2,"minecraft:play_time":183787,"minecraft:deaths":12,"minecraft:sneak_time":2920,"minecraft:walk_under_water_one_cm":916,"minecraft:jump":5395,"minecraft:interact_with_blast_furnace":69,"minecraft:walk_on_water_one_cm":2418,"minecraft:total_world_time":183787,"minecraft:interact_with_furnace":42,"minecraft:sleep_in_bed":2,"minecraft:time_since_rest":62992,"minecraft:damage_taken":5215,"minecraft:trigger_trapped_chest":3,"minecraft:damage_dealt":24989,"minecraft:fly_one_cm":979797,"minecraft:open_chest":204,"minecraft:crouch_one_cm":15009,"minecraft:use_cauldron":43,"minecraft:interact_with_smoker":29,"minecraft:fall_one_cm":155742},"minecraft:crafted":{"minecraft:smooth_stone":3,"magistuarmory:knight_boots":2,"minecraft:cooked_chicken":7,"minecraft:furnace":7,"minecraft:blast_furnace":1,"minecraft:cobblestone_stairs":32,"minecraft:stone":3,"minecraft:bone_meal":54,"minecraft:cooked_mutton":9,"minecraft:iron_boots":1,"magistuarmory:knight_leggings":2,"minecraft:iron_axe":2,"magistuarmory:steel_ingot":91,"minecraft:stone_pickaxe":2,"simplyswords:iron_rapier":1,"minecraft:chest":10,"magistuarmory:barbute":3,"minecraft:dark_oak_planks":20,"minecraft:stone_hoe":1,"magistuarmory:steel_plate":64,"minecraft:cooked_beef":22,"minecraft:cauldron":4,"minecraft:cooked_porkchop":1,"minecraft:crafting_table":7,"minecraft:spruce_planks":32,"biomesoplenty:redwood_planks":520,"minecraft:wooden_pickaxe":3,"minecraft:iron_helmet":2,"minecraft:iron_sword":2,"magistuarmory:knight_chestplate":3,"minecraft:bucket":4,"minecraft:stone_axe":1,"minecraft:air":0,"magistuarmory:halfarmor_chestplate":4,"biomesoplenty:fir_planks":52,"rats:cheese":84,"minecraft:iron_chestplate":2,"minecraft:stick":24,"minecraft:iron_ingot":154,"minecraft:iron_pickaxe":2,"minecraft:wooden_axe":2,"minecraft:iron_shovel":1,"minecraft:iron_leggings":1,"magistuarmory:armet":3},"minecraft:dropped":{"rats:cheese":110,"iceandfire:raw_silver":1,"minecraft:wheat_seeds":19,"magistuarmory:knight_boots":1,"minecraft:golden_helmet":1,"minecraft:cooked_beef":9,"simplyswords:iron_chakram":2,"minecraft:dark_oak_slab":1,"minecraft:apple":1,"magistuarmory:armet":1,"rats:block_of_cheese":1,"minecraft:wooden_axe":1,"magistuarmory:steel_ingot":2,"farmersdelight:onion":1,"create:iron_sheet":1,"minecraft:string":3,"minecraft:bone":1,"alexsmobs:maggot":2,"magistuarmory:knight_leggings":1,"minecraft:cooked_chicken":2,"minecraft:raw_iron":64,"minecraft:rotten_flesh":10,"biomesoplenty:redwood_planks":14,"minecraft:cooked_mutton":2,"minecraft:carrot":1,"magistuarmory:knight_chestplate":2,"minecraft:allium":3,"minecraft:spruce_planks":15,"minecraft:iron_chestplate":1,"minecraft:ladder":1,"minecraft:spider_eye":1,"minecraft:wooden_pickaxe":2}},"DataVersion":3465}