{"stats":{"minecraft:mined":{"iceandfire:silver_ore":1,"minecraft:candle":1,"minecraft:cobblestone_stairs":7,"farmersdelight:wild_carrots":14,"biomesoplenty:bush":79,"minecraft:allium":2,"minecraft:grass_block":52,"minecraft:spruce_leaves":1,"farmersdelight:wild_onions":1,"rats:block_of_cheese":2,"minecraft:furnace":2,"minecraft:carrots":28,"biomesoplenty:toadstool":5,"minecraft:iron_ore":3,"biomesoplenty:redwood_fence":2,"minecraft:pumpkin":7,"treechop:chopped_log":10,"minecraft:azure_bluet":1,"minecraft:bookshelf":3,"biomesoplenty:high_grass":5,"minecraft:stone":265,"minecraft:podzol":1,"biomesoplenty:redwood_planks":13,"minecraft:smoker":1,"minecraft:stone_brick_slab":2,"minecraft:crafting_table":8,"minecraft:torch":1,"minecraft:blast_furnace":1,"minecraft:poppy":1,"minecraft:chest":1,"minecraft:campfire":1,"biomesoplenty:high_grass_plant":20,"minecraft:tall_grass":1,"minecraft:cobblestone":1,"rats:garbage_pile":1,"biomesoplenty:huge_clover_petal":32,"minecraft:wall_torch":1,"minecraft:cauldron":1,"minecraft:wheat":2,"minecraft:spruce_log":1,"minecraft:grass":241,"biomesoplenty:clover":91,"minecraft:dirt":38,"biomesoplenty:redwood_wood":2,"minecraft:oak_leaves":5,"minecraft:fern":51},"minecraft:used":{"minecraft:iron_shovel":60,"biomesoplenty:redwood_planks":401,"minecraft:chest":11,"minecraft:spruce_planks":8,"minecraft:iron_sword":126,"minecraft:zombie_spawn_egg":2,"minecraft:stone_hoe":63,"minecraft:cooked_chicken":3,"minecraft:rotten_flesh":11,"minecraft:dirt":147,"magistuarmory:halfarmor_chestplate":1,"biomesoplenty:redwood_fence":2,"minecraft:carrot":127,"minecraft:milk_bucket":56,"biomesoplenty:redwood_log":1,"biomesoplenty:maple_sapling":11,"minecraft:wooden_axe":26,"minecraft:dark_oak_planks":3,"alexsmobs:maggot":3,"minecraft:iron_axe":262,"biomesoplenty:redwood_wood":27,"minecraft:dark_oak_slab":11,"minecraft:bow":4,"minecraft:furnace":8,"minecraft:oak_sapling":1,"minecraft:podzol":1,"minecraft:cooked_beef":17,"minecraft:wheat_seeds":5,"minecraft:cooked_mutton":7,"minecraft:water_bucket":2,"minecraft:cobblestone_stairs":12,"simplyswords:iron_rapier":252,"minecraft:stone_pickaxe":30,"biomesoplenty:redwood_sapling":2,"minecraft:wooden_pickaxe":16,"magistuarmory:knight_boots":1,"minecraft:cauldron":5,"minecraft:sheep_spawn_egg":1,"rats:block_of_cheese":1,"minecraft:white_wool":1,"minecraft:mossy_cobblestone":2,"minecraft:dark_oak_trapdoor":1,"farmersdelight:onion":17,"simplyswords:iron_chakram":128,"minecraft:crafting_table":13,"magistuarmory:knight_leggings":1,"minecraft:blast_furnace":1,"minecraft:smoker":1,"minecraft:creeper_spawn_egg":1,"minecraft:apple":3,"minecraft:iron_pickaxe":251,"rats:garbage_pile":7,"rats:cheese":2,"minecraft:stone_axe":3,"minecraft:cobblestone":7,"minecraft:cooked_porkchop":1,"minecraft:dark_oak_fence":3,"minecraft:bucket":6,"minecraft:bone_meal":20},"minecraft:killed_by":{"minecraft:player":1,"iceandfire:cyclops":1,"minecraft:creeper":3,"minecraft:skeleton":1,"minecraft:zombie":2,"iceandfire:ghost":3,"minecraft:cow":1},"minecraft:killed":{"alexsmobs:raccoon":5,"minecraft:vindicator":1,"minecraft:spider":18,"minecraft:slime":3,"minecraft:zombie_horse":1,"minecraft:skeleton":31,"minecraft:chicken":10,"minecraft:wolf":1,"minecraft:pig":3,"minecraft:zombie_villager":1,"minecraft:creeper":8,"minecraft:sheep":19,"minecraft:pillager":2,"minecraft:zombie":27,"iceandfire:ghost":3,"alexsmobs:fly":5,"iceandfire:pixie":2,"minecraft:enderman":1,"minecraft:cow":10},"minecraft:broken":{"minecraft:iron_axe":1,"simplyswords:iron_rapier":1},"minecraft:picked_up":{"biomesoplenty:redwood_log":12,"minecraft:wheat":3,"minecraft:charcoal":4,"minecraft:crafting_table":7,"minecraft:coarse_dirt":2,"minecraft:allium":3,"minecraft:azure_bluet":3,"minecraft:chicken":7,"minecraft:lead":1,"minecraft:spider_spawn_egg":1,"minecraft:string":16,"minecraft:dark_oak_trapdoor":1,"rats:garbage_pile":7,"minecraft:spruce_planks":16,"minecraft:beef":21,"alexsmobs:raccoon_tail":3,"biomesoplenty:redwood_wood":250,"minecraft:chest":1,"minecraft:furnace":2,"minecraft:egg":2,"minecraft:stick":32,"minecraft:raw_iron":346,"rats:plastic_waste":1,"minecraft:oak_door":2,"rats:rat_skull":1,"minecraft:torch":5,"sophisticatedbackpacks:backpack":1,"minecraft:porkchop":3,"minecraft:carrot":150,"minecraft:cauldron":1,"minecraft:dark_oak_planks":4,"rats:block_of_cheese":2,"minecraft:zombie_spawn_egg":2,"biomesoplenty:redwood_planks":110,"minecraft:arrow":2,"minecraft:rotten_flesh":48,"magistuarmory:steel_ingot":26,"biomesoplenty:redwood_fence":2,"farmersdelight:onion":5,"biomesoplenty:redwood_sapling":37,"rats:rat_nugget":1,"minecraft:mutton":34,"minecraft:white_wool":20,"minecraft:cobblestone":303,"create:iron_sheet":1,"minecraft:feather":13,"minecraft:cooked_beef":8,"minecraft:leather":12,"rats:cheese":47,"biomesoplenty:fir_sapling":13,"biomesoplenty:fir_log":35,"rats:rat_pelt":2,"iceandfire:ectoplasm":1,"minecraft:cobblestone_stairs":7,"minecraft:gunpowder":6,"rats:raw_rat":8,"minecraft:dirt":206,"minecraft:name_tag":1,"minecraft:podzol":1,"minecraft:bone":30,"minecraft:bow":1,"minecraft:wheat_seeds":46,"minecraft:creeper_spawn_egg":1,"minecraft:iron_ingot":70,"minecraft:book":9,"biomesoplenty:toadstool":5,"minecraft:dark_oak_slab":5,"minecraft:sheep_spawn_egg":1,"minecraft:pumpkin":6,"minecraft:spruce_sapling":2,"minecraft:spruce_log":8,"minecraft:spider_eye":2,"minecraft:mossy_cobblestone":2,"minecraft:skeleton_spawn_egg":2,"alexsmobs:maggot":5,"minecraft:black_wool":1,"simplyswords:iron_chakram":3,"minecraft:dark_oak_fence":4,"minecraft:oak_sapling":1,"minecraft:coal":117,"iceandfire:raw_silver":2},"minecraft:custom":{"lootr:looted_stat":5,"minecraft:interact_with_anvil":2,"minecraft:mob_kills":168,"minecraft:interact_with_crafting_table":112,"minecraft:open_barrel":1,"minecraft:interact_with_campfire":4,"minecraft:leave_game":5,"minecraft:time_since_death":99444,"minecraft:climb_one_cm":285,"minecraft:sprint_one_cm":645976,"minecraft:walk_one_cm":854003,"minecraft:drop":204,"minecraft:damage_dealt_absorbed":60,"minecraft:talked_to_villager":2,"minecraft:play_time":197711,"minecraft:deaths":12,"minecraft:sneak_time":3062,"minecraft:walk_under_water_one_cm":916,"minecraft:jump":5696,"minecraft:interact_with_blast_furnace":69,"minecraft:walk_on_water_one_cm":2418,"minecraft:total_world_time":197711,"minecraft:interact_with_furnace":42,"minecraft:sleep_in_bed":3,"minecraft:time_since_rest":2507,"minecraft:damage_taken":5678,"minecraft:trigger_trapped_chest":3,"minecraft:damage_dealt":26840,"minecraft:fly_one_cm":1013138,"minecraft:open_chest":208,"minecraft:crouch_one_cm":15525,"minecraft:interact_with_smoker":29,"minecraft:use_cauldron":60,"minecraft:fall_one_cm":165163},"minecraft:crafted":{"minecraft:smooth_stone":3,"minecraft:cooked_chicken":7,"magistuarmory:knight_boots":2,"minecraft:furnace":7,"minecraft:blast_furnace":1,"minecraft:stone":3,"minecraft:cobblestone_stairs":32,"minecraft:bone_meal":54,"minecraft:cooked_mutton":9,"minecraft:iron_boots":1,"magistuarmory:knight_leggings":2,"minecraft:iron_axe":2,"magistuarmory:steel_ingot":91,"minecraft:stone_pickaxe":2,"simplyswords:iron_rapier":1,"minecraft:chest":10,"magistuarmory:barbute":3,"minecraft:dark_oak_planks":20,"minecraft:stone_hoe":1,"magistuarmory:steel_plate":64,"minecraft:cooked_beef":22,"minecraft:cauldron":4,"minecraft:cooked_porkchop":1,"minecraft:crafting_table":7,"minecraft:spruce_planks":32,"biomesoplenty:redwood_planks":624,"minecraft:wooden_pickaxe":3,"minecraft:iron_helmet":2,"minecraft:iron_sword":2,"magistuarmory:knight_chestplate":3,"minecraft:bucket":4,"minecraft:stone_axe":1,"minecraft:air":0,"magistuarmory:halfarmor_chestplate":4,"biomesoplenty:fir_planks":52,"rats:cheese":196,"minecraft:iron_chestplate":2,"minecraft:stick":24,"minecraft:iron_ingot":154,"minecraft:iron_pickaxe":2,"minecraft:wooden_axe":2,"minecraft:iron_shovel":1,"minecraft:iron_leggings":1,"magistuarmory:armet":3},"minecraft:dropped":{"rats:cheese":135,"iceandfire:raw_silver":1,"minecraft:wheat_seeds":19,"magistuarmory:knight_boots":1,"minecraft:golden_helmet":1,"minecraft:cooked_beef":9,"simplyswords:iron_chakram":2,"minecraft:dark_oak_slab":1,"minecraft:apple":1,"magistuarmory:armet":1,"rats:block_of_cheese":1,"minecraft:wooden_axe":1,"magistuarmory:steel_ingot":2,"farmersdelight:onion":1,"create:iron_sheet":1,"minecraft:string":3,"minecraft:bone":1,"alexsmobs:maggot":2,"magistuarmory:knight_leggings":1,"minecraft:cooked_chicken":2,"minecraft:raw_iron":64,"minecraft:rotten_flesh":10,"biomesoplenty:redwood_planks":14,"minecraft:cooked_mutton":2,"minecraft:carrot":1,"magistuarmory:knight_chestplate":2,"minecraft:allium":3,"minecraft:spruce_planks":15,"minecraft:iron_chestplate":1,"minecraft:ladder":1,"minecraft:spider_eye":1,"minecraft:wooden_pickaxe":2}},"DataVersion":3465}