{"stats":{"minecraft:crafted":{"biomesoplenty:fir_planks":40,"minecraft:crafting_table":3,"minecraft:wooden_pickaxe":2,"minecraft:stone_pickaxe":1,"minecraft:wooden_axe":1,"minecraft:stone_axe":1},"minecraft:custom":{"minecraft:time_since_rest":2261,"minecraft:sprint_one_cm":50472,"minecraft:damage_taken":1075,"minecraft:walk_one_cm":58232,"minecraft:mob_kills":1,"minecraft:drop":1,"minecraft:damage_dealt":214,"minecraft:interact_with_crafting_table":5,"minecraft:fly_one_cm":104176,"minecraft:crouch_one_cm":1490,"minecraft:play_time":10220,"minecraft:deaths":4,"minecraft:sneak_time":354,"minecraft:jump":315,"minecraft:leave_game":1,"minecraft:time_since_death":2205,"minecraft:total_world_time":10220,"minecraft:fall_one_cm":15178},"minecraft:killed_by":{"iceandfire:ghost":3,"minecraft:cow":1},"minecraft:mined":{"biomesoplenty:toadstool":5,"treechop:chopped_log":3,"minecraft:crafting_table":1,"minecraft:grass":87,"minecraft:grass_block":4,"minecraft:poppy":1,"minecraft:dirt":4,"minecraft:stone":11,"minecraft:fern":39},"minecraft:dropped":{"minecraft:wooden_pickaxe":1},"minecraft:picked_up":{"biomesoplenty:toadstool":5,"minecraft:stick":14,"biomesoplenty:fir_sapling":13,"biomesoplenty:fir_log":35,"minecraft:dirt":7,"minecraft:rotten_flesh":3,"minecraft:wheat_seeds":3,"minecraft:cobblestone":10,"minecraft:egg":1},"minecraft:used":{"minecraft:wooden_axe":3,"minecraft:wooden_pickaxe":14,"minecraft:stone_axe":3,"minecraft:dirt":4,"minecraft:crafting_table":3},"minecraft:killed":{"minecraft:cow":1}},"DataVersion":3465}