{"stats":{"minecraft:used":{"minecraft:iron_shovel":60,"biomesoplenty:redwood_planks":1732,"minecraft:chest":11,"minecraft:spruce_planks":8,"minecraft:iron_sword":403,"minecraft:zombie_spawn_egg":2,"minecraft:stone_hoe":623,"minecraft:cooked_chicken":3,"minecraft:rotten_flesh":14,"minecraft:torch":189,"minecraft:dirt":147,"magistuarmory:halfarmor_chestplate":1,"biomesoplenty:redwood_fence":2,"minecraft:carrot":334,"minecraft:milk_bucket":56,"biomesoplenty:redwood_log":1,"biomesoplenty:maple_sapling":11,"minecraft:wooden_axe":26,"minecraft:dark_oak_planks":3,"alexsmobs:maggot":3,"rats:rat_spawn_egg":1,"minecraft:iron_axe":400,"biomesoplenty:redwood_wood":27,"minecraft:dark_oak_slab":11,"rats:rat_burger":1,"minecraft:bow":4,"minecraft:furnace":8,"minecraft:oak_sapling":1,"minecraft:podzol":1,"minecraft:egg":1,"minecraft:cooked_beef":18,"minecraft:wheat_seeds":37,"minecraft:cooked_mutton":7,"minecraft:water_bucket":12,"minecraft:cobblestone_stairs":26,"simplyswords:iron_rapier":252,"minecraft:stone_pickaxe":30,"biomesoplenty:redwood_sapling":22,"minecraft:wooden_pickaxe":16,"magistuarmory:knight_boots":1,"minecraft:cauldron":5,"minecraft:sugar_cane":3,"minecraft:sheep_spawn_egg":1,"rats:block_of_cheese":1,"minecraft:white_wool":1,"minecraft:mossy_cobblestone":2,"minecraft:dark_oak_trapdoor":1,"farmersdelight:onion":65,"simplyswords:iron_chakram":128,"minecraft:crafting_table":13,"magistuarmory:knight_leggings":1,"minecraft:blast_furnace":1,"minecraft:smoker":1,"magistuarmory:armet":11,"minecraft:creeper_spawn_egg":1,"minecraft:apple":3,"minecraft:iron_pickaxe":304,"rats:garbage_pile":15,"minecraft:golden_helmet":1,"rats:cheese":39,"minecraft:stone_axe":3,"minecraft:cobblestone":7,"minecraft:cooked_porkchop":1,"minecraft:dark_oak_fence":3,"minecraft:bucket":16,"minecraft:bone_meal":20},"minecraft:mined":{"farmersdelight:onions":12,"minecraft:farmland":1,"iceandfire:silver_ore":1,"minecraft:candle":1,"minecraft:cobblestone_stairs":9,"farmersdelight:wild_carrots":14,"alexscaves:azure_neodymium_pillar":8,"biomesoplenty:bush":79,"minecraft:allium":3,"minecraft:grass_block":62,"minecraft:soul_soil":1,"minecraft:spruce_leaves":2,"alexscaves:galena":5,"minecraft:tall_seagrass":1,"farmersdelight:wild_onions":11,"rats:block_of_cheese":2,"minecraft:furnace":2,"minecraft:carrots":86,"biomesoplenty:toadstool":5,"minecraft:iron_ore":3,"biomesoplenty:redwood_fence":2,"minecraft:pumpkin":11,"treechop:chopped_log":12,"minecraft:azure_bluet":37,"minecraft:vine":1,"minecraft:bookshelf":3,"biomesoplenty:high_grass":5,"minecraft:pink_tulip":1,"biomesoplenty:spider_egg":1,"minecraft:stone":299,"minecraft:podzol":1,"minecraft:brown_mushroom":1,"biomesoplenty:redwood_planks":77,"minecraft:smoker":1,"minecraft:dandelion":1,"minecraft:cornflower":1,"minecraft:stone_brick_slab":2,"minecraft:crafting_table":8,"minecraft:torch":12,"minecraft:blast_furnace":1,"minecraft:poppy":4,"minecraft:rose_bush":8,"minecraft:chest":1,"alexscaves:energized_galena_scarlet":1,"minecraft:campfire":1,"biomesoplenty:high_grass_plant":20,"minecraft:tall_grass":1,"minecraft:cobblestone":2,"rats:garbage_pile":1,"biomesoplenty:sprout":13,"biomesoplenty:huge_clover_petal":129,"rats:rat_hole":1,"minecraft:sugar_cane":2,"minecraft:wall_torch":1,"minecraft:cauldron":1,"biomesoplenty:redwood_slab":1,"minecraft:wheat":16,"minecraft:spruce_log":1,"minecraft:grass":319,"biomesoplenty:clover":210,"minecraft:dirt":39,"biomesoplenty:redwood_wood":3,"minecraft:oak_leaves":5,"minecraft:fern":51},"minecraft:killed_by":{"minecraft:player":1,"iceandfire:cyclops":1,"minecraft:creeper":3,"minecraft:enderman":2,"minecraft:skeleton":1,"minecraft:zombie":3,"iceandfire:ghost":3,"minecraft:cow":1},"minecraft:killed":{"minecraft:cave_spider":1,"minecraft:witch":1,"alexsmobs:raccoon":5,"minecraft:vindicator":1,"minecraft:spider":25,"minecraft:slime":3,"minecraft:zombie_horse":3,"minecraft:skeleton":37,"minecraft:chicken":11,"minecraft:drowned":1,"minecraft:wolf":2,"minecraft:pig":4,"minecraft:zombie_villager":1,"minecraft:creeper":16,"rats:rat":1,"minecraft:sheep":24,"minecraft:pillager":2,"minecraft:zombie":38,"iceandfire:ghost":7,"alexsmobs:fly":5,"iceandfire:pixie":2,"rats:tamed_rat":1,"minecraft:enderman":2,"minecraft:cow":13},"minecraft:broken":{"minecraft:stone_hoe":2,"minecraft:iron_axe":2,"minecraft:iron_pickaxe":1,"simplyswords:iron_rapier":1},"minecraft:picked_up":{"biomesoplenty:redwood_log":45,"minecraft:wheat":13,"minecraft:charcoal":4,"minecraft:crafting_table":7,"minecraft:coarse_dirt":2,"minecraft:allium":23,"minecraft:azure_bluet":38,"minecraft:chicken":7,"minecraft:brown_mushroom":1,"minecraft:lead":1,"rats:rat_paw":2,"minecraft:spider_spawn_egg":1,"minecraft:soul_soil":1,"minecraft:iron_axe":3,"minecraft:string":21,"minecraft:dark_oak_trapdoor":1,"rats:garbage_pile":18,"biomesoplenty:redwood_slab":1,"minecraft:spruce_planks":16,"minecraft:beef":26,"minecraft:rose_bush":4,"minecraft:poppy":1,"alexsmobs:raccoon_tail":3,"biomesoplenty:redwood_wood":420,"minecraft:sugar_cane":3,"minecraft:chest":1,"minecraft:furnace":2,"minecraft:egg":3,"minecraft:golden_helmet":1,"minecraft:stick":56,"minecraft:raw_iron":346,"rats:plastic_waste":1,"minecraft:oak_door":2,"rats:rat_skull":1,"minecraft:torch":16,"alexscaves:raw_azure_neodymium":2,"sophisticatedbackpacks:backpack":1,"minecraft:porkchop":12,"minecraft:carrot":299,"minecraft:cauldron":1,"minecraft:dark_oak_planks":4,"rats:block_of_cheese":2,"minecraft:zombie_spawn_egg":4,"biomesoplenty:redwood_planks":175,"minecraft:stone_sword":1,"minecraft:arrow":5,"minecraft:rotten_flesh":60,"magistuarmory:steel_ingot":26,"biomesoplenty:redwood_fence":2,"farmersdelight:onion":54,"rats:rat_burger":3,"biomesoplenty:redwood_sapling":72,"rats:rat_nugget":1,"minecraft:mutton":42,"minecraft:white_wool":24,"minecraft:cobblestone":338,"create:iron_sheet":1,"minecraft:air":0,"minecraft:feather":13,"minecraft:cooked_beef":8,"minecraft:leather":15,"magistuarmory:armet":1,"rats:cheese":55,"biomesoplenty:fir_sapling":13,"biomesoplenty:fir_log":35,"rats:rat_pelt":5,"iceandfire:ectoplasm":2,"minecraft:cobblestone_stairs":10,"minecraft:gunpowder":10,"rats:raw_rat":14,"minecraft:dirt":218,"alexscaves:galena":6,"minecraft:name_tag":1,"minecraft:podzol":1,"minecraft:bone":39,"iceandfire:pixie_jar_empty":1,"minecraft:bow":1,"minecraft:wheat_seeds":85,"minecraft:creeper_spawn_egg":1,"minecraft:iron_ingot":70,"minecraft:glowstone_dust":2,"minecraft:iron_sword":1,"minecraft:book":9,"biomesoplenty:toadstool":5,"minecraft:dark_oak_slab":5,"minecraft:sheep_spawn_egg":1,"minecraft:pumpkin":7,"minecraft:spruce_sapling":2,"minecraft:spruce_log":8,"minecraft:spider_eye":2,"minecraft:mossy_cobblestone":2,"minecraft:skeleton_spawn_egg":4,"alexscaves:azure_neodymium_pillar":4,"rats:rat_spawn_egg":1,"alexsmobs:maggot":5,"minecraft:black_wool":1,"simplyswords:iron_chakram":3,"minecraft:dark_oak_fence":4,"minecraft:oak_sapling":1,"minecraft:coal":117,"iceandfire:raw_silver":2,"minecraft:ender_pearl":1},"minecraft:custom":{"lootr:looted_stat":5,"minecraft:interact_with_anvil":2,"minecraft:mob_kills":231,"minecraft:interact_with_crafting_table":122,"minecraft:open_barrel":1,"minecraft:interact_with_campfire":4,"minecraft:bell_ring":1,"minecraft:leave_game":5,"minecraft:time_since_death":15254,"minecraft:climb_one_cm":285,"minecraft:sprint_one_cm":879818,"minecraft:walk_one_cm":1142500,"minecraft:drop":227,"minecraft:damage_dealt_absorbed":60,"minecraft:talked_to_villager":4,"minecraft:play_time":254039,"minecraft:deaths":15,"minecraft:sneak_time":4525,"minecraft:walk_under_water_one_cm":38105,"minecraft:jump":7894,"minecraft:interact_with_blast_furnace":69,"minecraft:walk_on_water_one_cm":23604,"minecraft:total_world_time":254039,"minecraft:interact_with_furnace":47,"minecraft:sleep_in_bed":3,"minecraft:time_since_rest":15267,"minecraft:damage_taken":7836,"minecraft:damage_absorbed":166,"minecraft:trigger_trapped_chest":4,"minecraft:damage_dealt":37346,"minecraft:swim_one_cm":23458,"minecraft:fly_one_cm":1402888,"minecraft:open_chest":267,"minecraft:crouch_one_cm":23054,"minecraft:interact_with_smoker":32,"minecraft:use_cauldron":60,"minecraft:fall_one_cm":233164},"minecraft:crafted":{"minecraft:smooth_stone":3,"minecraft:cooked_chicken":7,"magistuarmory:knight_boots":2,"minecraft:furnace":7,"minecraft:blast_furnace":1,"minecraft:stone":3,"minecraft:cobblestone_stairs":32,"minecraft:bone_meal":54,"minecraft:cooked_mutton":9,"minecraft:iron_boots":1,"magistuarmory:knight_leggings":2,"minecraft:iron_axe":3,"magistuarmory:steel_ingot":91,"minecraft:stone_pickaxe":2,"simplyswords:iron_rapier":1,"minecraft:chest":10,"magistuarmory:barbute":3,"minecraft:dark_oak_planks":20,"minecraft:stone_hoe":7,"magistuarmory:steel_plate":64,"minecraft:cooked_beef":22,"minecraft:cauldron":4,"minecraft:cooked_porkchop":1,"minecraft:crafting_table":7,"minecraft:spruce_planks":32,"biomesoplenty:redwood_planks":1928,"minecraft:wooden_pickaxe":3,"minecraft:iron_helmet":2,"minecraft:iron_sword":3,"magistuarmory:knight_chestplate":3,"minecraft:bucket":6,"minecraft:stone_axe":1,"minecraft:air":0,"magistuarmory:halfarmor_chestplate":4,"biomesoplenty:fir_planks":52,"rats:cheese":196,"minecraft:iron_chestplate":2,"minecraft:stick":156,"minecraft:iron_ingot":248,"minecraft:iron_pickaxe":4,"minecraft:wooden_axe":2,"minecraft:iron_shovel":1,"minecraft:iron_leggings":1,"magistuarmory:armet":3,"minecraft:torch":256},"minecraft:dropped":{"rats:rat_paw":1,"rats:cheese":189,"iceandfire:raw_silver":1,"minecraft:wheat_seeds":19,"magistuarmory:knight_boots":1,"minecraft:golden_helmet":1,"minecraft:cooked_beef":9,"simplyswords:iron_chakram":2,"minecraft:dark_oak_slab":1,"minecraft:apple":1,"magistuarmory:armet":1,"rats:block_of_cheese":1,"minecraft:wooden_axe":1,"magistuarmory:steel_ingot":2,"farmersdelight:onion":1,"create:iron_sheet":1,"minecraft:string":3,"minecraft:bone":1,"alexsmobs:maggot":2,"magistuarmory:knight_leggings":1,"minecraft:cooked_chicken":2,"minecraft:wheat":5,"minecraft:raw_iron":64,"minecraft:rotten_flesh":10,"biomesoplenty:redwood_planks":14,"minecraft:cooked_mutton":2,"minecraft:carrot":1,"magistuarmory:knight_chestplate":2,"minecraft:allium":3,"minecraft:spruce_planks":15,"minecraft:iron_chestplate":1,"minecraft:ladder":1,"minecraft:spider_eye":1,"minecraft:wooden_pickaxe":2}},"DataVersion":3465}