{"stats":{"minecraft:picked_up":{"minecraft:red_tulip":2,"minecraft:dirt":2},"minecraft:custom":{"minecraft:jump":4,"minecraft:time_since_rest":1308,"minecraft:leave_game":2,"minecraft:sprint_one_cm":346,"minecraft:play_time":1308,"minecraft:time_since_death":1308,"minecraft:walk_one_cm":2276,"minecraft:sneak_time":13,"minecraft:total_world_time":1308,"minecraft:fall_one_cm":209,"minecraft:fly_one_cm":659},"minecraft:mined":{"minecraft:grass_block":1,"minecraft:red_tulip":2,"minecraft:dirt":1},"minecraft:used":{"minecraft:dirt":2,"minecraft:red_tulip":2}},"DataVersion":3465}