{"stats":{"minecraft:picked_up":{"minecraft:red_tulip":2,"minecraft:dirt":2},"minecraft:mined":{"minecraft:red_tulip":2,"minecraft:grass_block":1,"minecraft:dirt":1},"minecraft:custom":{"minecraft:jump":4,"minecraft:time_since_rest":534,"minecraft:leave_game":1,"minecraft:sprint_one_cm":346,"minecraft:play_time":534,"minecraft:time_since_death":534,"minecraft:walk_one_cm":2276,"minecraft:total_world_time":534,"minecraft:fall_one_cm":209,"minecraft:fly_one_cm":659},"minecraft:used":{"minecraft:dirt":2,"minecraft:red_tulip":2}},"DataVersion":3465}