{"stats":{"minecraft:crafted":{"minecraft:oak_door":3,"minecraft:oak_planks":36,"minecraft:cobblestone_slab":6,"minecraft:crafting_table":4,"minecraft:spruce_planks":36,"minecraft:wooden_pickaxe":3,"minecraft:furnace":1,"minecraft:stone_axe":4,"minecraft:air":0,"biomesoplenty:fir_planks":36,"minecraft:iron_boots":1,"minecraft:shield":2,"minecraft:stick":32,"minecraft:iron_ingot":18,"minecraft:stone_pickaxe":7,"minecraft:stone_sword":1,"minecraft:chest":2,"minecraft:torch":32},"minecraft:broken":{"minecraft:stone_pickaxe":2},"minecraft:custom":{"minecraft:interact_with_furnace":6,"minecraft:mob_kills":4,"minecraft:interact_with_crafting_table":67,"minecraft:leave_game":6,"minecraft:time_since_death":30094,"minecraft:time_since_rest":30490,"minecraft:sprint_one_cm":33148,"minecraft:damage_taken":1719,"minecraft:walk_one_cm":232805,"minecraft:damage_blocked_by_shield":430,"minecraft:trigger_trapped_chest":1,"minecraft:drop":14,"minecraft:damage_dealt":594,"minecraft:fly_one_cm":87833,"minecraft:open_chest":3,"minecraft:crouch_one_cm":5347,"minecraft:play_time":52127,"minecraft:deaths":5,"minecraft:sneak_time":2596,"minecraft:jump":680,"minecraft:total_world_time":52127,"minecraft:fall_one_cm":13739},"minecraft:killed_by":{"minecraft:creeper":2,"iceandfire:ghost":3},"minecraft:mined":{"minecraft:crafting_table":2,"minecraft:grass_block":7,"minecraft:cobblestone":1,"minecraft:spruce_leaves":2,"minecraft:wall_torch":3,"minecraft:coarse_dirt":3,"minecraft:iron_ore":24,"biomesoplenty:maple_leaves":4,"treechop:chopped_log":5,"biomesoplenty:fir_log":9,"minecraft:grass":9,"minecraft:oak_log":9,"minecraft:coal_ore":113,"biomesoplenty:fir_leaves":9,"minecraft:cobblestone_slab":1,"minecraft:dirt":21,"minecraft:stone":409,"minecraft:oak_leaves":7,"minecraft:fern":3},"minecraft:picked_up":{"minecraft:coarse_dirt":3,"minecraft:crafting_table":2,"minecraft:leather":1,"biomesoplenty:fir_sapling":7,"biomesoplenty:fir_log":15,"minecraft:oak_log":9,"minecraft:string":2,"skilltree:gem":20,"minecraft:dirt":116,"minecraft:bone":2,"minecraft:apple":1,"minecraft:wheat_seeds":3,"minecraft:beef":2,"minecraft:cobblestone_slab":1,"minecraft:chest":2,"minecraft:oak_planks":3,"minecraft:stick":18,"minecraft:raw_iron":30,"minecraft:oak_door":4,"minecraft:torch":9,"minecraft:spruce_sapling":11,"minecraft:spruce_log":102,"minecraft:spider_eye":1,"biomesoplenty:maple_sapling":4,"minecraft:rotten_flesh":2,"minecraft:oak_sapling":3,"minecraft:coal":113,"minecraft:cobblestone":409},"minecraft:dropped":{"minecraft:oak_door":1,"minecraft:wheat_seeds":1,"minecraft:raw_iron":6,"minecraft:cobblestone":2,"minecraft:oak_planks":3,"minecraft:torch":1,"minecraft:chest":2,"minecraft:oak_sapling":3,"minecraft:spruce_log":62},"minecraft:used":{"minecraft:stone_sword":5,"minecraft:stone_pickaxe":494,"minecraft:chest":2,"minecraft:wooden_pickaxe":65,"minecraft:shield":14,"minecraft:cobblestone_slab":1,"minecraft:oak_door":6,"minecraft:torch":22,"minecraft:dirt":29,"minecraft:crafting_table":6,"minecraft:apple":1,"minecraft:stone_axe":44,"minecraft:cobblestone":82,"minecraft:furnace":1},"minecraft:killed":{"minecraft:skeleton":1,"minecraft:zombie":1,"minecraft:cow":1}},"DataVersion":3465}