{"stats":{"minecraft:broken":{"minecraft:wooden_axe":1},"minecraft:crafted":{"biomesoplenty:fir_planks":112,"minecraft:wooden_sword":2,"minecraft:wooden_shovel":1,"minecraft:crafting_table":2,"minecraft:stick":4,"minecraft:wooden_axe":2},"minecraft:custom":{"minecraft:time_since_rest":3702,"lootr:looted_stat":3,"minecraft:sprint_one_cm":77261,"minecraft:damage_taken":3075,"minecraft:walk_one_cm":85887,"minecraft:trigger_trapped_chest":2,"minecraft:mob_kills":24,"minecraft:drop":4,"minecraft:damage_dealt":3989,"minecraft:interact_with_crafting_table":7,"minecraft:fly_one_cm":142549,"minecraft:crouch_one_cm":7580,"minecraft:play_time":33976,"minecraft:deaths":11,"minecraft:sneak_time":2365,"minecraft:walk_under_water_one_cm":13,"minecraft:jump":554,"minecraft:leave_game":2,"minecraft:time_since_death":3673,"minecraft:walk_on_water_one_cm":913,"minecraft:total_world_time":33976,"minecraft:fall_one_cm":34908},"minecraft:mined":{"treechop:chopped_log":2,"biomesoplenty:fir_log":20,"minecraft:crafting_table":5,"minecraft:grass":5,"minecraft:grass_block":10,"biomesoplenty:fir_planks":2,"minecraft:vine":1,"biomesoplenty:fir_leaves":24,"minecraft:dirt":28},"minecraft:killed_by":{"minecraft:pig":1,"iceandfire:ghost":3,"minecraft:wolf":1,"minecraft:cow":1,"minecraft:spider":1,"minecraft:zombie":4},"minecraft:dropped":{"minecraft:rotten_flesh":1,"biomesoplenty:fir_sapling":3},"minecraft:picked_up":{"minecraft:stick":15,"minecraft:crafting_table":5,"minecraft:leather":3,"minecraft:lead":2,"minecraft:spruce_stairs":5,"biomesoplenty:fir_sapling":29,"biomesoplenty:fir_log":56,"minecraft:porkchop":5,"minecraft:dirt":57,"minecraft:spider_eye":1,"minecraft:string":1,"minecraft:bone":2,"minecraft:rotten_flesh":2,"minecraft:cow_spawn_egg":1,"minecraft:wheat_seeds":5,"biomesoplenty:fir_planks":2,"minecraft:beef":7,"minecraft:player_head":1,"minecraft:emerald":1,"minecraft:oak_planks":2,"minecraft:egg":1},"minecraft:used":{"minecraft:wooden_axe":79,"minecraft:cow_spawn_egg":1,"biomesoplenty:fir_sapling":4,"biomesoplenty:fir_planks":9,"minecraft:wooden_shovel":25,"minecraft:player_head":1,"minecraft:wooden_sword":28,"minecraft:beef":1,"minecraft:crafting_table":5,"minecraft:porkchop":4,"minecraft:chainmail_chestplate":3,"minecraft:skeleton_skull":1,"minecraft:egg":1},"minecraft:killed":{"minecraft:trader_llama":2,"minecraft:zombie":4,"minecraft:pig":2,"alexsmobs:fly":1,"alexsmobs:crow":1,"minecraft:spider":2,"minecraft:wandering_trader":1,"minecraft:creeper":1,"minecraft:cow":5}},"DataVersion":3465}