{"stats":{"minecraft:mined":{"minecraft:crafting_table":6,"biomesoplenty:bush":2,"minecraft:grass_block":11,"biomesoplenty:fir_planks":5,"iceandfire:pixie_house_oak":2,"minecraft:spruce_leaves":5,"biomesoplenty:huge_clover_petal":5,"farmersdelight:wild_tomatoes":6,"minecraft:carrots":1,"minecraft:spruce_log":3,"treechop:chopped_log":4,"minecraft:tnt":1,"biomesoplenty:fir_log":21,"minecraft:grass":9,"biomesoplenty:fir_leaves":30,"minecraft:oak_log":4,"minecraft:coal_ore":1,"minecraft:vine":1,"minecraft:dirt":28,"minecraft:stone":13,"minecraft:player_head":1,"minecraft:oak_leaves":6,"minecraft:fern":2},"minecraft:used":{"minecraft:cooked_mutton":3,"minecraft:cow_spawn_egg":1,"minecraft:stone_pickaxe":10,"minecraft:spruce_planks":4,"minecraft:wooden_pickaxe":4,"biomesoplenty:fir_planks":28,"minecraft:wooden_shovel":26,"iceandfire:pixie_house_oak":1,"minecraft:player_head":1,"minecraft:dirt":18,"simplyswords:iron_chakram":16,"minecraft:crafting_table":8,"minecraft:tnt":2,"iceandfire:pixie_dust":6,"minecraft:chainmail_chestplate":3,"magistuarmory:jousting_leggings":2,"minecraft:carrot":17,"minecraft:wooden_axe":82,"biomesoplenty:fir_sapling":4,"magistuarmory:diamond_estoc":19,"minecraft:spruce_sapling":1,"magistuarmory:jousting_boots":2,"minecraft:wooden_sword":28,"minecraft:stone_axe":23,"minecraft:bow":1,"minecraft:beef":1,"minecraft:porkchop":7,"magistuarmory:knight_chestplate":1,"magistuarmory:stechhelm":1,"minecraft:egg":1,"minecraft:skeleton_skull":1,"minecraft:experience_bottle":1},"minecraft:killed_by":{"minecraft:wolf":1,"minecraft:spider":1,"minecraft:zombie":4,"minecraft:pig":1,"iceandfire:ghost":3,"minecraft:cow":1},"minecraft:killed":{"minecraft:wolf":1,"minecraft:pig":3,"minecraft:spider":2,"minecraft:wandering_trader":1,"minecraft:zombie_horse":1,"minecraft:creeper":4,"minecraft:skeleton":1,"minecraft:trader_llama":2,"minecraft:zombie":7,"alexsmobs:fly":1,"alexsmobs:crow":1,"iceandfire:pixie":8,"minecraft:cow":6},"minecraft:broken":{"minecraft:wooden_axe":1},"minecraft:picked_up":{"minecraft:crafting_table":6,"iceandfire:pixie_house_oak":1,"minecraft:leather":3,"minecraft:lead":2,"biomesoplenty:fir_sapling":29,"biomesoplenty:fir_log":59,"minecraft:oak_log":4,"minecraft:gunpowder":4,"minecraft:dirt":96,"minecraft:string":1,"minecraft:cooked_mutton":4,"minecraft:bone":2,"minecraft:wheat_seeds":6,"minecraft:creeper_spawn_egg":1,"biomesoplenty:fir_planks":5,"minecraft:beef":9,"minecraft:player_head":2,"minecraft:oak_planks":12,"minecraft:egg":1,"iceandfire:pixie_dust":7,"minecraft:stick":18,"minecraft:spruce_stairs":5,"minecraft:porkchop":9,"farmersdelight:tomato_seeds":6,"sophisticatedbackpacks:iron_backpack":2,"minecraft:spruce_sapling":1,"minecraft:carrot":65,"minecraft:spruce_log":3,"minecraft:spider_eye":1,"minecraft:tnt":1,"minecraft:rotten_flesh":5,"artifacts:villager_hat":1,"minecraft:cow_spawn_egg":1,"artifacts:snowshoes":1,"minecraft:emerald":1,"alexsmobs:maggot":1,"minecraft:oak_sapling":2,"minecraft:coal":36,"minecraft:cobblestone":42,"minecraft:ender_pearl":1},"minecraft:custom":{"minecraft:interact_with_furnace":3,"lootr:looted_stat":3,"minecraft:mob_kills":43,"minecraft:interact_with_crafting_table":36,"minecraft:leave_game":5,"minecraft:time_since_death":14984,"minecraft:sleep_in_bed":1,"minecraft:time_since_rest":9291,"minecraft:sprint_one_cm":192893,"minecraft:damage_taken":4308,"minecraft:walk_one_cm":244492,"minecraft:trigger_trapped_chest":2,"minecraft:drop":17,"minecraft:damage_dealt":6744,"minecraft:talked_to_villager":1,"minecraft:swim_one_cm":2778,"minecraft:fly_one_cm":316143,"minecraft:open_chest":19,"minecraft:crouch_one_cm":16054,"minecraft:play_time":65208,"minecraft:sneak_time":3434,"minecraft:deaths":13,"minecraft:walk_under_water_one_cm":122,"minecraft:jump":1631,"minecraft:interact_with_blast_furnace":5,"minecraft:walk_on_water_one_cm":2618,"minecraft:interact_with_smoker":3,"minecraft:total_world_time":65208,"minecraft:fall_one_cm":61180,"minecraft:horse_one_cm":15},"minecraft:crafted":{"minecraft:wooden_sword":2,"minecraft:oak_planks":16,"minecraft:wooden_shovel":1,"magistuarmory:diamond_shortsword":1,"minecraft:crafting_table":6,"minecraft:spruce_planks":16,"minecraft:dried_kelp":29,"minecraft:wooden_pickaxe":1,"magistuarmory:knight_boots":1,"magistuarmory:diamond_estoc":1,"magistuarmory:knight_chestplate":1,"minecraft:stone_axe":1,"minecraft:air":0,"magistuarmory:jousting_boots":1,"magistuarmory:halfarmor_chestplate":1,"biomesoplenty:fir_planks":196,"magistuarmory:hilt":2,"magistuarmory:knight_leggings":1,"magistuarmory:jousting_leggings":1,"magistuarmory:steel_ingot":25,"minecraft:stick":12,"minecraft:iron_ingot":7,"minecraft:stone_pickaxe":1,"minecraft:wooden_axe":4,"magistuarmory:barbute":1,"magistuarmory:steel_plate":38,"magistuarmory:leather_strip":30,"magistuarmory:stechhelm":1},"minecraft:dropped":{"farmersdelight:tomato_seeds":6,"sophisticatedbackpacks:iron_backpack":1,"minecraft:wheat_seeds":4,"minecraft:rotten_flesh":1,"biomesoplenty:fir_sapling":3,"minecraft:wooden_axe":1,"minecraft:oak_sapling":2,"minecraft:spider_eye":1}},"DataVersion":3465}