{"stats":{"minecraft:mined":{"minecraft:crafting_table":6,"biomesoplenty:bush":2,"minecraft:grass_block":11,"biomesoplenty:fir_planks":2,"iceandfire:pixie_house_oak":2,"minecraft:spruce_leaves":5,"biomesoplenty:huge_clover_petal":5,"farmersdelight:wild_tomatoes":6,"minecraft:carrots":1,"minecraft:spruce_log":3,"treechop:chopped_log":4,"minecraft:tnt":1,"biomesoplenty:fir_log":21,"minecraft:grass":9,"biomesoplenty:fir_leaves":30,"minecraft:oak_log":4,"minecraft:coal_ore":1,"minecraft:vine":1,"minecraft:dirt":28,"minecraft:stone":13,"minecraft:player_head":1,"minecraft:oak_leaves":6,"minecraft:fern":2},"minecraft:used":{"minecraft:cooked_mutton":3,"minecraft:cow_spawn_egg":1,"minecraft:stone_pickaxe":10,"minecraft:spruce_planks":4,"minecraft:wooden_pickaxe":4,"biomesoplenty:fir_planks":19,"minecraft:wooden_shovel":26,"iceandfire:pixie_house_oak":1,"minecraft:player_head":1,"minecraft:dirt":18,"simplyswords:iron_chakram":16,"minecraft:crafting_table":7,"minecraft:tnt":2,"iceandfire:pixie_dust":6,"minecraft:chainmail_chestplate":3,"minecraft:carrot":4,"minecraft:wooden_axe":81,"biomesoplenty:fir_sapling":4,"minecraft:spruce_sapling":1,"minecraft:wooden_sword":28,"minecraft:stone_axe":23,"minecraft:bow":1,"minecraft:beef":1,"minecraft:porkchop":7,"minecraft:egg":1,"minecraft:skeleton_skull":1,"minecraft:experience_bottle":1},"minecraft:killed_by":{"minecraft:wolf":1,"minecraft:spider":1,"minecraft:zombie":4,"minecraft:pig":1,"iceandfire:ghost":3,"minecraft:cow":1},"minecraft:killed":{"minecraft:pig":2,"minecraft:spider":2,"minecraft:wandering_trader":1,"minecraft:creeper":3,"minecraft:trader_llama":2,"minecraft:zombie":5,"alexsmobs:fly":1,"alexsmobs:crow":1,"iceandfire:pixie":8,"minecraft:cow":5},"minecraft:broken":{"minecraft:wooden_axe":1},"minecraft:picked_up":{"minecraft:crafting_table":6,"iceandfire:pixie_house_oak":1,"minecraft:leather":3,"minecraft:lead":2,"biomesoplenty:fir_sapling":29,"biomesoplenty:fir_log":59,"minecraft:oak_log":4,"minecraft:gunpowder":3,"minecraft:dirt":96,"minecraft:string":1,"minecraft:cooked_mutton":4,"minecraft:bone":2,"minecraft:wheat_seeds":6,"minecraft:creeper_spawn_egg":1,"biomesoplenty:fir_planks":2,"minecraft:beef":7,"minecraft:player_head":2,"minecraft:oak_planks":12,"minecraft:egg":1,"iceandfire:pixie_dust":7,"minecraft:stick":18,"minecraft:spruce_stairs":5,"minecraft:porkchop":7,"farmersdelight:tomato_seeds":6,"sophisticatedbackpacks:iron_backpack":2,"minecraft:spruce_sapling":1,"minecraft:carrot":4,"minecraft:spruce_log":3,"minecraft:spider_eye":1,"minecraft:tnt":1,"minecraft:rotten_flesh":2,"minecraft:cow_spawn_egg":1,"minecraft:emerald":1,"alexsmobs:maggot":1,"minecraft:oak_sapling":2,"minecraft:coal":36,"minecraft:cobblestone":42,"minecraft:ender_pearl":1},"minecraft:custom":{"lootr:looted_stat":3,"minecraft:mob_kills":35,"minecraft:interact_with_crafting_table":13,"minecraft:leave_game":4,"minecraft:time_since_death":6701,"minecraft:sleep_in_bed":1,"minecraft:time_since_rest":1008,"minecraft:sprint_one_cm":177259,"minecraft:damage_taken":4043,"minecraft:walk_one_cm":223497,"minecraft:trigger_trapped_chest":2,"minecraft:drop":17,"minecraft:damage_dealt":5623,"minecraft:swim_one_cm":2778,"minecraft:fly_one_cm":291931,"minecraft:open_chest":8,"minecraft:crouch_one_cm":15679,"minecraft:play_time":56925,"minecraft:sneak_time":3336,"minecraft:deaths":13,"minecraft:walk_under_water_one_cm":122,"minecraft:jump":1437,"minecraft:walk_on_water_one_cm":1792,"minecraft:total_world_time":56925,"minecraft:fall_one_cm":55013,"minecraft:horse_one_cm":15},"minecraft:crafted":{"minecraft:wooden_sword":2,"minecraft:oak_planks":16,"minecraft:wooden_shovel":1,"minecraft:crafting_table":5,"minecraft:spruce_planks":16,"minecraft:wooden_pickaxe":1,"minecraft:stone_axe":1,"biomesoplenty:fir_planks":196,"minecraft:stick":12,"minecraft:stone_pickaxe":1,"minecraft:wooden_axe":3},"minecraft:dropped":{"farmersdelight:tomato_seeds":6,"sophisticatedbackpacks:iron_backpack":1,"minecraft:wheat_seeds":4,"minecraft:rotten_flesh":1,"biomesoplenty:fir_sapling":3,"minecraft:wooden_axe":1,"minecraft:oak_sapling":2,"minecraft:spider_eye":1}},"DataVersion":3465}