{"stats":{"minecraft:used":{"minecraft:crafting_table":1,"biomesoplenty:fir_sapling":4,"minecraft:egg":1},"minecraft:mined":{"biomesoplenty:fir_leaves":20,"treechop:chopped_log":2,"biomesoplenty:fir_log":4},"minecraft:killed_by":{"iceandfire:ghost":2},"minecraft:picked_up":{"minecraft:stick":1,"biomesoplenty:fir_sapling":7,"biomesoplenty:fir_log":11,"minecraft:egg":1},"minecraft:custom":{"minecraft:time_since_rest":762,"minecraft:crouch_one_cm":707,"minecraft:play_time":4974,"minecraft:sprint_one_cm":2961,"minecraft:walk_one_cm":11739,"minecraft:damage_taken":530,"minecraft:deaths":2,"minecraft:sneak_time":509,"minecraft:drop":2,"minecraft:jump":38,"minecraft:damage_dealt":154,"minecraft:time_since_death":733,"minecraft:total_world_time":4974,"minecraft:interact_with_crafting_table":1,"minecraft:fall_one_cm":5389,"minecraft:fly_one_cm":8818},"minecraft:crafted":{"biomesoplenty:fir_planks":12,"minecraft:crafting_table":1},"minecraft:dropped":{"biomesoplenty:fir_sapling":2}},"DataVersion":3465}