{"stats":{"minecraft:broken":{"minecraft:wooden_pickaxe":1},"minecraft:crafted":{"minecraft:red_dye":1,"minecraft:oak_planks":28,"minecraft:stone_shovel":1,"minecraft:crafting_table":2,"farmersdelight:flint_knife":1,"minecraft:wooden_pickaxe":1,"minecraft:red_bed":1,"minecraft:furnace":4,"minecraft:copper_ingot":35,"minecraft:stone_axe":1,"minecraft:cooked_mutton":4,"minecraft:air":0,"iceandfire:armor_copper_metal_helmet":1,"biomesoplenty:fir_planks":4,"farmersdelight:cutting_board":1,"minecraft:stick":12,"iceandfire:armor_copper_metal_chestplate":1,"minecraft:stone_pickaxe":3,"minecraft:stone_sword":1,"minecraft:chest":1,"minecraft:white_bed":1,"minecraft:torch":20},"minecraft:custom":{"minecraft:interact_with_furnace":33,"minecraft:mob_kills":11,"minecraft:interact_with_crafting_table":19,"minecraft:leave_game":3,"minecraft:time_since_death":29314,"minecraft:time_since_rest":29327,"minecraft:sprint_one_cm":66713,"minecraft:damage_taken":735,"minecraft:walk_one_cm":170190,"minecraft:damage_dealt":1905,"minecraft:swim_one_cm":12755,"minecraft:fly_one_cm":65536,"minecraft:open_chest":13,"minecraft:crouch_one_cm":12723,"minecraft:deaths":1,"minecraft:play_time":32533,"minecraft:sneak_time":1958,"minecraft:walk_under_water_one_cm":3577,"minecraft:jump":498,"minecraft:walk_on_water_one_cm":7721,"minecraft:total_world_time":32533,"minecraft:fall_one_cm":9883},"minecraft:killed_by":{"minecraft:zombie":1},"minecraft:mined":{"minecraft:crafting_table":3,"minecraft:torch":4,"biomesoplenty:bush":3,"minecraft:poppy":1,"biomesoplenty:high_grass_plant":19,"minecraft:copper_ore":4,"minecraft:tall_grass":1,"minecraft:cobblestone":3,"biomesoplenty:huge_clover_petal":4,"minecraft:wall_torch":4,"minecraft:coarse_dirt":20,"minecraft:furnace":1,"biomesoplenty:toadstool":1,"biomesoplenty:pink_daffodil":7,"minecraft:pumpkin":4,"treechop:chopped_log":5,"biomesoplenty:fir_log":1,"minecraft:grass":5,"biomesoplenty:fir_leaves":2,"biomesoplenty:clover":4,"minecraft:coal_ore":38,"minecraft:oak_log":12,"biomesoplenty:high_grass":13,"minecraft:gravel":5,"minecraft:dirt":1,"minecraft:stone":77,"minecraft:oak_leaves":15,"minecraft:fern":2},"minecraft:picked_up":{"minecraft:coarse_dirt":20,"minecraft:crafting_table":3,"biomesoplenty:fir_log":1,"minecraft:flint":1,"minecraft:oak_log":53,"minecraft:gunpowder":1,"farmersdelight:cutting_board":1,"skilltree:gem":9,"minecraft:dirt":1,"minecraft:raw_copper":130,"minecraft:bone":2,"minecraft:apple":5,"minecraft:wheat_seeds":2,"farmersdelight:pumpkin_slice":16,"minecraft:poppy":1,"minecraft:furnace":1,"biomesoplenty:toadstool":1,"minecraft:stick":14,"minecraft:pumpkin":4,"minecraft:torch":10,"minecraft:gravel":4,"biomesoplenty:maple_sapling":17,"minecraft:rotten_flesh":5,"biomesoplenty:pink_daffodil":7,"minecraft:oak_sapling":5,"minecraft:mutton":4,"minecraft:coal":38,"minecraft:white_wool":3,"minecraft:cobblestone":95},"minecraft:used":{"minecraft:cooked_mutton":4,"minecraft:stone_sword":37,"minecraft:stone_shovel":1,"minecraft:stone_pickaxe":70,"minecraft:chest":1,"minecraft:wooden_pickaxe":60,"farmersdelight:pumpkin_slice":5,"minecraft:rotten_flesh":4,"minecraft:torch":21,"minecraft:dirt":1,"minecraft:crafting_table":4,"minecraft:red_bed":1,"biomesoplenty:pink_daffodil":7,"minecraft:gravel":4,"minecraft:stone_axe":62,"farmersdelight:cutting_board":2,"minecraft:cobblestone":13,"minecraft:furnace":5,"alexsmobs:animal_dictionary":1,"minecraft:coarse_dirt":20},"minecraft:killed":{"minecraft:zombie_horse":1,"minecraft:creeper":1,"minecraft:sheep":3,"minecraft:skeleton":1,"minecraft:zombie":4,"alexsmobs:fly":1}},"DataVersion":3465}