{"stats":{"minecraft:used":{"minecraft:moss_carpet":6,"minecraft:stone_sword":130,"biomesoplenty:redwood_door":2,"minecraft:spruce_slab":20,"minecraft:stone_shovel":532,"biomesoplenty:redwood_planks":188,"minecraft:chest":2,"minecraft:donkey_spawn_egg":1,"minecraft:spruce_planks":123,"minecraft:shield":6,"minecraft:iron_sword":38,"minecraft:cooked_chicken":5,"minecraft:rotten_flesh":14,"minecraft:stone_hoe":181,"minecraft:oak_door":4,"minecraft:torch":138,"minecraft:dirt":531,"simplyswords:iron_katana":126,"biomesoplenty:redwood_fence":20,"minecraft:spruce_stairs":25,"minecraft:carrot":100,"minecraft:allium":17,"minecraft:azure_bluet":7,"biomesoplenty:redwood_sign":2,"minecraft:wooden_axe":52,"minecraft:dark_oak_planks":1,"alexsmobs:maggot":3,"minecraft:red_wool":1,"biomesoplenty:redwood_wood":77,"minecraft:stone_bricks":52,"moreusefulcopper:copper_bucket":12,"farmersdelight:cutting_board":3,"minecraft:bow":18,"minecraft:furnace":28,"minecraft:oak_sapling":10,"minecraft:beetroot_seeds":3,"biomesoplenty:redwood_slab":68,"sophisticatedbackpacks:gold_backpack":1,"minecraft:wheat_seeds":77,"minecraft:cooked_mutton":16,"biomesoplenty:redwood_fence_gate":4,"minecraft:stone_pickaxe":178,"biomesoplenty:redwood_sapling":39,"minecraft:wooden_pickaxe":60,"minecraft:sugar_cane":20,"farmersdelight:pumpkin_slice":16,"minecraft:white_wool":1,"farmersdelight:onion":16,"moreusefulcopper:copper_water_bucket":11,"minecraft:crafting_table":10,"minecraft:red_bed":3,"minecraft:dark_oak_door":2,"minecraft:spruce_log":105,"iceandfire:armor_copper_metal_chestplate":1,"minecraft:apple":4,"iceandfire:copper_shovel":19,"biomesoplenty:pink_daffodil":7,"iceandfire:graveyard_soil":1,"minecraft:string":2,"minecraft:spruce_sapling":44,"minecraft:gravel":5,"minecraft:stone_axe":118,"minecraft:cobblestone":59,"moreusefulcopper:copper_axe":656,"minecraft:cooked_porkchop":1,"magistuarmory:knight_chestplate":1,"alexsmobs:animal_dictionary":1,"biomesoplenty:redwood_stairs":29,"minecraft:bone_meal":48,"minecraft:coarse_dirt":80,"minecraft:moss_block":17},"minecraft:mined":{"minecraft:dark_oak_planks":22,"minecraft:spruce_planks":29,"farmersdelight:onions":12,"iceandfire:graveyard_soil":3,"iceandfire:silver_ore":1,"minecraft:oak_door":1,"farmersdelight:wild_carrots":2,"minecraft:dark_oak_log":19,"minecraft:dark_oak_fence":23,"biomesoplenty:bush":3,"minecraft:grass_block":230,"minecraft:spruce_leaves":31,"minecraft:moss_block":4,"farmersdelight:wild_onions":8,"minecraft:spruce_sapling":21,"minecraft:furnace":12,"minecraft:carrots":39,"minecraft:dark_oak_trapdoor":16,"biomesoplenty:toadstool":1,"biomesoplenty:redwood_fence":10,"minecraft:pumpkin":4,"treechop:chopped_log":23,"minecraft:azure_bluet":6,"biomesoplenty:redwood_stairs":1,"minecraft:bookshelf":1,"biomesoplenty:high_grass":13,"minecraft:dirt_path":28,"minecraft:lantern":1,"minecraft:stone":159,"minecraft:spruce_slab":11,"minecraft:white_wool":1,"minecraft:podzol":7,"biomesoplenty:redwood_planks":57,"minecraft:red_bed":2,"minecraft:red_wool":1,"biomesoplenty:redwood_fence_gate":1,"minecraft:crafting_table":6,"minecraft:torch":20,"minecraft:poppy":1,"minecraft:chest":1,"biomesoplenty:high_grass_plant":19,"minecraft:tall_grass":1,"minecraft:copper_ore":4,"minecraft:cobblestone":14,"biomesoplenty:huge_clover_petal":110,"minecraft:sugar_cane":5,"minecraft:wall_torch":13,"minecraft:spruce_stairs":15,"biomesoplenty:redwood_slab":6,"minecraft:dark_oak_slab":18,"minecraft:coarse_dirt":30,"minecraft:dark_oak_door":1,"minecraft:wheat":26,"biomesoplenty:pink_daffodil":7,"minecraft:spruce_log":63,"biomesoplenty:fir_log":1,"minecraft:grass":52,"biomesoplenty:clover":87,"minecraft:coal_ore":38,"minecraft:oak_log":22,"minecraft:beetroots":2,"biomesoplenty:fir_leaves":2,"minecraft:gravel":44,"minecraft:dirt":217,"biomesoplenty:redwood_sapling":1,"minecraft:stone_bricks":1,"biomesoplenty:redwood_wood":115,"minecraft:oak_leaves":26,"minecraft:fern":5},"minecraft:killed_by":{"minecraft:spider":1,"minecraft:skeleton":1,"minecraft:zombie":1},"minecraft:killed":{"alexsmobs:raccoon":2,"minecraft:spider":12,"minecraft:slime":18,"minecraft:zombie_horse":7,"minecraft:skeleton":12,"minecraft:chicken":5,"minecraft:wolf":1,"minecraft:bat":1,"minecraft:creeper":9,"minecraft:sheep":7,"minecraft:trader_llama":2,"minecraft:donkey":4,"minecraft:zombie":20,"iceandfire:ghost":4,"alexsmobs:fly":4,"alexsmobs:crow":4,"minecraft:enderman":3,"minecraft:cow":2},"minecraft:broken":{"minecraft:stone_sword":1,"minecraft:stone_hoe":1,"minecraft:wooden_pickaxe":1,"minecraft:stone_axe":1,"minecraft:wooden_axe":1,"moreusefulcopper:copper_axe":2,"minecraft:stone_shovel":3},"minecraft:picked_up":{"biomesoplenty:redwood_log":31,"sophisticatedbackpacks:gold_backpack":1,"minecraft:wheat":25,"minecraft:crafting_table":6,"minecraft:coarse_dirt":28,"minecraft:allium":17,"minecraft:azure_bluet":7,"minecraft:chicken":5,"minecraft:ladder":1,"iceandfire:armor_copper_metal_chestplate":1,"minecraft:spider_spawn_egg":1,"farmersdelight:cutting_board":3,"minecraft:string":18,"minecraft:dark_oak_trapdoor":10,"minecraft:red_bed":3,"minecraft:moss_carpet":7,"minecraft:raw_copper":130,"minecraft:iron_leggings":1,"minecraft:beetroot":2,"iceandfire:graveyard_soil":1,"biomesoplenty:redwood_slab":6,"minecraft:bucket":1,"minecraft:spruce_planks":29,"minecraft:beef":1,"minecraft:spruce_slab":12,"minecraft:poppy":1,"biomesoplenty:redwood_wood":426,"minecraft:sugar_cane":4,"minecraft:chest":1,"minecraft:egg":3,"minecraft:furnace":12,"minecraft:dark_oak_door":1,"minecraft:stick":89,"minecraft:oak_door":1,"minecraft:spruce_stairs":15,"minecraft:torch":46,"iceandfire:pixie_house_mushroom_brown":1,"minecraft:porkchop":2,"minecraft:carrot":143,"minecraft:dark_oak_planks":14,"biomesoplenty:redwood_planks":100,"artifacts:cowboy_hat":1,"minecraft:arrow":4,"minecraft:rotten_flesh":30,"biomesoplenty:redwood_fence":10,"minecraft:beetroot_seeds":9,"farmersdelight:onion":28,"biomesoplenty:redwood_sapling":79,"minecraft:mutton":6,"minecraft:white_wool":6,"minecraft:cobblestone":198,"simplyswords:iron_katana":1,"minecraft:feather":7,"minecraft:leather":6,"biomesoplenty:fir_sapling":1,"biomesoplenty:fir_log":1,"minecraft:flint":6,"minecraft:oak_log":114,"iceandfire:armor_copper_metal_helmet":1,"minecraft:gunpowder":8,"skilltree:gem":9,"farmersdelight:flint_knife":1,"minecraft:lantern":1,"minecraft:dirt":620,"minecraft:name_tag":1,"minecraft:cooked_mutton":11,"minecraft:bone":28,"minecraft:apple":12,"minecraft:stone_bricks":1,"biomesoplenty:redwood_fence_gate":1,"minecraft:wheat_seeds":79,"minecraft:creeper_spawn_egg":1,"farmersdelight:pumpkin_slice":16,"minecraft:iron_ingot":2,"minecraft:moss_block":20,"minecraft:oak_planks":2,"minecraft:book":3,"biomesoplenty:toadstool":1,"minecraft:dark_oak_slab":15,"minecraft:pumpkin":4,"minecraft:red_wool":1,"magistuarmory:knight_chestplate":1,"minecraft:gravel":38,"minecraft:spruce_sapling":80,"minecraft:blast_furnace":1,"minecraft:spruce_log":235,"minecraft:dark_oak_log":18,"minecraft:spider_eye":6,"biomesoplenty:redwood_stairs":1,"minecraft:skeleton_spawn_egg":2,"biomesoplenty:maple_sapling":17,"minecraft:slime_ball":11,"minecraft:donkey_spawn_egg":1,"minecraft:emerald":1,"alexsmobs:maggot":3,"biomesoplenty:pink_daffodil":7,"minecraft:oak_sapling":31,"minecraft:dark_oak_fence":21,"minecraft:coal":38,"iceandfire:raw_silver":1,"minecraft:ender_pearl":1},"minecraft:custom":{"lootr:looted_stat":6,"minecraft:mob_kills":119,"minecraft:animals_bred":2,"minecraft:interact_with_crafting_table":56,"minecraft:open_barrel":1,"minecraft:leave_game":18,"minecraft:time_since_death":8954,"minecraft:climb_one_cm":993,"minecraft:sprint_one_cm":838769,"minecraft:walk_one_cm":1141897,"minecraft:damage_blocked_by_shield":340,"minecraft:drop":46,"minecraft:talked_to_villager":2,"minecraft:play_time":182521,"minecraft:deaths":4,"minecraft:sneak_time":7373,"minecraft:walk_under_water_one_cm":3870,"minecraft:jump":2768,"minecraft:walk_on_water_one_cm":7992,"minecraft:total_world_time":182521,"minecraft:interact_with_furnace":183,"minecraft:sleep_in_bed":7,"minecraft:time_since_rest":8962,"minecraft:damage_taken":2765,"minecraft:trigger_trapped_chest":3,"minecraft:damage_dealt":17957,"minecraft:swim_one_cm":12755,"minecraft:fly_one_cm":405701,"minecraft:open_chest":86,"minecraft:crouch_one_cm":46928,"minecraft:interact_with_smoker":1,"minecraft:fall_one_cm":54710},"minecraft:crafted":{"minecraft:coarse_dirt":52,"minecraft:oak_door":3,"minecraft:oak_planks":56,"minecraft:stone_shovel":4,"minecraft:cooked_chicken":5,"minecraft:furnace":4,"moreusefulcopper:copper_axe":3,"biomesoplenty:redwood_slab":60,"minecraft:stone":64,"minecraft:bone_meal":48,"minecraft:cooked_mutton":6,"iceandfire:armor_copper_metal_helmet":1,"iceandfire:copper_shovel":1,"moreusefulcopper:copper_leggings":1,"minecraft:dark_oak_door":3,"minecraft:spruce_stairs":4,"minecraft:bow":1,"moreusefulcopper:copper_bucket":1,"minecraft:stone_pickaxe":3,"iceandfire:armor_copper_metal_chestplate":1,"minecraft:chest":2,"biomesoplenty:redwood_stairs":28,"minecraft:dark_oak_planks":52,"minecraft:stone_hoe":2,"minecraft:stone_bricks":64,"minecraft:red_dye":1,"biomesoplenty:redwood_sign":3,"sophisticatedbackpacks:backpack":1,"biomesoplenty:redwood_door":3,"minecraft:crafting_table":6,"minecraft:spruce_planks":132,"biomesoplenty:redwood_planks":284,"farmersdelight:flint_knife":1,"minecraft:wooden_pickaxe":1,"biomesoplenty:redwood_fence":18,"biomesoplenty:redwood_fence_gate":3,"minecraft:red_bed":1,"minecraft:copper_ingot":65,"minecraft:stone_axe":1,"minecraft:air":0,"biomesoplenty:fir_planks":4,"farmersdelight:cutting_board":1,"minecraft:charcoal":96,"minecraft:shield":1,"minecraft:stick":36,"moreusefulcopper:copper_boots":1,"minecraft:iron_ingot":2,"minecraft:stone_sword":1,"minecraft:white_bed":1,"minecraft:torch":104},"minecraft:dropped":{"minecraft:wheat_seeds":4,"biomesoplenty:pink_daffodil":1,"minecraft:golden_helmet":1,"minecraft:mossy_cobblestone":3,"minecraft:feather":1,"iceandfire:armor_copper_metal_chestplate":1,"minecraft:apple":2,"iceandfire:graveyard_soil":5,"biomesoplenty:fir_sapling":2,"minecraft:stick":6,"minecraft:dirt":24,"minecraft:red_bed":1,"minecraft:bucket":1,"minecraft:white_wool":2,"minecraft:spruce_sapling":1,"minecraft:bone":6,"minecraft:raw_copper":1,"biomesoplenty:redwood_sapling":2,"minecraft:rotten_flesh":3,"biomesoplenty:redwood_planks":2,"minecraft:oak_planks":4,"minecraft:name_tag":1,"iceandfire:armor_copper_metal_helmet":1,"farmersdelight:cutting_board":1,"minecraft:gunpowder":3,"minecraft:beetroot_seeds":3,"minecraft:oak_sapling":3,"minecraft:wooden_pickaxe":1,"minecraft:iron_ingot":2}},"DataVersion":3465}