{"stats":{"minecraft:mined":{"minecraft:dark_oak_planks":22,"minecraft:spruce_planks":8,"farmersdelight:onions":3,"iceandfire:graveyard_soil":3,"iceandfire:silver_ore":1,"minecraft:oak_door":1,"farmersdelight:wild_carrots":2,"minecraft:dark_oak_log":19,"minecraft:dark_oak_fence":23,"biomesoplenty:bush":3,"minecraft:grass_block":114,"minecraft:moss_block":1,"farmersdelight:wild_onions":8,"minecraft:furnace":11,"minecraft:carrots":11,"minecraft:dark_oak_trapdoor":16,"biomesoplenty:toadstool":1,"biomesoplenty:redwood_fence":8,"minecraft:pumpkin":4,"treechop:chopped_log":14,"minecraft:azure_bluet":6,"biomesoplenty:redwood_stairs":1,"biomesoplenty:high_grass":13,"minecraft:lantern":1,"minecraft:stone":159,"minecraft:white_wool":1,"minecraft:podzol":7,"biomesoplenty:redwood_planks":57,"minecraft:red_bed":2,"minecraft:red_wool":1,"minecraft:crafting_table":6,"minecraft:torch":12,"minecraft:poppy":1,"minecraft:chest":1,"biomesoplenty:high_grass_plant":19,"minecraft:tall_grass":1,"minecraft:copper_ore":4,"minecraft:cobblestone":9,"biomesoplenty:huge_clover_petal":50,"minecraft:wall_torch":13,"biomesoplenty:redwood_slab":5,"minecraft:coarse_dirt":28,"minecraft:dark_oak_slab":18,"minecraft:wheat":6,"biomesoplenty:pink_daffodil":7,"biomesoplenty:fir_log":1,"minecraft:grass":34,"biomesoplenty:clover":42,"minecraft:coal_ore":38,"minecraft:oak_log":12,"biomesoplenty:fir_leaves":2,"minecraft:gravel":5,"minecraft:dirt":158,"biomesoplenty:redwood_sapling":1,"biomesoplenty:redwood_wood":69,"minecraft:oak_leaves":15,"minecraft:fern":4},"minecraft:used":{"minecraft:moss_block":17,"minecraft:moss_carpet":6,"minecraft:stone_sword":130,"biomesoplenty:redwood_door":2,"minecraft:stone_shovel":286,"biomesoplenty:redwood_planks":176,"minecraft:chest":2,"minecraft:donkey_spawn_egg":1,"minecraft:shield":6,"minecraft:cooked_chicken":5,"minecraft:rotten_flesh":14,"minecraft:stone_hoe":100,"minecraft:oak_door":4,"minecraft:torch":107,"minecraft:dirt":317,"simplyswords:iron_katana":84,"biomesoplenty:redwood_fence":20,"minecraft:carrot":63,"minecraft:allium":17,"minecraft:azure_bluet":7,"biomesoplenty:redwood_sign":1,"minecraft:wooden_axe":52,"minecraft:dark_oak_planks":1,"alexsmobs:maggot":3,"minecraft:red_wool":1,"biomesoplenty:redwood_wood":31,"moreusefulcopper:copper_bucket":11,"farmersdelight:cutting_board":3,"minecraft:bow":18,"minecraft:furnace":19,"minecraft:beetroot_seeds":3,"biomesoplenty:redwood_slab":68,"sophisticatedbackpacks:gold_backpack":1,"minecraft:wheat_seeds":56,"minecraft:cooked_mutton":13,"biomesoplenty:redwood_fence_gate":3,"minecraft:stone_pickaxe":171,"biomesoplenty:redwood_sapling":39,"minecraft:wooden_pickaxe":60,"minecraft:sugar_cane":16,"farmersdelight:pumpkin_slice":16,"minecraft:white_wool":1,"farmersdelight:onion":16,"moreusefulcopper:copper_water_bucket":11,"minecraft:crafting_table":10,"minecraft:red_bed":3,"minecraft:apple":4,"iceandfire:armor_copper_metal_chestplate":1,"iceandfire:copper_shovel":3,"biomesoplenty:pink_daffodil":7,"iceandfire:graveyard_soil":1,"minecraft:string":2,"minecraft:gravel":4,"minecraft:stone_axe":118,"minecraft:cobblestone":55,"moreusefulcopper:copper_axe":322,"magistuarmory:knight_chestplate":1,"alexsmobs:animal_dictionary":1,"biomesoplenty:redwood_stairs":27,"minecraft:bone_meal":24,"minecraft:coarse_dirt":26},"minecraft:killed_by":{"minecraft:spider":1,"minecraft:skeleton":1,"minecraft:zombie":1},"minecraft:killed":{"alexsmobs:raccoon":1,"minecraft:spider":6,"minecraft:zombie_horse":7,"minecraft:skeleton":9,"minecraft:chicken":5,"minecraft:bat":1,"minecraft:creeper":5,"minecraft:sheep":7,"minecraft:trader_llama":2,"minecraft:zombie":14,"minecraft:donkey":4,"iceandfire:ghost":4,"alexsmobs:fly":4,"alexsmobs:crow":2,"minecraft:enderman":3,"minecraft:cow":1},"minecraft:broken":{"minecraft:stone_sword":1,"minecraft:wooden_pickaxe":1,"minecraft:stone_axe":1,"minecraft:wooden_axe":1,"moreusefulcopper:copper_axe":1,"minecraft:stone_shovel":1},"minecraft:picked_up":{"biomesoplenty:redwood_log":31,"sophisticatedbackpacks:gold_backpack":1,"minecraft:wheat":5,"minecraft:coarse_dirt":26,"minecraft:crafting_table":6,"minecraft:allium":17,"minecraft:azure_bluet":7,"minecraft:ladder":1,"minecraft:chicken":5,"iceandfire:armor_copper_metal_chestplate":1,"farmersdelight:cutting_board":3,"minecraft:dark_oak_trapdoor":10,"minecraft:string":13,"minecraft:red_bed":3,"minecraft:moss_carpet":7,"minecraft:raw_copper":130,"minecraft:iron_leggings":1,"iceandfire:graveyard_soil":1,"biomesoplenty:redwood_slab":5,"minecraft:bucket":1,"minecraft:spruce_planks":8,"minecraft:poppy":1,"biomesoplenty:redwood_wood":355,"minecraft:chest":1,"minecraft:furnace":11,"minecraft:egg":2,"minecraft:stick":46,"minecraft:oak_door":1,"minecraft:torch":34,"iceandfire:pixie_house_mushroom_brown":1,"minecraft:porkchop":2,"minecraft:carrot":42,"minecraft:dark_oak_planks":14,"biomesoplenty:redwood_planks":57,"minecraft:arrow":4,"artifacts:cowboy_hat":1,"minecraft:rotten_flesh":26,"biomesoplenty:redwood_fence":8,"minecraft:beetroot_seeds":3,"farmersdelight:onion":19,"biomesoplenty:redwood_sapling":77,"minecraft:mutton":6,"minecraft:white_wool":6,"minecraft:cobblestone":194,"simplyswords:iron_katana":1,"minecraft:feather":6,"minecraft:leather":5,"biomesoplenty:fir_sapling":1,"biomesoplenty:fir_log":1,"minecraft:flint":1,"minecraft:oak_log":53,"minecraft:gunpowder":4,"iceandfire:armor_copper_metal_helmet":1,"skilltree:gem":9,"farmersdelight:flint_knife":1,"minecraft:lantern":1,"minecraft:dirt":418,"minecraft:name_tag":1,"minecraft:cooked_mutton":11,"minecraft:bone":21,"minecraft:apple":7,"minecraft:wheat_seeds":25,"farmersdelight:pumpkin_slice":16,"minecraft:moss_block":17,"minecraft:oak_planks":2,"biomesoplenty:toadstool":1,"minecraft:dark_oak_slab":15,"minecraft:pumpkin":4,"minecraft:red_wool":1,"magistuarmory:knight_chestplate":1,"minecraft:gravel":4,"minecraft:dark_oak_log":18,"minecraft:spider_eye":4,"biomesoplenty:redwood_stairs":1,"minecraft:skeleton_spawn_egg":1,"biomesoplenty:maple_sapling":17,"minecraft:donkey_spawn_egg":1,"minecraft:emerald":1,"alexsmobs:maggot":3,"biomesoplenty:pink_daffodil":7,"minecraft:oak_sapling":7,"minecraft:dark_oak_fence":21,"minecraft:coal":38,"iceandfire:raw_silver":1,"minecraft:ender_pearl":1},"minecraft:custom":{"lootr:looted_stat":6,"minecraft:mob_kills":77,"minecraft:interact_with_crafting_table":55,"minecraft:open_barrel":1,"minecraft:leave_game":10,"minecraft:time_since_death":37698,"minecraft:climb_one_cm":993,"minecraft:sprint_one_cm":568107,"minecraft:walk_one_cm":834427,"minecraft:damage_blocked_by_shield":340,"minecraft:drop":42,"minecraft:talked_to_villager":2,"minecraft:play_time":137385,"minecraft:deaths":3,"minecraft:sneak_time":5501,"minecraft:walk_under_water_one_cm":3870,"minecraft:jump":2031,"minecraft:walk_on_water_one_cm":7880,"minecraft:total_world_time":137385,"minecraft:interact_with_furnace":74,"minecraft:sleep_in_bed":7,"minecraft:time_since_rest":19977,"minecraft:damage_taken":2344,"minecraft:trigger_trapped_chest":3,"minecraft:damage_dealt":13939,"minecraft:swim_one_cm":12755,"minecraft:fly_one_cm":318056,"minecraft:open_chest":83,"minecraft:crouch_one_cm":31317,"minecraft:interact_with_smoker":1,"minecraft:fall_one_cm":42855},"minecraft:crafted":{"minecraft:oak_door":3,"minecraft:oak_planks":56,"minecraft:stone_shovel":2,"minecraft:cooked_chicken":5,"minecraft:furnace":4,"moreusefulcopper:copper_axe":2,"biomesoplenty:redwood_slab":60,"minecraft:bone_meal":24,"minecraft:cooked_mutton":6,"iceandfire:armor_copper_metal_helmet":1,"iceandfire:copper_shovel":1,"moreusefulcopper:copper_leggings":1,"minecraft:bow":1,"moreusefulcopper:copper_bucket":1,"minecraft:stone_pickaxe":3,"iceandfire:armor_copper_metal_chestplate":1,"minecraft:chest":2,"biomesoplenty:redwood_stairs":28,"minecraft:dark_oak_planks":52,"minecraft:stone_hoe":1,"minecraft:red_dye":1,"biomesoplenty:redwood_sign":3,"sophisticatedbackpacks:backpack":1,"biomesoplenty:redwood_door":3,"minecraft:crafting_table":6,"biomesoplenty:redwood_planks":284,"farmersdelight:flint_knife":1,"minecraft:wooden_pickaxe":1,"biomesoplenty:redwood_fence":18,"biomesoplenty:redwood_fence_gate":3,"minecraft:red_bed":1,"minecraft:copper_ingot":65,"minecraft:stone_axe":1,"minecraft:air":0,"biomesoplenty:fir_planks":4,"farmersdelight:cutting_board":1,"minecraft:charcoal":32,"minecraft:shield":1,"minecraft:stick":36,"moreusefulcopper:copper_boots":1,"minecraft:stone_sword":1,"minecraft:white_bed":1,"minecraft:torch":104},"minecraft:dropped":{"minecraft:wheat_seeds":4,"biomesoplenty:pink_daffodil":1,"minecraft:golden_helmet":1,"minecraft:mossy_cobblestone":3,"minecraft:feather":1,"iceandfire:armor_copper_metal_chestplate":1,"minecraft:apple":2,"iceandfire:graveyard_soil":5,"biomesoplenty:fir_sapling":2,"minecraft:stick":6,"minecraft:dirt":24,"minecraft:red_bed":1,"minecraft:bucket":1,"minecraft:white_wool":2,"minecraft:spruce_sapling":1,"minecraft:bone":6,"minecraft:raw_copper":1,"minecraft:rotten_flesh":3,"biomesoplenty:redwood_planks":1,"minecraft:oak_planks":4,"minecraft:name_tag":1,"iceandfire:armor_copper_metal_helmet":1,"farmersdelight:cutting_board":1,"minecraft:gunpowder":3,"minecraft:beetroot_seeds":3,"minecraft:oak_sapling":3,"minecraft:wooden_pickaxe":1}},"DataVersion":3465}