{"stats":{"minecraft:used":{"minecraft:moss_block":17,"minecraft:moss_carpet":6,"minecraft:stone_sword":130,"minecraft:stone_shovel":115,"minecraft:donkey_spawn_egg":1,"minecraft:chest":2,"minecraft:shield":2,"minecraft:cooked_chicken":5,"minecraft:stone_hoe":8,"minecraft:rotten_flesh":12,"minecraft:oak_door":4,"minecraft:torch":64,"minecraft:dirt":171,"minecraft:carrot":35,"minecraft:allium":17,"minecraft:wooden_axe":52,"minecraft:dark_oak_planks":1,"minecraft:red_wool":1,"biomesoplenty:redwood_wood":4,"farmersdelight:cutting_board":3,"minecraft:bow":10,"minecraft:furnace":11,"minecraft:cooked_mutton":6,"minecraft:stone_pickaxe":90,"biomesoplenty:redwood_sapling":12,"minecraft:wooden_pickaxe":60,"farmersdelight:pumpkin_slice":16,"minecraft:white_wool":1,"minecraft:crafting_table":7,"minecraft:red_bed":3,"minecraft:apple":4,"biomesoplenty:pink_daffodil":7,"minecraft:gravel":4,"minecraft:stone_axe":118,"minecraft:cobblestone":47,"moreusefulcopper:copper_axe":112,"alexsmobs:animal_dictionary":1,"minecraft:coarse_dirt":26,"minecraft:bone_meal":21},"minecraft:mined":{"minecraft:dark_oak_planks":21,"minecraft:spruce_planks":5,"iceandfire:graveyard_soil":2,"minecraft:oak_door":1,"farmersdelight:wild_carrots":2,"minecraft:dark_oak_log":19,"minecraft:dark_oak_fence":23,"biomesoplenty:bush":3,"minecraft:grass_block":35,"minecraft:moss_block":1,"farmersdelight:wild_onions":8,"minecraft:furnace":7,"minecraft:carrots":8,"minecraft:dark_oak_trapdoor":16,"biomesoplenty:toadstool":1,"minecraft:pumpkin":4,"treechop:chopped_log":8,"biomesoplenty:high_grass":13,"minecraft:lantern":1,"minecraft:stone":83,"minecraft:white_wool":1,"minecraft:podzol":7,"biomesoplenty:redwood_planks":3,"minecraft:red_wool":1,"minecraft:red_bed":2,"minecraft:crafting_table":6,"minecraft:torch":7,"minecraft:poppy":1,"minecraft:chest":1,"biomesoplenty:high_grass_plant":19,"minecraft:copper_ore":4,"minecraft:tall_grass":1,"minecraft:cobblestone":9,"biomesoplenty:huge_clover_petal":17,"minecraft:wall_torch":10,"minecraft:coarse_dirt":28,"minecraft:dark_oak_slab":18,"biomesoplenty:pink_daffodil":7,"biomesoplenty:fir_log":1,"minecraft:grass":9,"biomesoplenty:clover":8,"minecraft:oak_log":12,"minecraft:coal_ore":38,"biomesoplenty:fir_leaves":2,"minecraft:gravel":5,"minecraft:dirt":71,"biomesoplenty:redwood_sapling":1,"biomesoplenty:redwood_wood":28,"minecraft:oak_leaves":15,"minecraft:fern":4},"minecraft:killed_by":{"minecraft:zombie":1},"minecraft:killed":{"minecraft:spider":1,"minecraft:zombie_horse":3,"minecraft:skeleton":4,"minecraft:chicken":5,"minecraft:bat":1,"minecraft:creeper":3,"minecraft:sheep":7,"minecraft:donkey":4,"minecraft:zombie":10,"iceandfire:ghost":1,"alexsmobs:crow":1,"alexsmobs:fly":2,"minecraft:cow":1,"minecraft:enderman":1},"minecraft:broken":{"minecraft:stone_sword":1,"minecraft:wooden_pickaxe":1,"minecraft:stone_axe":1,"minecraft:wooden_axe":1},"minecraft:picked_up":{"biomesoplenty:redwood_log":18,"minecraft:crafting_table":6,"minecraft:coarse_dirt":26,"minecraft:allium":17,"minecraft:chicken":5,"minecraft:ladder":1,"minecraft:string":2,"farmersdelight:cutting_board":3,"minecraft:moss_carpet":7,"minecraft:red_bed":3,"minecraft:dark_oak_trapdoor":10,"minecraft:raw_copper":130,"minecraft:spruce_planks":5,"minecraft:poppy":1,"biomesoplenty:redwood_wood":162,"minecraft:chest":1,"minecraft:furnace":7,"minecraft:stick":32,"minecraft:oak_door":1,"minecraft:torch":20,"minecraft:carrot":31,"minecraft:dark_oak_planks":13,"biomesoplenty:redwood_planks":3,"minecraft:arrow":3,"minecraft:rotten_flesh":14,"farmersdelight:onion":8,"biomesoplenty:redwood_sapling":41,"minecraft:mutton":6,"minecraft:white_wool":6,"minecraft:cobblestone":107,"simplyswords:iron_katana":1,"minecraft:feather":6,"minecraft:leather":4,"biomesoplenty:fir_sapling":1,"biomesoplenty:fir_log":1,"minecraft:flint":1,"minecraft:oak_log":53,"minecraft:gunpowder":1,"iceandfire:armor_copper_metal_helmet":1,"skilltree:gem":9,"farmersdelight:flint_knife":1,"minecraft:dirt":171,"minecraft:lantern":1,"minecraft:bone":3,"minecraft:apple":7,"minecraft:wheat_seeds":4,"farmersdelight:pumpkin_slice":16,"minecraft:moss_block":17,"minecraft:oak_planks":2,"biomesoplenty:toadstool":1,"minecraft:dark_oak_slab":15,"minecraft:pumpkin":4,"minecraft:red_wool":1,"magistuarmory:knight_chestplate":1,"minecraft:gravel":4,"minecraft:spider_eye":1,"minecraft:dark_oak_log":18,"minecraft:skeleton_spawn_egg":1,"biomesoplenty:maple_sapling":17,"minecraft:donkey_spawn_egg":1,"minecraft:emerald":1,"biomesoplenty:pink_daffodil":7,"minecraft:oak_sapling":7,"minecraft:dark_oak_fence":21,"minecraft:coal":38},"minecraft:custom":{"lootr:looted_stat":6,"minecraft:mob_kills":45,"minecraft:interact_with_crafting_table":34,"minecraft:open_barrel":1,"minecraft:leave_game":5,"minecraft:time_since_death":82768,"minecraft:climb_one_cm":993,"minecraft:sprint_one_cm":365493,"minecraft:walk_one_cm":471039,"minecraft:damage_blocked_by_shield":110,"minecraft:drop":24,"minecraft:talked_to_villager":1,"minecraft:play_time":85987,"minecraft:deaths":1,"minecraft:sneak_time":3478,"minecraft:walk_under_water_one_cm":3870,"minecraft:jump":1265,"minecraft:walk_on_water_one_cm":7880,"minecraft:total_world_time":85987,"minecraft:interact_with_furnace":62,"minecraft:sleep_in_bed":5,"minecraft:time_since_rest":4407,"minecraft:damage_taken":1560,"minecraft:trigger_trapped_chest":2,"minecraft:damage_dealt":7500,"minecraft:swim_one_cm":12755,"minecraft:fly_one_cm":189455,"minecraft:open_chest":51,"minecraft:crouch_one_cm":18100,"minecraft:fall_one_cm":23466},"minecraft:crafted":{"minecraft:oak_door":3,"minecraft:oak_planks":56,"minecraft:stone_shovel":1,"minecraft:cooked_chicken":5,"minecraft:furnace":4,"moreusefulcopper:copper_axe":1,"minecraft:bone_meal":21,"minecraft:cooked_mutton":6,"iceandfire:armor_copper_metal_helmet":1,"moreusefulcopper:copper_leggings":1,"minecraft:bow":1,"minecraft:stone_pickaxe":3,"iceandfire:armor_copper_metal_chestplate":1,"minecraft:chest":2,"minecraft:dark_oak_planks":52,"minecraft:red_dye":1,"sophisticatedbackpacks:backpack":1,"minecraft:crafting_table":3,"biomesoplenty:redwood_planks":32,"minecraft:wooden_pickaxe":1,"farmersdelight:flint_knife":1,"minecraft:red_bed":1,"minecraft:copper_ingot":65,"minecraft:stone_axe":1,"minecraft:air":0,"biomesoplenty:fir_planks":4,"farmersdelight:cutting_board":1,"minecraft:shield":1,"minecraft:stick":16,"moreusefulcopper:copper_boots":1,"minecraft:stone_sword":1,"minecraft:white_bed":1,"minecraft:torch":44},"minecraft:dropped":{"biomesoplenty:pink_daffodil":1,"minecraft:golden_helmet":1,"minecraft:mossy_cobblestone":3,"minecraft:feather":1,"minecraft:apple":2,"biomesoplenty:fir_sapling":2,"minecraft:stick":6,"minecraft:red_bed":1,"minecraft:white_wool":2,"minecraft:spruce_sapling":1,"minecraft:raw_copper":1,"minecraft:rotten_flesh":1,"minecraft:oak_planks":4,"iceandfire:armor_copper_metal_helmet":1,"farmersdelight:cutting_board":1,"minecraft:gunpowder":1,"minecraft:oak_sapling":3,"minecraft:wooden_pickaxe":1}},"DataVersion":3465}