{"stats":{"minecraft:mined":{"iceandfire:silver_ore":13,"iceandfire:pixie_house_mushroom_brown":2,"minecraft:grass_block":5,"minecraft:copper_ore":2,"minecraft:raw_iron_block":13,"minecraft:iron_ore":215,"treechop:chopped_log":1,"minecraft:grass":1,"biomesoplenty:clover":2,"minecraft:gravel":4,"minecraft:dirt":9,"minecraft:stone":28,"biomesoplenty:redwood_wood":2},"minecraft:used":{"minecraft:cooked_mutton":4,"minecraft:stone_sword":129,"biomesoplenty:redwood_planks":6,"minecraft:stone_pickaxe":262,"minecraft:wooden_pickaxe":11,"iceandfire:pixie_house_mushroom_brown":1,"minecraft:rotten_flesh":2,"minecraft:dirt":32,"simplyswords:iron_chakram":191,"minecraft:crafting_table":1,"magistuarmory:armet":1,"minecraft:wooden_axe":37,"minecraft:iron_boots":1,"minecraft:cooked_porkchop":3,"minecraft:egg":1,"alexsmobs:animal_dictionary":2,"minecraft:cooked_beef":4},"minecraft:killed_by":{"minecraft:creeper":1},"minecraft:killed":{"minecraft:pig":3,"minecraft:spider":4,"minecraft:slime":1,"minecraft:creeper":12,"minecraft:sheep":1,"minecraft:skeleton":9,"alexsmobs:cockroach":2,"minecraft:zombie":18,"iceandfire:pixie":1,"minecraft:cow":3},"minecraft:picked_up":{"minecraft:iron_chestplate":1,"minecraft:leather":5,"minecraft:flint":2,"minecraft:gunpowder":18,"skilltree:gem":36,"minecraft:dirt":96,"minecraft:string":8,"minecraft:raw_copper":3,"minecraft:bone":24,"minecraft:bow":4,"alexsmobs:cockroach_wing_fragment":2,"minecraft:beef":7,"biomesoplenty:redwood_wood":125,"minecraft:egg":1,"minecraft:raw_iron":215,"iceandfire:pixie_dust":2,"minecraft:stick":15,"minecraft:cooked_porkchop":1,"iceandfire:pixie_house_mushroom_brown":5,"minecraft:raw_iron_block":13,"minecraft:gravel":6,"minecraft:porkchop":6,"minecraft:spider_eye":1,"minecraft:zombie_spawn_egg":1,"biomesoplenty:redwood_planks":6,"minecraft:rotten_flesh":19,"biomesoplenty:redwood_sapling":30,"minecraft:mutton":4,"minecraft:coal":11,"iceandfire:raw_silver":13,"minecraft:white_wool":6,"minecraft:cobblestone":74},"minecraft:broken":{"minecraft:stone_pickaxe":2,"simplyswords:iron_chakram":1,"minecraft:wooden_axe":1},"minecraft:custom":{"minecraft:interact_with_anvil":2,"minecraft:mob_kills":56,"minecraft:interact_with_crafting_table":40,"minecraft:leave_game":1,"minecraft:time_since_death":36750,"minecraft:sleep_in_bed":1,"minecraft:time_since_rest":27865,"minecraft:sprint_one_cm":174121,"minecraft:damage_taken":1218,"minecraft:walk_one_cm":264363,"minecraft:drop":30,"minecraft:damage_dealt":9343,"minecraft:fly_one_cm":150402,"minecraft:open_chest":19,"minecraft:crouch_one_cm":722,"minecraft:play_time":48662,"minecraft:deaths":1,"minecraft:sneak_time":292,"minecraft:jump":900,"minecraft:interact_with_blast_furnace":7,"minecraft:walk_on_water_one_cm":1365,"minecraft:total_world_time":48662,"minecraft:interact_with_smoker":10,"minecraft:fall_one_cm":30328},"minecraft:crafted":{"minecraft:cooked_beef":4,"minecraft:cooked_porkchop":3,"minecraft:crafting_table":1,"biomesoplenty:redwood_planks":500,"minecraft:wooden_pickaxe":1,"magistuarmory:knight_chestplate":1,"magistuarmory:jousting_chestplate":1,"minecraft:cooked_mutton":6,"minecraft:air":0,"magistuarmory:halfarmor_chestplate":2,"magistuarmory:knight_leggings":1,"magistuarmory:steel_ingot":36,"magistuarmory:jousting_leggings":1,"minecraft:stick":4,"minecraft:iron_ingot":31,"minecraft:stone_pickaxe":2,"minecraft:wooden_axe":1,"minecraft:stone_sword":1,"magistuarmory:armet":1,"magistuarmory:barbute":1,"magistuarmory:steel_plate":32},"minecraft:dropped":{"minecraft:gravel":6,"biomesoplenty:redwood_sapling":30,"minecraft:cooked_porkchop":1,"iceandfire:pixie_house_mushroom_brown":4,"minecraft:cobblestone":62,"minecraft:rotten_flesh":17,"minecraft:iron_boots":1,"minecraft:stick":5,"minecraft:flint":2,"minecraft:gunpowder":18,"alexsmobs:cockroach_wing_fragment":1,"minecraft:spider_eye":1,"minecraft:bow":2,"minecraft:string":8,"minecraft:white_wool":6,"minecraft:bone":24}},"DataVersion":3465}