{"stats":{"minecraft:crafted":{"minecraft:smooth_stone":6,"minecraft:cooked_mutton":28,"minecraft:quartz_block":270,"minecraft:glass":26,"minecraft:diamond_helmet":1,"minecraft:diamond_leggings":1,"create:mechanical_press":1,"create:cogwheel":10,"minecraft:cooked_porkchop":46,"minecraft:diamond_axe":1,"minecraft:copper_ingot":64,"minecraft:hay_block":1,"minecraft:campfire":6,"farmersdelight:wheat_dough":12,"create:mechanical_mixer":1,"create:gearbox":1,"create:encased_fan":1,"minecraft:iron_pickaxe":2,"minecraft:iron_block":18,"minecraft:gold_ingot":51,"create:propeller":1,"create:large_cogwheel":6,"minecraft:golden_carrot":23,"create:wrench":1,"minecraft:iron_nugget":77,"minecraft:bone_meal":36,"minecraft:stone_pickaxe":3,"minecraft:diamond_boots":1,"minecraft:quartz_slab":24,"biomesoplenty:redwood_door":3,"simplyswords:iron_chakram":3,"simplyswords:diamond_cutlass":1,"biomesoplenty:redwood_planks":848,"iceandfire:pixie_jar_empty":3,"rats:rat_burger":6,"rats:cooked_rat":6,"minecraft:wooden_axe":5,"minecraft:iron_leggings":1,"minecraft:white_bed":2,"create:shaft":40,"minecraft:oak_planks":8,"minecraft:barrel":8,"simplyswords:iron_katana":2,"minecraft:quartz_bricks":104,"minecraft:cooked_chicken":5,"biomesoplenty:redwood_slab":36,"minecraft:stone":6,"minecraft:quartz_pillar":36,"minecraft:iron_boots":1,"minecraft:chest":2,"minecraft:copper_block":1,"minecraft:raw_iron_block":57,"minecraft:smoker":2,"minecraft:quartz_stairs":8,"biomesoplenty:jacaranda_planks":16,"minecraft:cauldron":2,"minecraft:crafting_table":18,"minecraft:spruce_planks":36,"minecraft:iron_helmet":1,"create:fluid_pipe":8,"minecraft:wooden_pickaxe":6,"minecraft:gold_block":4,"biomesoplenty:fir_planks":360,"rats:cheese":12,"biomesoplenty:redwood_boat":1,"magistuarmory:horse_decoration":1,"minecraft:iron_chestplate":1,"minecraft:diamond_pickaxe":1,"create:water_wheel":4,"sophisticatedbackpacks:diamond_backpack":1,"minecraft:stick":88,"minecraft:iron_ingot":416,"create:mechanical_pump":2,"minecraft:stone_sword":3,"minecraft:shears":2,"minecraft:wooden_sword":4,"create:steam_engine":1,"rats:trash_can":1,"simplyswords:iron_twinblade":1,"domesticationinnovation:pet_bed_white":1,"minecraft:furnace":7,"minecraft:blast_furnace":2,"simplyswords:iron_warglaive":1,"minecraft:flint_and_steel":1,"minecraft:iron_axe":1,"magistuarmory:steel_ingot":33,"minecraft:iron_hoe":3,"create:fluid_tank":8,"biomesoplenty:redwood_stairs":4,"minecraft:cooked_beef":17,"create:andesite_alloy":23,"create:large_water_wheel":3,"minecraft:bucket":2,"minecraft:stone_axe":3,"minecraft:bread":12,"minecraft:air":0,"create:whisk":1,"minecraft:white_wool":1,"minecraft:gold_nugget":182,"minecraft:anvil":1,"minecraft:torch":124,"minecraft:diamond_chestplate":1},"minecraft:killed_by":{"alexsmobs:straddler":2,"minecraft:magma_cube":5,"minecraft:vindicator":3,"minecraft:zombie":15,"minecraft:cow":2,"minecraft:warden":10,"iceandfire:ghost":6,"minecraft:zombified_piglin":5,"minecraft:wither_skeleton":2,"iceandfire:cyclops":2,"minecraft:creeper":6,"minecraft:piglin":1,"artifacts:mimic":1,"iceandfire:fire_dragon":1,"minecraft:player":1,"minecraft:spider":4,"minecraft:enderman":1,"mowziesmobs:ferrous_wroughtnaut":8,"minecraft:skeleton":2},"minecraft:mined":{"create:andesite_casing":6,"alexscaves:azure_neodymium_pillar":9,"biomesoplenty:brimstone":1,"minecraft:carved_pumpkin":3,"minecraft:obsidian":2,"minecraft:granite":6,"minecraft:deepslate_tile_wall":1,"minecraft:oxeye_daisy":1,"rats:block_of_cheese":1,"minecraft:tall_seagrass":21,"biomesoplenty:tall_lavender":1,"minecraft:fire":12,"minecraft:cobbled_deepslate":2,"biomesoplenty:lavender":2,"biomesoplenty:violet":1,"biomesoplenty:redwood_fence":4,"minecraft:moss_carpet":1,"minecraft:pumpkin":1,"minecraft:sculk_shrieker":41,"minecraft:iron_block":10,"minecraft:brown_mushroom":17,"minecraft:smoker":3,"minecraft:kelp_plant":65,"minecraft:soul_fire":4,"minecraft:torch":12,"minecraft:blast_furnace":4,"minecraft:dead_bush":1,"alexscaves:energized_galena_scarlet":2,"minecraft:white_candle":1,"minecraft:cyan_bed":1,"rats:rat_hole":4,"minecraft:sugar_cane":16,"minecraft:amethyst_block":5,"minecraft:skeleton_skull":1,"minecraft:wheat":7,"biomesoplenty:large_rose_quartz_bud":1,"minecraft:wither_rose":1,"minecraft:grass":98,"domesticationinnovation:pet_bed_white":1,"minecraft:deepslate":27,"create:zinc_ore":17,"iceandfire:silver_ore":1,"minecraft:mossy_cobblestone":4,"create:fluid_tank":8,"minecraft:dark_oak_fence":2,"minecraft:allium":3,"minecraft:moss_block":3,"minecraft:red_mushroom":3,"alexscaves:galena":1,"farmersdelight:wild_onions":28,"biomesoplenty:jacaranda_log":2,"minecraft:andesite":87,"biomesoplenty:high_grass":5,"biomesoplenty:brimstone_bud":1,"minecraft:vine":2,"biomesoplenty:brimstone_cluster":1,"minecraft:white_wool":1,"minecraft:oak_slab":1,"biomesoplenty:redwood_planks":372,"alexscaves:azure_neodymium_node":1,"biomesoplenty:small_rose_quartz_bud":1,"minecraft:emerald_ore":5,"biomesoplenty:fir_planks":29,"biomesoplenty:high_grass_plant":23,"minecraft:tall_grass":18,"minecraft:copper_ore":2,"farmersdelight:wild_tomatoes":5,"create:water_wheel_structure":1,"biomesoplenty:redwood_slab":11,"minecraft:coarse_dirt":3,"minecraft:spruce_log":1,"minecraft:gravel":4,"biomesoplenty:stripped_redwood_wood":5,"minecraft:gold_ore":2,"minecraft:deepslate_emerald_ore":1,"minecraft:fern":26,"minecraft:farmland":1,"minecraft:cobblestone_stairs":2,"minecraft:sculk_vein":215,"minecraft:brewing_stand":1,"minecraft:grass_block":217,"biomesoplenty:rose_quartz_block":6,"minecraft:soul_soil":1,"minecraft:raw_iron_block":1,"minecraft:sculk_catalyst":2,"minecraft:iron_ore":14,"minecraft:azure_bluet":15,"minecraft:pointed_dripstone":7,"minecraft:black_candle":1,"minecraft:deepslate_redstone_ore":2,"minecraft:quartz_block":2,"minecraft:blackstone":1,"minecraft:calcite":1,"minecraft:poppy":2,"minecraft:nether_quartz_ore":2,"minecraft:wither_skeleton_wall_skull":3,"minecraft:cobblestone":19,"rats:trash_can":1,"minecraft:wall_torch":15,"minecraft:cauldron":2,"create:large_water_wheel":3,"minecraft:seagrass":21,"biomesoplenty:fir_log":18,"biomesoplenty:clover":91,"minecraft:oak_log":3,"minecraft:sand":26,"minecraft:dirt":88,"minecraft:netherrack":111,"minecraft:oak_leaves":3,"minecraft:dark_oak_leaves":2,"minecraft:deepslate_diamond_ore":8,"biomesoplenty:bush":5,"create:large_cogwheel":1,"minecraft:spruce_leaves":7,"minecraft:large_fern":7,"minecraft:furnace":6,"minecraft:carrots":2,"treechop:chopped_log":13,"minecraft:deepslate_iron_ore":1,"minecraft:stone":343,"biomesoplenty:spider_egg":1,"minecraft:podzol":1,"minecraft:basalt":10,"minecraft:crafting_table":13,"minecraft:sculk_sensor":31,"rats:garbage_pile":15,"biomesoplenty:huge_clover_petal":59,"minecraft:sculk":3159,"minecraft:gray_wool":1,"minecraft:sweet_berry_bush":2,"biomesoplenty:pink_daffodil":2,"minecraft:coal_ore":30,"biomesoplenty:fir_leaves":102,"minecraft:end_rod":4,"biomesoplenty:redwood_wood":50},"minecraft:dropped":{"minecraft:cooked_beef":1,"minecraft:glow_ink_sac":27,"rats:rat_burger":4,"minecraft:diamond":210,"biomesoplenty:redwood_fence":6,"minecraft:cooked_porkchop":5,"iceandfire:ectoplasm":1,"create:large_water_wheel":1,"sophisticatedbackpacks:gold_backpack":1,"minecraft:dirt":20,"minecraft:dark_oak_fence":2,"minecraft:gold_nugget":29,"minecraft:bone_meal":3,"minecraft:iron_pickaxe":2,"minecraft:fishing_rod":1,"minecraft:bone":2,"minecraft:stone_axe":1,"minecraft:iron_nugget":8,"mynethersdelight:hoglin_loin":10,"minecraft:cobbled_deepslate":2,"minecraft:nether_brick":2,"minecraft:rotten_flesh":32,"minecraft:glowstone_dust":24,"minecraft:azure_bluet":4,"magistuarmory:knight_chestplate":1,"artifacts:panic_necklace":1,"farmersdelight:rope":9,"endrem:nether_eye":1,"minecraft:glass":24,"minecraft:egg":2,"minecraft:iron_ingot":98,"minecraft:wheat_seeds":35,"simplyswords:iron_chakram":1,"biomesoplenty:lavender":2,"minecraft:feather":2,"minecraft:cobblestone":95,"minecraft:chainmail_helmet":1,"minecraft:coal":73,"minecraft:mushroom_stew":2,"minecraft:gray_wool":4,"minecraft:golden_carrot":12,"skilltree:gem":2,"magistuarmory:steel_ingot":25,"minecraft:potion":1,"mowziesmobs:wrought_helmet":1,"minecraft:string":2,"minecraft:stone_sword":2,"minecraft:diamond_hoe":2,"biomesoplenty:redwood_planks":1,"sophisticatedbackpacks:backpack":1,"minecraft:name_tag":1,"minecraft:pumpkin_seeds":14,"minecraft:potato":3,"minecraft:flower_pot":5,"minecraft:allium":10,"artifacts:running_shoes":2,"minecraft:bow":11,"minecraft:magma_cube_spawn_egg":24,"rats:cheese":1,"minecraft:brown_mushroom":10,"minecraft:deepslate_tile_wall":1,"minecraft:leather":6,"farmersdelight:rice":6,"iceandfire:graveyard_soil":1,"minecraft:cobblestone_stairs":1,"minecraft:wither_skeleton_spawn_egg":4,"minecraft:dark_oak_log":1,"iceandfire:pixie_jar_empty":1,"create:iron_sheet":1,"minecraft:gold_ingot":24,"minecraft:gravel":4,"minecraft:blackstone":1,"biomesoplenty:redwood_sapling":54,"minecraft:diamond_shovel":1,"minecraft:cooked_mutton":15,"sophisticatedbackpacks:diamond_backpack":1,"minecraft:skeleton_skull":1,"iceandfire:pixie_dust":1,"minecraft:basalt":36,"minecraft:arrow":3,"minecraft:quartz":2,"rats:garbage_pile":13,"minecraft:oak_slab":3,"minecraft:golden_helmet":1,"rats:plastic_waste":1,"minecraft:copper_ingot":44,"minecraft:torch":3,"minecraft:brown_wool":2,"minecraft:fire_charge":2,"rats:raw_rat":4,"minecraft:bucket":3,"minecraft:redstone":28,"minecraft:sweet_berries":12,"minecraft:raw_iron":320,"minecraft:flint_and_steel":1,"minecraft:diamond_chestplate":1,"minecraft:slime_ball":1,"minecraft:stone_pickaxe":1,"minecraft:magma_cream":53},"minecraft:killed":{"minecraft:cave_spider":1,"minecraft:zombie_horse":9,"minecraft:skeleton":29,"minecraft:chicken":7,"alexsmobs:straddler":9,"minecraft:magma_cube":205,"minecraft:salmon":7,"rats:rat":11,"minecraft:pillager":7,"minecraft:zombie":80,"minecraft:cow":24,"minecraft:vindicator":1,"minecraft:horse":1,"minecraft:wandering_trader":2,"alexsmobs:catfish":4,"iceandfire:ghost":7,"minecraft:enderman":3,"minecraft:zombified_piglin":10,"minecraft:witch":2,"minecraft:spider":29,"alexsmobs:banana_slug":1,"minecraft:illusioner":1,"artifacts:mimic":3,"minecraft:wolf":6,"minecraft:piglin":5,"minecraft:pig":18,"minecraft:zombie_villager":1,"alexsmobs:stradpole":2,"minecraft:creeper":43,"minecraft:sheep":14,"minecraft:trader_llama":2,"iceandfire:pixie":2,"minecraft:blaze":7,"alexsmobs:dropbear":1,"minecraft:slime":29,"minecraft:squid":1,"minecraft:wither_skeleton":30},"minecraft:custom":{"minecraft:interact_with_crafting_table":236,"minecraft:open_barrel":2,"minecraft:leave_game":11,"minecraft:time_since_death":1774,"minecraft:play_time":665034,"minecraft:deaths":86,"minecraft:jump":16490,"minecraft:interact_with_furnace":89,"minecraft:traded_with_villager":1,"minecraft:sleep_in_bed":4,"minecraft:damage_dealt":71931,"minecraft:interact_with_smoker":62,"minecraft:use_cauldron":4,"minecraft:horse_one_cm":4919,"minecraft:interact_with_anvil":1,"minecraft:damage_dealt_absorbed":139,"minecraft:sneak_time":26424,"minecraft:interact_with_blast_furnace":61,"minecraft:total_world_time":665034,"minecraft:time_since_rest":1803,"minecraft:swim_one_cm":127597,"minecraft:fly_one_cm":3075204,"minecraft:open_chest":155,"minecraft:fall_one_cm":570271,"lootr:looted_stat":85,"minecraft:animals_bred":9,"minecraft:sprint_one_cm":1632408,"minecraft:drop":282,"minecraft:talked_to_villager":8,"minecraft:interact_with_brewingstand":1,"minecraft:walk_on_water_one_cm":53779,"minecraft:player_kills":1,"minecraft:crouch_one_cm":133240,"minecraft:mob_kills":683,"minecraft:fill_cauldron":1,"minecraft:climb_one_cm":8198,"minecraft:walk_one_cm":2610958,"minecraft:walk_under_water_one_cm":50941,"minecraft:boat_one_cm":20,"minecraft:damage_taken":36222,"minecraft:damage_absorbed":100,"minecraft:trigger_trapped_chest":6},"minecraft:used":{"minecraft:moss_block":3,"minecraft:nether_brick_fence":1,"minecraft:chest":2,"minecraft:quartz_stairs":8,"minecraft:rotten_flesh":18,"create:fluid_tank":13,"minecraft:skeleton_spawn_egg":1,"biomesoplenty:redwood_fence":1,"minecraft:allium":7,"minecraft:azure_bluet":1,"minecraft:lava_bucket":8,"minecraft:quartz_pillar":30,"friendsandfoes:totem_of_illusion":1,"minecraft:grass_block":2,"minecraft:quartz_block":23,"minecraft:dark_oak_slab":2,"minecraft:bow":42,"minecraft:sweet_berries":1,"create:shaft":7,"create:steam_engine":2,"minecraft:furnace":5,"minecraft:egg":2,"minecraft:wooden_pickaxe":37,"minecraft:dark_oak_trapdoor":8,"minecraft:blast_furnace":4,"rats:cheese":51,"minecraft:fire_charge":3,"minecraft:wooden_sword":32,"minecraft:dark_oak_fence":1,"minecraft:stone_sword":74,"biomesoplenty:redwood_door":2,"minecraft:carved_pumpkin":2,"simplyswords:iron_warglaive":255,"minecraft:netherrack":102,"minecraft:torch":52,"minecraft:anvil":1,"simplyswords:iron_katana":299,"minecraft:iron_axe":59,"biomesoplenty:redwood_wood":181,"create:wrench":17,"minecraft:iron_block":18,"create:gearbox":2,"minecraft:basalt":1,"domesticationinnovation:pet_bed_white":3,"create:fluid_pipe":5,"minecraft:cobbled_deepslate":3,"minecraft:pointed_dripstone":4,"minecraft:wheat_seeds":8,"minecraft:water_bucket":46,"minecraft:cauldron":3,"rats:block_of_cheese":2,"create:encased_fan":1,"minecraft:tnt":2,"minecraft:crafting_table":26,"minecraft:white_bed":2,"minecraft:campfire":4,"mowziesmobs:wrought_axe":365,"minecraft:diamond_pickaxe":165,"minecraft:diamond_shovel":263,"minecraft:iron_pickaxe":500,"create:water_wheel":4,"minecraft:cobblestone":132,"minecraft:potion":2,"minecraft:cooked_porkchop":42,"magistuarmory:knight_chestplate":1,"biomesoplenty:redwood_stairs":2,"minecraft:moss_carpet":2,"minecraft:diamond_hoe":2761,"minecraft:zombie_spawn_egg":3,"minecraft:player_head":5,"minecraft:iron_chestplate":3,"create:cogwheel":5,"minecraft:carrot":2,"minecraft:milk_bucket":4,"minecraft:obsidian":10,"minecraft:honey_bottle":2,"minecraft:glow_squid_spawn_egg":1,"minecraft:quartz_slab":20,"biomesoplenty:fir_sapling":1,"minecraft:iron_helmet":1,"simplyswords:diamond_cutlass":547,"rats:rat_burger":4,"minecraft:golden_sword":9,"minecraft:gold_block":4,"minecraft:end_rod":4,"minecraft:stone_pickaxe":144,"biomesoplenty:fir_planks":52,"minecraft:diamond_axe":260,"biomesoplenty:stripped_redwood_wood":3,"simplyswords:iron_chakram":162,"minecraft:mushroom_stew":2,"minecraft:crossbow":2,"minecraft:shears":3,"minecraft:bread":23,"minecraft:cyan_bed":1,"minecraft:golden_helmet":1,"minecraft:coarse_dirt":5,"rats:trash_can":2,"minecraft:bone_meal":33,"create:large_cogwheel":4,"minecraft:flint_and_steel":3,"biomesoplenty:redwood_planks":770,"minecraft:cooked_chicken":7,"create:mechanical_pump":2,"minecraft:dirt":397,"biomesoplenty:redwood_log":6,"minecraft:iron_hoe":673,"minecraft:dark_oak_planks":4,"minecraft:wooden_axe":69,"alexsmobs:maggot":1,"minecraft:iron_boots":1,"biomesoplenty:redwood_boat":2,"minecraft:golden_carrot":14,"minecraft:soul_soil":1,"minecraft:wolf_spawn_egg":1,"minecraft:cooked_beef":22,"biomesoplenty:redwood_slab":18,"minecraft:pumpkin":4,"minecraft:iron_leggings":1,"minecraft:cooked_mutton":14,"minecraft:cobblestone_stairs":1,"farmersdelight:onion":7,"simplyswords:iron_twinblade":250,"mynethersdelight:strider_egg":2,"minecraft:smoker":5,"minecraft:apple":1,"create:mechanical_press":2,"create:large_water_wheel":10,"minecraft:stone_axe":76,"minecraft:bucket":59,"minecraft:pumpkin_pie":11,"minecraft:gray_wool":1},"minecraft:broken":{"magistuarmory:knight_boots":1,"minecraft:diamond_helmet":1,"minecraft:iron_boots":1,"minecraft:iron_leggings":1,"simplyswords:iron_warglaive":1,"simplyswords:iron_twinblade":1,"minecraft:golden_sword":1,"minecraft:iron_hoe":2,"minecraft:diamond_leggings":1,"minecraft:iron_axe":1,"minecraft:iron_pickaxe":1,"minecraft:iron_helmet":1,"simplyswords:iron_katana":1,"minecraft:diamond_boots":1,"magistuarmory:knight_chestplate":1},"minecraft:picked_up":{"minecraft:slime_spawn_egg":5,"minecraft:lead":3,"minecraft:wither_rose":1,"minecraft:brewing_stand":1,"minecraft:golden_sword":1,"minecraft:amethyst_block":5,"minecraft:string":43,"minecraft:dark_oak_trapdoor":8,"minecraft:soul_soil":1,"minecraft:gold_nugget":33,"minecraft:cobbled_deepslate":25,"biomesoplenty:redwood_wood":603,"minecraft:golden_helmet":2,"rats:rat_skull":1,"create:andesite_casing":6,"minecraft:cauldron":2,"minecraft:zombie_spawn_egg":5,"minecraft:stone_sword":2,"minecraft:honey_bottle":1,"farmersdelight:onion":20,"biomesoplenty:redwood_fence":7,"minecraft:cow_spawn_egg":1,"minecraft:iron_block":10,"minecraft:carved_pumpkin":3,"farmersdelight:rope":9,"minecraft:end_rod":4,"minecraft:wolf_spawn_egg":1,"minecraft:blaze_rod":1,"biomesoplenty:lavender":4,"minecraft:cooked_beef":6,"minecraft:feather":10,"farmersdelight:rice":6,"minecraft:brown_wool":2,"minecraft:smoker":4,"biomesoplenty:fir_sapling":49,"biomesoplenty:fir_log":200,"minecraft:glow_squid_spawn_egg":1,"minecraft:zombie_villager_spawn_egg":1,"alexscaves:galena":9,"minecraft:glowstone_dust":24,"minecraft:moss_block":4,"minecraft:sheep_spawn_egg":1,"mynethersdelight:hoglin_loin":14,"minecraft:ink_sac":2,"minecraft:fermented_spider_eye":4,"minecraft:dark_oak_log":1,"minecraft:wither_skeleton_spawn_egg":6,"minecraft:white_candle":2,"minecraft:granite":5,"minecraft:chainmail_helmet":1,"minecraft:bread":14,"alexsmobs:maggot":1,"biomesoplenty:redwood_log":40,"minecraft:dark_oak_fence":5,"iceandfire:raw_silver":1,"create:copper_sheet":22,"sophisticatedbackpacks:gold_backpack":1,"minecraft:coarse_dirt":5,"minecraft:crafting_table":13,"iceandfire:witherbone":19,"friendsandfoes:totem_of_illusion":1,"minecraft:flint_and_steel":1,"iceandfire:graveyard_soil":2,"minecraft:beef":37,"minecraft:iron_nugget":8,"minecraft:diamond_hoe":2,"minecraft:egg":7,"rats:plastic_waste":3,"sophisticatedbackpacks:backpack":1,"minecraft:fire_charge":2,"farmersdelight:tomato_seeds":4,"minecraft:carrot":22,"minecraft:redstone":194,"rats:block_of_cheese":2,"magistuarmory:steel_ingot":1,"biomesoplenty:jacaranda_log":4,"minecraft:gold_ingot":18,"biomesoplenty:redwood_sapling":75,"rats:rat_burger":3,"minecraft:mutton":42,"minecraft:white_wool":35,"create:iron_sheet":10,"magistuarmory:armet":1,"minecraft:red_mushroom":8,"minecraft:oak_log":2,"rats:rat_pelt":3,"mowziesmobs:wrought_axe":1,"minecraft:apple":1,"minecraft:kelp":260,"minecraft:dark_oak_slab":2,"minecraft:sweet_berries":12,"minecraft:gravel":4,"minecraft:spruce_sapling":1,"minecraft:spruce_log":10,"minecraft:diamond_shovel":1,"minecraft:slime_ball":19,"minecraft:gray_wool":5,"minecraft:ender_pearl":3,"minecraft:wheat":8,"rats:trash_can":1,"minecraft:nether_brick_fence":1,"biomesoplenty:stripped_redwood_wood":5,"minecraft:nether_brick":2,"minecraft:potion":1,"minecraft:raw_copper":268,"biomesoplenty:brimstone":1,"alexsmobs:dropbear_claw":2,"biomesoplenty:redwood_slab":11,"biomesoplenty:fir_planks":29,"minecraft:bucket":2,"minecraft:rose_bush":3,"minecraft:iron_pickaxe":3,"minecraft:deepslate_tile_wall":1,"minecraft:furnace":5,"iceandfire:pixie_dust":2,"biomesoplenty:rose_quartz_block":6,"minecraft:stick":60,"biomesoplenty:redwood_boat":1,"minecraft:torch":45,"alexscaves:raw_azure_neodymium":14,"minecraft:porkchop":42,"minecraft:pointed_dripstone":21,"create:large_cogwheel":1,"minecraft:quartz_block":2,"minecraft:rotten_flesh":125,"artifacts:panic_necklace":2,"minecraft:obsidian":21,"minecraft:cobblestone":495,"minecraft:magma_cream":53,"create:fluid_tank":8,"minecraft:andesite":87,"create:raw_zinc":16,"minecraft:wither_skeleton_skull":3,"rats:raw_rat":15,"skilltree:gem":5,"minecraft:dirt":503,"minecraft:glass":19,"minecraft:bone":94,"minecraft:bow":15,"minecraft:wheat_seeds":59,"minecraft:raw_gold":91,"minecraft:cooked_porkchop":2,"create:cogwheel":1,"minecraft:sand":26,"minecraft:grass_block":2,"minecraft:cyan_bed":1,"minecraft:mossy_cobblestone":4,"minecraft:skeleton_spawn_egg":2,"minecraft:diamond":725,"minecraft:crossbow":2,"minecraft:bone_meal":3,"minecraft:emerald":180,"biomesoplenty:pink_daffodil":1,"minecraft:netherrack":107,"minecraft:fishing_rod":1,"minecraft:allium":60,"minecraft:azure_bluet":11,"minecraft:chicken":7,"domesticationinnovation:pet_bed_white":2,"minecraft:brown_mushroom":26,"minecraft:wooden_pickaxe":2,"minecraft:shield":1,"minecraft:magma_cube_spawn_egg":24,"minecraft:moss_carpet":5,"minecraft:iron_axe":1,"rats:garbage_pile":20,"minecraft:blackstone":2,"minecraft:candle":3,"magistuarmory:knight_leggings":1,"minecraft:player_head":5,"magistuarmory:knight_boots":1,"minecraft:sugar_cane":31,"minecraft:raw_iron":1168,"create:golden_sheet":4,"minecraft:copper_ingot":22,"endrem:nether_eye":2,"minecraft:zombified_piglin_spawn_egg":1,"minecraft:dark_oak_planks":5,"artifacts:snorkel":2,"biomesoplenty:redwood_planks":373,"minecraft:arrow":10,"artifacts:running_shoes":2,"minecraft:skeleton_skull":1,"mynethersdelight:strider_egg":2,"minecraft:basalt":37,"minecraft:golden_carrot":3,"minecraft:glow_ink_sac":27,"minecraft:salmon":6,"minecraft:leather":24,"rats:cheese":46,"minecraft:mushroom_stew":2,"iceandfire:ectoplasm":1,"minecraft:gunpowder":49,"minecraft:cobblestone_stairs":2,"minecraft:cooked_mutton":3,"simplyswords:iron_warglaive":1,"minecraft:iron_ingot":15,"minecraft:cooked_chicken":2,"sophisticatedbackpacks:diamond_backpack":1,"minecraft:pillager_spawn_egg":1,"minecraft:oak_slab":3,"create:large_water_wheel":5,"minecraft:black_candle":1,"minecraft:pumpkin":2,"minecraft:stone_brick_slab":2,"minecraft:quartz":1526,"magistuarmory:knight_chestplate":2,"mowziesmobs:wrought_helmet":1,"minecraft:blast_furnace":4,"minecraft:spider_eye":9,"alexsmobs:raw_catfish":4,"minecraft:pumpkin_seeds":12,"alexscaves:azure_neodymium_pillar":12,"minecraft:black_wool":2,"minecraft:coal":1541}},"DataVersion":3465}