{"stats":{"minecraft:mined":{"minecraft:grass":1,"biomesoplenty:fir_leaves":32},"minecraft:killed_by":{"minecraft:zombie":2,"minecraft:spider":1,"iceandfire:ghost":1},"minecraft:picked_up":{"minecraft:stick":1,"biomesoplenty:fir_sapling":1},"minecraft:custom":{"minecraft:jump":71,"minecraft:time_since_rest":1,"minecraft:damage_taken":1030,"minecraft:damage_dealt":66,"minecraft:crouch_one_cm":678,"minecraft:leave_game":1,"minecraft:sprint_one_cm":7575,"minecraft:play_time":12010,"minecraft:walk_one_cm":15558,"minecraft:time_since_death":0,"minecraft:deaths":4,"minecraft:sneak_time":217,"minecraft:total_world_time":12010,"minecraft:fall_one_cm":8731,"minecraft:fly_one_cm":15115}},"DataVersion":3465}