{"stats":{"minecraft:mined":{"minecraft:farmland":1,"minecraft:cobblestone_stairs":2,"create:andesite_casing":6,"minecraft:sculk_vein":1,"minecraft:grass_block":21,"minecraft:oxeye_daisy":1,"rats:block_of_cheese":1,"minecraft:tall_seagrass":10,"minecraft:raw_iron_block":1,"minecraft:iron_ore":13,"biomesoplenty:lavender":2,"biomesoplenty:redwood_fence":4,"minecraft:moss_carpet":1,"minecraft:azure_bluet":2,"minecraft:pointed_dripstone":7,"minecraft:brown_mushroom":3,"minecraft:smoker":3,"minecraft:torch":6,"minecraft:blast_furnace":2,"minecraft:cobblestone":11,"rats:rat_hole":1,"minecraft:sugar_cane":15,"rats:trash_can":1,"minecraft:wall_torch":5,"minecraft:cauldron":2,"create:large_water_wheel":3,"minecraft:skeleton_skull":1,"minecraft:seagrass":3,"minecraft:wheat":7,"biomesoplenty:fir_log":18,"minecraft:wither_rose":1,"minecraft:grass":53,"biomesoplenty:clover":23,"minecraft:oak_log":3,"domesticationinnovation:pet_bed_white":1,"minecraft:sand":26,"minecraft:dirt":51,"minecraft:oak_leaves":3,"create:zinc_ore":6,"iceandfire:silver_ore":1,"minecraft:mossy_cobblestone":4,"create:fluid_tank":8,"minecraft:dark_oak_fence":1,"biomesoplenty:bush":3,"minecraft:allium":2,"create:large_cogwheel":1,"minecraft:red_mushroom":3,"minecraft:moss_block":3,"minecraft:large_fern":7,"farmersdelight:wild_onions":23,"biomesoplenty:jacaranda_log":2,"minecraft:furnace":6,"minecraft:carrots":2,"minecraft:andesite":46,"treechop:chopped_log":12,"biomesoplenty:high_grass":5,"minecraft:deepslate_iron_ore":1,"minecraft:vine":1,"minecraft:stone":171,"minecraft:white_wool":1,"minecraft:podzol":1,"minecraft:oak_slab":1,"biomesoplenty:redwood_planks":7,"minecraft:crafting_table":13,"minecraft:emerald_ore":5,"biomesoplenty:fir_planks":29,"minecraft:tall_grass":7,"biomesoplenty:high_grass_plant":23,"minecraft:copper_ore":2,"biomesoplenty:huge_clover_petal":16,"minecraft:sculk":13,"create:water_wheel_structure":1,"minecraft:coarse_dirt":3,"biomesoplenty:pink_daffodil":2,"minecraft:spruce_log":1,"minecraft:coal_ore":30,"biomesoplenty:fir_leaves":101,"minecraft:gravel":4,"biomesoplenty:redwood_wood":6,"minecraft:fern":25},"minecraft:used":{"minecraft:moss_block":3,"minecraft:moss_carpet":2,"minecraft:chest":2,"minecraft:zombie_spawn_egg":3,"minecraft:player_head":5,"minecraft:rotten_flesh":16,"minecraft:iron_chestplate":1,"create:fluid_tank":13,"create:cogwheel":5,"biomesoplenty:redwood_fence":1,"minecraft:azure_bluet":1,"minecraft:milk_bucket":4,"minecraft:glow_squid_spawn_egg":1,"minecraft:lava_bucket":2,"biomesoplenty:fir_sapling":1,"minecraft:iron_helmet":1,"minecraft:dark_oak_slab":2,"create:shaft":7,"create:steam_engine":2,"minecraft:furnace":5,"minecraft:egg":2,"minecraft:stone_pickaxe":144,"minecraft:wooden_pickaxe":37,"biomesoplenty:fir_planks":52,"minecraft:dark_oak_trapdoor":8,"simplyswords:iron_chakram":162,"minecraft:blast_furnace":4,"minecraft:bread":5,"rats:cheese":2,"minecraft:golden_helmet":1,"minecraft:wooden_sword":32,"minecraft:dark_oak_fence":1,"minecraft:coarse_dirt":5,"rats:trash_can":2,"minecraft:bone_meal":21,"create:large_cogwheel":4,"minecraft:stone_sword":74,"biomesoplenty:redwood_planks":79,"minecraft:cooked_chicken":7,"minecraft:torch":19,"create:mechanical_pump":2,"minecraft:dirt":180,"minecraft:anvil":1,"simplyswords:iron_katana":178,"biomesoplenty:redwood_log":6,"minecraft:dark_oak_planks":4,"minecraft:wooden_axe":69,"alexsmobs:maggot":1,"create:wrench":17,"minecraft:iron_axe":6,"create:gearbox":2,"biomesoplenty:redwood_wood":1,"minecraft:iron_boots":1,"domesticationinnovation:pet_bed_white":3,"minecraft:wolf_spawn_egg":1,"create:fluid_pipe":5,"minecraft:cooked_beef":22,"minecraft:pointed_dripstone":4,"minecraft:wheat_seeds":8,"minecraft:cooked_mutton":14,"minecraft:water_bucket":24,"minecraft:cobblestone_stairs":1,"minecraft:cauldron":3,"rats:block_of_cheese":2,"farmersdelight:onion":7,"create:encased_fan":1,"minecraft:crafting_table":19,"simplyswords:iron_twinblade":250,"minecraft:campfire":4,"minecraft:white_bed":2,"minecraft:smoker":5,"minecraft:apple":1,"create:mechanical_press":2,"minecraft:iron_pickaxe":194,"create:water_wheel":4,"create:large_water_wheel":10,"minecraft:stone_axe":76,"minecraft:cobblestone":119,"minecraft:cooked_porkchop":9,"magistuarmory:knight_chestplate":1,"minecraft:bucket":28},"minecraft:killed_by":{"iceandfire:cyclops":2,"minecraft:creeper":4,"minecraft:vindicator":1,"minecraft:zombie":15,"minecraft:cow":1,"minecraft:spider":4,"minecraft:skeleton":2,"iceandfire:ghost":6},"minecraft:killed":{"minecraft:witch":2,"minecraft:spider":16,"minecraft:zombie_horse":3,"minecraft:skeleton":14,"alexsmobs:banana_slug":1,"minecraft:chicken":6,"minecraft:wolf":1,"minecraft:pig":4,"minecraft:creeper":29,"minecraft:sheep":7,"minecraft:pillager":4,"minecraft:zombie":47,"iceandfire:pixie":2,"minecraft:cow":16,"minecraft:slime":26,"minecraft:wandering_trader":1,"alexsmobs:catfish":2,"iceandfire:ghost":4},"minecraft:broken":{"minecraft:iron_boots":1,"minecraft:iron_leggings":1,"simplyswords:iron_twinblade":1,"minecraft:iron_axe":1,"minecraft:iron_helmet":1},"minecraft:picked_up":{"minecraft:slime_spawn_egg":5,"minecraft:wheat":5,"rats:trash_can":1,"minecraft:lead":3,"minecraft:wither_rose":1,"minecraft:string":20,"minecraft:dark_oak_trapdoor":8,"minecraft:raw_copper":251,"biomesoplenty:fir_planks":29,"minecraft:iron_pickaxe":1,"biomesoplenty:redwood_wood":181,"minecraft:furnace":5,"minecraft:golden_helmet":2,"iceandfire:pixie_dust":2,"minecraft:stick":38,"minecraft:torch":15,"create:andesite_casing":6,"minecraft:porkchop":17,"minecraft:pointed_dripstone":21,"minecraft:cauldron":2,"create:large_cogwheel":1,"minecraft:zombie_spawn_egg":5,"minecraft:rotten_flesh":66,"biomesoplenty:redwood_fence":4,"farmersdelight:onion":20,"farmersdelight:rope":9,"minecraft:wolf_spawn_egg":1,"minecraft:cobblestone":302,"biomesoplenty:lavender":2,"minecraft:cooked_beef":6,"minecraft:feather":6,"create:fluid_tank":8,"minecraft:andesite":46,"minecraft:brown_wool":1,"minecraft:smoker":4,"biomesoplenty:fir_sapling":49,"biomesoplenty:fir_log":200,"create:raw_zinc":5,"skilltree:gem":3,"minecraft:dirt":263,"minecraft:glow_squid_spawn_egg":1,"minecraft:bone":39,"minecraft:bow":3,"minecraft:wheat_seeds":33,"minecraft:moss_block":4,"minecraft:sheep_spawn_egg":1,"create:cogwheel":1,"minecraft:sand":26,"minecraft:dark_oak_log":1,"minecraft:mossy_cobblestone":4,"minecraft:skeleton_spawn_egg":1,"biomesoplenty:pink_daffodil":1,"minecraft:emerald":112,"alexsmobs:maggot":1,"minecraft:dark_oak_fence":3,"iceandfire:raw_silver":1,"create:copper_sheet":22,"sophisticatedbackpacks:gold_backpack":1,"biomesoplenty:redwood_log":32,"minecraft:fishing_rod":1,"minecraft:coarse_dirt":5,"minecraft:crafting_table":13,"minecraft:allium":43,"minecraft:azure_bluet":4,"minecraft:chicken":6,"minecraft:brown_mushroom":2,"minecraft:wooden_pickaxe":2,"domesticationinnovation:pet_bed_white":2,"minecraft:moss_carpet":5,"minecraft:iron_axe":1,"rats:garbage_pile":8,"iceandfire:graveyard_soil":1,"minecraft:candle":3,"minecraft:beef":28,"magistuarmory:knight_leggings":1,"minecraft:player_head":5,"magistuarmory:knight_boots":1,"minecraft:sugar_cane":29,"minecraft:egg":4,"minecraft:raw_iron":614,"create:golden_sheet":4,"minecraft:copper_ingot":22,"sophisticatedbackpacks:backpack":1,"minecraft:carrot":7,"minecraft:redstone":2,"minecraft:dark_oak_planks":5,"rats:block_of_cheese":2,"biomesoplenty:redwood_planks":9,"minecraft:arrow":5,"magistuarmory:steel_ingot":1,"biomesoplenty:jacaranda_log":4,"minecraft:gold_ingot":7,"biomesoplenty:redwood_sapling":19,"minecraft:mutton":31,"minecraft:skeleton_skull":1,"minecraft:white_wool":23,"create:iron_sheet":10,"minecraft:glow_ink_sac":27,"minecraft:leather":15,"magistuarmory:armet":1,"minecraft:red_mushroom":2,"rats:cheese":2,"minecraft:oak_log":2,"minecraft:gunpowder":35,"minecraft:cobblestone_stairs":2,"minecraft:cooked_mutton":3,"minecraft:apple":1,"minecraft:iron_ingot":7,"minecraft:cooked_chicken":2,"minecraft:oak_slab":1,"minecraft:dark_oak_slab":2,"create:large_water_wheel":5,"minecraft:pumpkin":1,"minecraft:stone_brick_slab":2,"magistuarmory:knight_chestplate":2,"minecraft:gravel":4,"minecraft:spruce_sapling":1,"minecraft:blast_furnace":2,"minecraft:spruce_log":10,"minecraft:spider_eye":8,"alexsmobs:raw_catfish":2,"minecraft:slime_ball":18,"minecraft:gray_wool":2,"minecraft:coal":1512,"minecraft:ender_pearl":1},"minecraft:custom":{"lootr:looted_stat":9,"minecraft:animals_bred":6,"minecraft:interact_with_crafting_table":170,"minecraft:open_barrel":2,"minecraft:leave_game":5,"minecraft:time_since_death":63533,"minecraft:sprint_one_cm":857182,"minecraft:drop":99,"minecraft:talked_to_villager":4,"minecraft:play_time":308194,"minecraft:deaths":37,"minecraft:jump":8531,"minecraft:walk_on_water_one_cm":16699,"minecraft:interact_with_furnace":70,"minecraft:traded_with_villager":1,"minecraft:sleep_in_bed":3,"minecraft:damage_dealt":28027,"minecraft:player_kills":1,"minecraft:crouch_one_cm":18073,"minecraft:interact_with_smoker":31,"minecraft:use_cauldron":4,"minecraft:horse_one_cm":4919,"minecraft:mob_kills":236,"minecraft:fill_cauldron":1,"minecraft:climb_one_cm":619,"minecraft:walk_one_cm":1029159,"minecraft:damage_dealt_absorbed":59,"minecraft:sneak_time":5576,"minecraft:walk_under_water_one_cm":15162,"minecraft:interact_with_blast_furnace":49,"minecraft:total_world_time":308194,"minecraft:time_since_rest":61824,"minecraft:damage_taken":14545,"minecraft:damage_absorbed":31,"minecraft:trigger_trapped_chest":3,"minecraft:swim_one_cm":47489,"minecraft:fly_one_cm":1744223,"minecraft:open_chest":81,"minecraft:fall_one_cm":322187},"minecraft:crafted":{"minecraft:smooth_stone":6,"minecraft:oak_planks":8,"minecraft:barrel":8,"simplyswords:iron_katana":2,"minecraft:cooked_chicken":5,"biomesoplenty:redwood_slab":24,"minecraft:stone":6,"minecraft:cooked_mutton":28,"minecraft:iron_boots":1,"create:mechanical_press":1,"minecraft:chest":2,"minecraft:copper_block":1,"create:cogwheel":10,"minecraft:smoker":2,"minecraft:cauldron":2,"biomesoplenty:jacaranda_planks":16,"minecraft:cooked_porkchop":12,"minecraft:crafting_table":11,"minecraft:spruce_planks":36,"create:fluid_pipe":8,"minecraft:wooden_pickaxe":6,"minecraft:iron_helmet":1,"minecraft:copper_ingot":64,"minecraft:campfire":6,"create:mechanical_mixer":1,"biomesoplenty:fir_planks":360,"create:gearbox":1,"rats:cheese":4,"create:encased_fan":1,"magistuarmory:horse_decoration":1,"minecraft:iron_chestplate":1,"create:water_wheel":4,"minecraft:stick":60,"create:mechanical_pump":2,"minecraft:iron_ingot":282,"minecraft:iron_pickaxe":1,"minecraft:iron_block":4,"minecraft:stone_sword":3,"create:large_cogwheel":6,"create:propeller":1,"minecraft:shears":1,"minecraft:wooden_sword":4,"create:wrench":1,"create:steam_engine":1,"rats:trash_can":1,"minecraft:iron_nugget":63,"simplyswords:iron_twinblade":1,"domesticationinnovation:pet_bed_white":1,"minecraft:furnace":7,"minecraft:blast_furnace":2,"minecraft:bone_meal":21,"minecraft:iron_axe":1,"magistuarmory:steel_ingot":25,"create:fluid_tank":8,"minecraft:stone_pickaxe":3,"minecraft:cooked_beef":17,"create:andesite_alloy":23,"simplyswords:iron_chakram":3,"biomesoplenty:redwood_planks":272,"create:large_water_wheel":3,"minecraft:bucket":2,"minecraft:stone_axe":3,"minecraft:air":0,"minecraft:white_wool":1,"create:whisk":1,"minecraft:wooden_axe":5,"minecraft:iron_leggings":1,"minecraft:anvil":1,"minecraft:white_bed":2,"create:shaft":40,"minecraft:torch":44},"minecraft:dropped":{"minecraft:cooked_beef":1,"minecraft:cooked_porkchop":1,"sophisticatedbackpacks:gold_backpack":1,"create:iron_sheet":1,"minecraft:gold_ingot":11,"minecraft:cooked_mutton":15,"magistuarmory:knight_chestplate":1,"iceandfire:pixie_dust":1,"rats:garbage_pile":1,"minecraft:iron_ingot":82,"minecraft:wheat_seeds":12,"simplyswords:iron_chakram":1,"minecraft:copper_ingot":44,"magistuarmory:steel_ingot":25,"minecraft:raw_iron":256,"sophisticatedbackpacks:backpack":1,"minecraft:name_tag":1}},"DataVersion":3465}