{"stats":{"minecraft:crafted":{"minecraft:cooked_beef":6,"minecraft:wooden_sword":4,"minecraft:smooth_stone":3,"minecraft:oak_planks":8,"biomesoplenty:jacaranda_planks":16,"minecraft:cooked_porkchop":2,"minecraft:iron_nugget":9,"minecraft:crafting_table":9,"simplyswords:iron_twinblade":1,"simplyswords:iron_chakram":1,"minecraft:spruce_planks":36,"minecraft:iron_helmet":1,"minecraft:wooden_pickaxe":6,"minecraft:blast_furnace":1,"minecraft:furnace":3,"minecraft:stone":3,"minecraft:stone_axe":3,"minecraft:cooked_mutton":5,"minecraft:air":0,"biomesoplenty:fir_planks":360,"minecraft:iron_chestplate":1,"minecraft:iron_boots":1,"minecraft:stick":60,"minecraft:iron_ingot":34,"minecraft:iron_pickaxe":1,"minecraft:stone_pickaxe":3,"minecraft:wooden_axe":5,"minecraft:stone_sword":3,"minecraft:iron_leggings":1,"minecraft:torch":24},"minecraft:custom":{"lootr:looted_stat":4,"minecraft:interact_with_furnace":50,"minecraft:mob_kills":60,"minecraft:interact_with_crafting_table":58,"minecraft:leave_game":3,"minecraft:time_since_death":21437,"minecraft:time_since_rest":21454,"minecraft:sprint_one_cm":289942,"minecraft:damage_taken":7527,"minecraft:walk_one_cm":284766,"minecraft:trigger_trapped_chest":1,"minecraft:damage_dealt":5966,"minecraft:swim_one_cm":9674,"minecraft:talked_to_villager":1,"minecraft:fly_one_cm":684718,"minecraft:crouch_one_cm":6680,"minecraft:play_time":132916,"minecraft:deaths":25,"minecraft:sneak_time":2953,"minecraft:walk_under_water_one_cm":4082,"minecraft:jump":2840,"minecraft:interact_with_blast_furnace":11,"minecraft:walk_on_water_one_cm":6316,"minecraft:total_world_time":132916,"minecraft:fall_one_cm":129526},"minecraft:killed_by":{"minecraft:skeleton":1,"minecraft:creeper":2,"minecraft:spider":4,"minecraft:zombie":10,"iceandfire:ghost":6,"minecraft:cow":1},"minecraft:mined":{"minecraft:oak_slab":1,"minecraft:brown_mushroom":3,"iceandfire:silver_ore":1,"minecraft:mossy_cobblestone":3,"minecraft:crafting_table":12,"minecraft:blast_furnace":1,"minecraft:allium":1,"minecraft:grass_block":7,"biomesoplenty:fir_planks":29,"biomesoplenty:high_grass_plant":23,"minecraft:copper_ore":2,"minecraft:tall_grass":7,"minecraft:cobblestone":8,"minecraft:red_mushroom":3,"minecraft:oxeye_daisy":1,"minecraft:wall_torch":3,"minecraft:skeleton_skull":1,"farmersdelight:wild_onions":8,"biomesoplenty:jacaranda_log":2,"minecraft:furnace":4,"minecraft:iron_ore":12,"biomesoplenty:pink_daffodil":2,"biomesoplenty:lavender":2,"minecraft:spruce_log":1,"treechop:chopped_log":11,"minecraft:deepslate_iron_ore":1,"biomesoplenty:fir_log":18,"minecraft:grass":37,"minecraft:oak_log":3,"minecraft:coal_ore":29,"biomesoplenty:high_grass":5,"biomesoplenty:fir_leaves":101,"minecraft:dirt":14,"minecraft:stone":115,"minecraft:fern":15,"create:zinc_ore":6},"minecraft:picked_up":{"minecraft:slime_spawn_egg":1,"biomesoplenty:lavender":2,"minecraft:allium":11,"minecraft:crafting_table":12,"minecraft:glow_ink_sac":27,"minecraft:leather":6,"minecraft:brown_mushroom":2,"minecraft:wooden_pickaxe":2,"minecraft:red_mushroom":2,"biomesoplenty:fir_sapling":49,"biomesoplenty:fir_log":200,"create:raw_zinc":5,"minecraft:oak_log":2,"minecraft:gunpowder":3,"minecraft:glow_squid_spawn_egg":1,"skilltree:gem":3,"minecraft:string":2,"minecraft:dirt":32,"minecraft:raw_copper":251,"minecraft:bone":9,"biomesoplenty:fir_planks":29,"minecraft:beef":13,"minecraft:player_head":5,"minecraft:furnace":4,"minecraft:egg":4,"minecraft:oak_slab":1,"minecraft:stick":22,"minecraft:raw_iron":457,"minecraft:torch":4,"minecraft:porkchop":5,"minecraft:spruce_sapling":1,"minecraft:blast_furnace":1,"minecraft:spruce_log":10,"minecraft:mossy_cobblestone":3,"minecraft:slime_ball":10,"minecraft:zombie_spawn_egg":3,"minecraft:rotten_flesh":16,"biomesoplenty:jacaranda_log":4,"farmersdelight:onion":5,"farmersdelight:rope":9,"minecraft:wolf_spawn_egg":1,"biomesoplenty:pink_daffodil":1,"minecraft:fishing_rod":1,"iceandfire:raw_silver":1,"minecraft:skeleton_skull":1,"minecraft:mutton":5,"minecraft:coal":710,"minecraft:white_wool":3,"minecraft:cobblestone":136},"minecraft:used":{"minecraft:cooked_mutton":3,"minecraft:stone_sword":66,"minecraft:stone_pickaxe":144,"minecraft:wooden_pickaxe":37,"biomesoplenty:fir_planks":52,"minecraft:player_head":5,"minecraft:rotten_flesh":3,"minecraft:iron_chestplate":1,"minecraft:torch":5,"farmersdelight:onion":7,"minecraft:dirt":14,"simplyswords:iron_chakram":50,"minecraft:crafting_table":15,"minecraft:blast_furnace":1,"simplyswords:iron_twinblade":39,"minecraft:glow_squid_spawn_egg":1,"minecraft:wooden_axe":69,"minecraft:iron_pickaxe":9,"biomesoplenty:fir_sapling":1,"minecraft:iron_helmet":1,"minecraft:iron_boots":1,"minecraft:golden_helmet":1,"minecraft:stone_axe":31,"minecraft:wooden_sword":32,"minecraft:cobblestone":57,"minecraft:furnace":4,"minecraft:cooked_porkchop":2,"minecraft:egg":2,"minecraft:cooked_beef":5},"minecraft:killed":{"minecraft:wolf":1,"minecraft:pig":2,"minecraft:spider":1,"minecraft:slime":14,"minecraft:creeper":4,"minecraft:skeleton":1,"minecraft:sheep":3,"minecraft:zombie":11,"alexsmobs:banana_slug":1,"iceandfire:ghost":1,"minecraft:cow":6}},"DataVersion":3465}