{"stats":{"minecraft:used":{"minecraft:moss_carpet":2,"minecraft:stone_sword":74,"biomesoplenty:redwood_planks":8,"minecraft:chest":2,"minecraft:zombie_spawn_egg":3,"minecraft:player_head":5,"minecraft:cooked_chicken":7,"minecraft:rotten_flesh":6,"minecraft:iron_chestplate":1,"minecraft:torch":14,"minecraft:dirt":164,"simplyswords:iron_katana":46,"minecraft:milk_bucket":2,"minecraft:glow_squid_spawn_egg":1,"minecraft:dark_oak_planks":4,"minecraft:wooden_axe":69,"minecraft:iron_axe":5,"biomesoplenty:fir_sapling":1,"minecraft:iron_helmet":1,"minecraft:dark_oak_slab":2,"minecraft:iron_boots":1,"domesticationinnovation:pet_bed_white":2,"minecraft:wolf_spawn_egg":1,"minecraft:furnace":5,"minecraft:egg":2,"minecraft:cooked_beef":13,"minecraft:cooked_mutton":10,"minecraft:stone_pickaxe":144,"minecraft:wooden_pickaxe":37,"biomesoplenty:fir_planks":52,"minecraft:cauldron":3,"rats:block_of_cheese":1,"minecraft:dark_oak_trapdoor":8,"farmersdelight:onion":7,"simplyswords:iron_chakram":132,"minecraft:crafting_table":18,"simplyswords:iron_twinblade":250,"minecraft:blast_furnace":4,"minecraft:white_bed":2,"minecraft:smoker":3,"minecraft:apple":1,"minecraft:iron_pickaxe":73,"minecraft:golden_helmet":1,"minecraft:stone_axe":48,"minecraft:wooden_sword":32,"minecraft:cobblestone":112,"minecraft:cooked_porkchop":3,"minecraft:dark_oak_fence":1,"magistuarmory:knight_chestplate":1,"minecraft:bucket":2,"minecraft:coarse_dirt":5,"rats:trash_can":2,"minecraft:moss_block":3},"minecraft:mined":{"create:zinc_ore":6,"iceandfire:silver_ore":1,"minecraft:mossy_cobblestone":3,"minecraft:dark_oak_fence":1,"minecraft:allium":2,"biomesoplenty:bush":3,"minecraft:grass_block":8,"minecraft:moss_block":3,"minecraft:red_mushroom":3,"minecraft:oxeye_daisy":1,"minecraft:large_fern":7,"farmersdelight:wild_onions":22,"biomesoplenty:jacaranda_log":2,"minecraft:furnace":6,"minecraft:iron_ore":13,"biomesoplenty:lavender":2,"minecraft:moss_carpet":1,"treechop:chopped_log":12,"minecraft:vine":1,"biomesoplenty:high_grass":5,"minecraft:deepslate_iron_ore":1,"minecraft:stone":146,"minecraft:white_wool":1,"minecraft:oak_slab":1,"minecraft:brown_mushroom":3,"minecraft:smoker":2,"minecraft:crafting_table":13,"minecraft:torch":2,"minecraft:blast_furnace":2,"biomesoplenty:fir_planks":29,"biomesoplenty:high_grass_plant":23,"minecraft:copper_ore":2,"minecraft:tall_grass":7,"minecraft:cobblestone":8,"rats:trash_can":1,"minecraft:wall_torch":3,"minecraft:cauldron":2,"minecraft:skeleton_skull":1,"minecraft:coarse_dirt":3,"biomesoplenty:pink_daffodil":2,"minecraft:spruce_log":1,"minecraft:wither_rose":1,"biomesoplenty:fir_log":18,"minecraft:grass":40,"biomesoplenty:clover":3,"minecraft:coal_ore":30,"minecraft:oak_log":3,"domesticationinnovation:pet_bed_white":1,"biomesoplenty:fir_leaves":101,"minecraft:dirt":42,"biomesoplenty:redwood_wood":5,"minecraft:oak_leaves":3,"minecraft:fern":25},"minecraft:killed_by":{"iceandfire:cyclops":2,"minecraft:creeper":3,"minecraft:spider":4,"minecraft:vindicator":1,"minecraft:skeleton":1,"minecraft:zombie":11,"iceandfire:ghost":6,"minecraft:cow":1},"minecraft:killed":{"minecraft:witch":1,"minecraft:spider":6,"minecraft:slime":26,"minecraft:zombie_horse":2,"minecraft:skeleton":12,"alexsmobs:banana_slug":1,"minecraft:chicken":5,"minecraft:wolf":1,"minecraft:pig":4,"minecraft:creeper":22,"minecraft:sheep":7,"minecraft:pillager":4,"minecraft:zombie":32,"iceandfire:ghost":4,"iceandfire:pixie":2,"minecraft:cow":16},"minecraft:broken":{"simplyswords:iron_twinblade":1,"minecraft:iron_axe":1},"minecraft:picked_up":{"minecraft:coarse_dirt":5,"biomesoplenty:redwood_log":32,"minecraft:fishing_rod":1,"minecraft:slime_spawn_egg":5,"minecraft:crafting_table":13,"minecraft:allium":43,"rats:trash_can":1,"minecraft:chicken":5,"minecraft:brown_mushroom":2,"minecraft:lead":2,"minecraft:wooden_pickaxe":2,"domesticationinnovation:pet_bed_white":1,"minecraft:wither_rose":1,"minecraft:dark_oak_trapdoor":8,"minecraft:moss_carpet":5,"minecraft:string":9,"minecraft:iron_axe":1,"minecraft:raw_copper":251,"rats:garbage_pile":2,"iceandfire:graveyard_soil":1,"minecraft:candle":3,"biomesoplenty:fir_planks":29,"minecraft:beef":28,"minecraft:player_head":5,"minecraft:iron_pickaxe":1,"biomesoplenty:redwood_wood":29,"minecraft:furnace":5,"minecraft:egg":4,"minecraft:golden_helmet":1,"iceandfire:pixie_dust":2,"minecraft:stick":33,"minecraft:raw_iron":614,"minecraft:torch":8,"sophisticatedbackpacks:backpack":1,"minecraft:porkchop":16,"minecraft:carrot":1,"minecraft:cauldron":2,"minecraft:dark_oak_planks":5,"rats:block_of_cheese":1,"minecraft:zombie_spawn_egg":5,"minecraft:arrow":5,"minecraft:rotten_flesh":46,"magistuarmory:steel_ingot":1,"biomesoplenty:jacaranda_log":4,"farmersdelight:onion":20,"farmersdelight:rope":9,"minecraft:wolf_spawn_egg":1,"biomesoplenty:redwood_sapling":15,"minecraft:mutton":31,"minecraft:skeleton_skull":1,"minecraft:white_wool":18,"minecraft:cobblestone":264,"biomesoplenty:lavender":2,"minecraft:feather":4,"minecraft:cooked_beef":6,"minecraft:glow_ink_sac":27,"minecraft:leather":15,"minecraft:smoker":3,"minecraft:red_mushroom":2,"biomesoplenty:fir_sapling":49,"biomesoplenty:fir_log":200,"create:raw_zinc":5,"minecraft:oak_log":2,"minecraft:gunpowder":28,"skilltree:gem":3,"minecraft:glow_squid_spawn_egg":1,"minecraft:dirt":224,"minecraft:cooked_mutton":3,"minecraft:bone":26,"minecraft:apple":1,"minecraft:bow":2,"minecraft:wheat_seeds":10,"minecraft:cooked_chicken":2,"minecraft:moss_block":4,"minecraft:oak_slab":1,"minecraft:dark_oak_slab":2,"minecraft:sheep_spawn_egg":1,"minecraft:pumpkin":1,"minecraft:stone_brick_slab":2,"magistuarmory:knight_chestplate":2,"minecraft:spruce_sapling":1,"minecraft:blast_furnace":2,"minecraft:spruce_log":10,"minecraft:spider_eye":1,"minecraft:dark_oak_log":1,"minecraft:mossy_cobblestone":3,"minecraft:slime_ball":18,"alexsmobs:maggot":1,"minecraft:emerald":3,"biomesoplenty:pink_daffodil":1,"minecraft:dark_oak_fence":3,"minecraft:coal":1453,"iceandfire:raw_silver":1,"minecraft:ender_pearl":1},"minecraft:custom":{"lootr:looted_stat":9,"minecraft:mob_kills":169,"minecraft:open_barrel":2,"minecraft:interact_with_crafting_table":92,"minecraft:leave_game":4,"minecraft:time_since_death":55816,"minecraft:climb_one_cm":619,"minecraft:sprint_one_cm":509581,"minecraft:walk_one_cm":649632,"minecraft:drop":7,"minecraft:damage_dealt_absorbed":59,"minecraft:talked_to_villager":1,"minecraft:play_time":219886,"minecraft:deaths":31,"minecraft:sneak_time":4122,"minecraft:walk_under_water_one_cm":4082,"minecraft:jump":5668,"minecraft:interact_with_blast_furnace":30,"minecraft:walk_on_water_one_cm":6316,"minecraft:total_world_time":219886,"minecraft:interact_with_furnace":62,"minecraft:sleep_in_bed":2,"minecraft:time_since_rest":4407,"minecraft:damage_taken":11119,"minecraft:damage_absorbed":31,"minecraft:trigger_trapped_chest":3,"minecraft:damage_dealt":20791,"minecraft:swim_one_cm":9674,"minecraft:player_kills":1,"minecraft:fly_one_cm":1183499,"minecraft:open_chest":16,"minecraft:crouch_one_cm":10208,"minecraft:interact_with_smoker":15,"minecraft:use_cauldron":2,"minecraft:fall_one_cm":221606},"minecraft:crafted":{"minecraft:wooden_sword":4,"minecraft:oak_planks":8,"minecraft:smooth_stone":6,"rats:trash_can":1,"minecraft:iron_nugget":9,"simplyswords:iron_twinblade":1,"simplyswords:iron_katana":1,"minecraft:cooked_chicken":5,"domesticationinnovation:pet_bed_white":1,"minecraft:furnace":6,"minecraft:blast_furnace":2,"biomesoplenty:redwood_slab":6,"minecraft:stone":6,"minecraft:cooked_mutton":9,"minecraft:iron_boots":1,"minecraft:stone_pickaxe":3,"minecraft:chest":2,"minecraft:smoker":1,"minecraft:cooked_beef":9,"minecraft:cauldron":2,"biomesoplenty:jacaranda_planks":16,"minecraft:cooked_porkchop":5,"minecraft:crafting_table":10,"simplyswords:iron_chakram":3,"minecraft:spruce_planks":36,"biomesoplenty:redwood_planks":56,"minecraft:iron_helmet":1,"minecraft:wooden_pickaxe":6,"minecraft:bucket":2,"minecraft:stone_axe":3,"minecraft:air":0,"biomesoplenty:fir_planks":360,"minecraft:white_wool":1,"minecraft:iron_chestplate":1,"minecraft:stick":60,"minecraft:iron_ingot":104,"minecraft:iron_pickaxe":1,"minecraft:wooden_axe":5,"minecraft:stone_sword":3,"minecraft:iron_leggings":1,"minecraft:white_bed":2,"minecraft:torch":32,"minecraft:shears":1},"minecraft:dropped":{"minecraft:iron_ingot":35,"minecraft:cooked_beef":1,"simplyswords:iron_chakram":1,"sophisticatedbackpacks:backpack":1,"magistuarmory:knight_chestplate":1,"iceandfire:pixie_dust":1,"rats:garbage_pile":1}},"DataVersion":3465}