{"stats":{"minecraft:mined":{"minecraft:farmland":1,"minecraft:cobblestone_stairs":2,"create:andesite_casing":6,"minecraft:sculk_vein":8,"alexscaves:azure_neodymium_pillar":9,"minecraft:carved_pumpkin":3,"minecraft:grass_block":23,"minecraft:soul_soil":1,"minecraft:oxeye_daisy":1,"rats:block_of_cheese":1,"minecraft:tall_seagrass":10,"minecraft:raw_iron_block":1,"minecraft:iron_ore":14,"biomesoplenty:lavender":2,"biomesoplenty:violet":1,"biomesoplenty:redwood_fence":4,"minecraft:pumpkin":1,"minecraft:moss_carpet":1,"minecraft:azure_bluet":3,"minecraft:pointed_dripstone":7,"minecraft:black_candle":1,"minecraft:iron_block":10,"minecraft:brown_mushroom":7,"minecraft:smoker":3,"minecraft:torch":8,"minecraft:blast_furnace":2,"minecraft:calcite":1,"minecraft:poppy":2,"alexscaves:energized_galena_scarlet":2,"minecraft:white_candle":1,"minecraft:cobblestone":16,"rats:rat_hole":1,"minecraft:sugar_cane":16,"rats:trash_can":1,"minecraft:wall_torch":10,"minecraft:amethyst_block":5,"minecraft:cauldron":2,"create:large_water_wheel":3,"minecraft:skeleton_skull":1,"minecraft:seagrass":3,"minecraft:wheat":7,"biomesoplenty:fir_log":18,"minecraft:wither_rose":1,"minecraft:grass":56,"biomesoplenty:clover":36,"minecraft:oak_log":3,"domesticationinnovation:pet_bed_white":1,"minecraft:sand":26,"minecraft:dirt":55,"minecraft:deepslate":2,"minecraft:oak_leaves":3,"create:zinc_ore":17,"minecraft:dark_oak_leaves":2,"iceandfire:silver_ore":1,"minecraft:mossy_cobblestone":4,"create:fluid_tank":8,"minecraft:dark_oak_fence":1,"biomesoplenty:bush":3,"minecraft:allium":2,"create:large_cogwheel":1,"minecraft:spruce_leaves":7,"minecraft:moss_block":3,"minecraft:red_mushroom":3,"alexscaves:galena":1,"minecraft:large_fern":7,"farmersdelight:wild_onions":28,"biomesoplenty:jacaranda_log":2,"minecraft:furnace":6,"minecraft:carrots":2,"minecraft:andesite":47,"treechop:chopped_log":12,"biomesoplenty:high_grass":5,"minecraft:deepslate_iron_ore":1,"minecraft:vine":2,"biomesoplenty:spider_egg":1,"minecraft:stone":322,"minecraft:white_wool":1,"minecraft:podzol":1,"minecraft:oak_slab":1,"biomesoplenty:redwood_planks":51,"alexscaves:azure_neodymium_node":1,"minecraft:crafting_table":13,"minecraft:emerald_ore":5,"biomesoplenty:fir_planks":29,"minecraft:tall_grass":7,"biomesoplenty:high_grass_plant":23,"minecraft:copper_ore":2,"biomesoplenty:huge_clover_petal":31,"minecraft:sculk":38,"create:water_wheel_structure":1,"minecraft:coarse_dirt":3,"biomesoplenty:pink_daffodil":2,"minecraft:spruce_log":1,"minecraft:coal_ore":30,"biomesoplenty:fir_leaves":101,"minecraft:end_rod":1,"minecraft:gravel":4,"biomesoplenty:redwood_wood":6,"minecraft:fern":25},"minecraft:used":{"minecraft:moss_block":3,"minecraft:moss_carpet":2,"minecraft:chest":2,"minecraft:zombie_spawn_egg":3,"minecraft:player_head":5,"minecraft:rotten_flesh":16,"minecraft:iron_chestplate":1,"create:fluid_tank":13,"create:cogwheel":5,"biomesoplenty:redwood_fence":1,"minecraft:allium":7,"minecraft:azure_bluet":1,"minecraft:milk_bucket":4,"minecraft:glow_squid_spawn_egg":1,"minecraft:lava_bucket":2,"minecraft:grass_block":2,"biomesoplenty:fir_sapling":1,"minecraft:iron_helmet":1,"minecraft:dark_oak_slab":2,"rats:rat_burger":4,"create:shaft":7,"create:steam_engine":2,"minecraft:furnace":5,"minecraft:egg":2,"minecraft:stone_pickaxe":144,"minecraft:wooden_pickaxe":37,"biomesoplenty:fir_planks":52,"minecraft:dark_oak_trapdoor":8,"simplyswords:iron_chakram":162,"minecraft:blast_furnace":4,"minecraft:crossbow":2,"minecraft:shears":3,"minecraft:bread":15,"rats:cheese":27,"minecraft:golden_helmet":1,"minecraft:wooden_sword":32,"minecraft:dark_oak_fence":1,"minecraft:coarse_dirt":5,"rats:trash_can":2,"minecraft:bone_meal":21,"create:large_cogwheel":4,"minecraft:stone_sword":74,"minecraft:carved_pumpkin":2,"biomesoplenty:redwood_planks":187,"simplyswords:iron_warglaive":179,"minecraft:cooked_chicken":7,"minecraft:torch":34,"create:mechanical_pump":2,"minecraft:dirt":273,"minecraft:anvil":1,"simplyswords:iron_katana":299,"biomesoplenty:redwood_log":6,"minecraft:iron_hoe":31,"minecraft:wooden_axe":69,"minecraft:dark_oak_planks":4,"alexsmobs:maggot":1,"minecraft:iron_block":18,"create:wrench":17,"minecraft:iron_axe":59,"create:gearbox":2,"biomesoplenty:redwood_wood":1,"minecraft:iron_boots":1,"biomesoplenty:redwood_boat":1,"domesticationinnovation:pet_bed_white":3,"minecraft:soul_soil":1,"minecraft:wolf_spawn_egg":1,"create:fluid_pipe":5,"minecraft:cooked_beef":22,"minecraft:cobbled_deepslate":2,"minecraft:pumpkin":4,"minecraft:pointed_dripstone":4,"minecraft:wheat_seeds":8,"minecraft:cooked_mutton":14,"minecraft:water_bucket":24,"minecraft:cobblestone_stairs":1,"minecraft:cauldron":3,"rats:block_of_cheese":2,"farmersdelight:onion":7,"create:encased_fan":1,"minecraft:crafting_table":22,"simplyswords:iron_twinblade":250,"minecraft:white_bed":2,"minecraft:campfire":4,"minecraft:smoker":5,"minecraft:apple":1,"create:mechanical_press":2,"minecraft:iron_pickaxe":398,"create:water_wheel":4,"create:large_water_wheel":10,"minecraft:stone_axe":76,"minecraft:cobblestone":130,"minecraft:cooked_porkchop":11,"magistuarmory:knight_chestplate":1,"minecraft:bucket":32},"minecraft:killed_by":{"iceandfire:cyclops":2,"minecraft:creeper":5,"minecraft:vindicator":1,"minecraft:zombie":15,"minecraft:cow":1,"minecraft:spider":4,"minecraft:enderman":1,"minecraft:skeleton":2,"iceandfire:ghost":6},"minecraft:killed":{"minecraft:cave_spider":1,"minecraft:witch":2,"minecraft:spider":26,"minecraft:zombie_horse":4,"minecraft:skeleton":21,"alexsmobs:banana_slug":1,"minecraft:chicken":7,"minecraft:wolf":2,"minecraft:pig":5,"minecraft:zombie_villager":1,"minecraft:salmon":7,"minecraft:creeper":41,"minecraft:sheep":14,"minecraft:pillager":4,"minecraft:zombie":64,"iceandfire:pixie":2,"minecraft:cow":16,"minecraft:slime":26,"minecraft:horse":1,"minecraft:wandering_trader":1,"minecraft:squid":1,"alexsmobs:catfish":3,"iceandfire:ghost":7,"minecraft:enderman":2},"minecraft:broken":{"minecraft:iron_boots":1,"simplyswords:iron_katana":1,"minecraft:iron_leggings":1,"simplyswords:iron_twinblade":1,"minecraft:iron_axe":1,"minecraft:iron_pickaxe":1,"minecraft:iron_helmet":1},"minecraft:picked_up":{"minecraft:slime_spawn_egg":5,"minecraft:wheat":8,"rats:trash_can":1,"minecraft:lead":3,"minecraft:wither_rose":1,"minecraft:amethyst_block":5,"minecraft:soul_soil":1,"minecraft:string":38,"minecraft:dark_oak_trapdoor":8,"minecraft:raw_copper":251,"minecraft:cobbled_deepslate":2,"biomesoplenty:fir_planks":29,"minecraft:rose_bush":3,"minecraft:iron_pickaxe":1,"biomesoplenty:redwood_wood":182,"minecraft:furnace":5,"minecraft:golden_helmet":2,"iceandfire:pixie_dust":2,"minecraft:stick":38,"biomesoplenty:redwood_boat":1,"minecraft:torch":24,"alexscaves:raw_azure_neodymium":14,"create:andesite_casing":6,"minecraft:porkchop":19,"minecraft:pointed_dripstone":21,"minecraft:cauldron":2,"create:large_cogwheel":1,"minecraft:zombie_spawn_egg":5,"minecraft:rotten_flesh":90,"biomesoplenty:redwood_fence":7,"farmersdelight:onion":20,"minecraft:iron_block":10,"minecraft:carved_pumpkin":3,"farmersdelight:rope":9,"minecraft:end_rod":1,"minecraft:wolf_spawn_egg":1,"minecraft:cobblestone":462,"biomesoplenty:lavender":2,"minecraft:feather":10,"minecraft:cooked_beef":6,"farmersdelight:rice":6,"create:fluid_tank":8,"minecraft:andesite":47,"minecraft:brown_wool":2,"minecraft:smoker":4,"biomesoplenty:fir_sapling":49,"biomesoplenty:fir_log":200,"create:raw_zinc":16,"rats:raw_rat":4,"minecraft:zombie_villager_spawn_egg":1,"skilltree:gem":4,"minecraft:glow_squid_spawn_egg":1,"minecraft:dirt":331,"alexscaves:galena":9,"minecraft:glass":19,"minecraft:bone":50,"minecraft:bow":3,"minecraft:wheat_seeds":52,"minecraft:moss_block":4,"minecraft:sheep_spawn_egg":1,"create:cogwheel":1,"minecraft:sand":26,"minecraft:ink_sac":2,"minecraft:grass_block":2,"minecraft:mossy_cobblestone":4,"minecraft:dark_oak_log":1,"minecraft:skeleton_spawn_egg":2,"minecraft:white_candle":2,"minecraft:crossbow":1,"minecraft:bread":14,"minecraft:chainmail_helmet":1,"minecraft:emerald":112,"biomesoplenty:pink_daffodil":1,"alexsmobs:maggot":1,"minecraft:dark_oak_fence":3,"iceandfire:raw_silver":1,"create:copper_sheet":22,"sophisticatedbackpacks:gold_backpack":1,"biomesoplenty:redwood_log":32,"minecraft:fishing_rod":1,"minecraft:coarse_dirt":5,"minecraft:crafting_table":13,"minecraft:allium":60,"minecraft:azure_bluet":9,"minecraft:chicken":7,"minecraft:brown_mushroom":6,"minecraft:wooden_pickaxe":2,"domesticationinnovation:pet_bed_white":2,"minecraft:shield":1,"minecraft:moss_carpet":5,"minecraft:iron_axe":1,"rats:garbage_pile":8,"iceandfire:graveyard_soil":2,"minecraft:candle":3,"minecraft:beef":28,"magistuarmory:knight_leggings":1,"minecraft:player_head":5,"magistuarmory:knight_boots":1,"minecraft:sugar_cane":31,"minecraft:egg":4,"minecraft:raw_iron":1168,"rats:plastic_waste":1,"create:golden_sheet":4,"minecraft:copper_ingot":22,"sophisticatedbackpacks:backpack":1,"minecraft:carrot":7,"minecraft:redstone":2,"minecraft:dark_oak_planks":5,"rats:block_of_cheese":2,"biomesoplenty:redwood_planks":56,"minecraft:arrow":5,"magistuarmory:steel_ingot":1,"biomesoplenty:jacaranda_log":4,"minecraft:gold_ingot":7,"rats:rat_burger":3,"biomesoplenty:redwood_sapling":33,"minecraft:mutton":42,"minecraft:skeleton_skull":1,"minecraft:white_wool":35,"create:iron_sheet":10,"minecraft:glow_ink_sac":27,"minecraft:salmon":6,"minecraft:leather":15,"magistuarmory:armet":1,"minecraft:red_mushroom":8,"rats:cheese":46,"minecraft:oak_log":2,"iceandfire:ectoplasm":1,"minecraft:gunpowder":49,"minecraft:cobblestone_stairs":2,"minecraft:cooked_mutton":3,"minecraft:apple":1,"simplyswords:iron_warglaive":1,"minecraft:iron_ingot":7,"minecraft:cooked_chicken":2,"minecraft:oak_slab":3,"minecraft:black_candle":1,"minecraft:dark_oak_slab":2,"create:large_water_wheel":5,"minecraft:pumpkin":2,"minecraft:stone_brick_slab":2,"magistuarmory:knight_chestplate":2,"minecraft:gravel":4,"minecraft:spruce_sapling":1,"minecraft:blast_furnace":2,"minecraft:spruce_log":10,"minecraft:spider_eye":9,"alexsmobs:raw_catfish":2,"minecraft:pumpkin_seeds":12,"minecraft:slime_ball":18,"minecraft:gray_wool":4,"alexscaves:azure_neodymium_pillar":12,"minecraft:black_wool":2,"minecraft:coal":1512,"minecraft:ender_pearl":3},"minecraft:custom":{"lootr:looted_stat":20,"minecraft:animals_bred":8,"minecraft:interact_with_crafting_table":199,"minecraft:open_barrel":2,"minecraft:leave_game":7,"minecraft:time_since_death":32314,"minecraft:sprint_one_cm":1052392,"minecraft:drop":136,"minecraft:talked_to_villager":5,"minecraft:play_time":411120,"minecraft:deaths":39,"minecraft:jump":10818,"minecraft:walk_on_water_one_cm":28658,"minecraft:interact_with_furnace":83,"minecraft:traded_with_villager":1,"minecraft:sleep_in_bed":4,"minecraft:damage_dealt":39824,"minecraft:player_kills":1,"minecraft:crouch_one_cm":24166,"minecraft:interact_with_smoker":48,"minecraft:use_cauldron":4,"minecraft:horse_one_cm":4919,"minecraft:interact_with_anvil":1,"minecraft:mob_kills":319,"minecraft:fill_cauldron":1,"minecraft:climb_one_cm":3190,"minecraft:walk_one_cm":1417126,"minecraft:damage_dealt_absorbed":139,"minecraft:sneak_time":6840,"minecraft:walk_under_water_one_cm":29728,"minecraft:boat_one_cm":20,"minecraft:interact_with_blast_furnace":56,"minecraft:total_world_time":411120,"minecraft:time_since_rest":32337,"minecraft:damage_taken":16500,"minecraft:damage_absorbed":100,"minecraft:trigger_trapped_chest":6,"minecraft:swim_one_cm":84233,"minecraft:fly_one_cm":2058584,"minecraft:open_chest":111,"minecraft:fall_one_cm":396246},"minecraft:crafted":{"minecraft:smooth_stone":6,"minecraft:oak_planks":8,"minecraft:barrel":8,"simplyswords:iron_katana":2,"minecraft:cooked_chicken":5,"biomesoplenty:redwood_slab":24,"minecraft:stone":6,"minecraft:cooked_mutton":28,"minecraft:glass":26,"minecraft:iron_boots":1,"create:mechanical_press":1,"minecraft:chest":2,"minecraft:copper_block":1,"create:cogwheel":10,"minecraft:raw_iron_block":57,"minecraft:smoker":2,"minecraft:cauldron":2,"biomesoplenty:jacaranda_planks":16,"minecraft:cooked_porkchop":14,"minecraft:crafting_table":14,"minecraft:spruce_planks":36,"create:fluid_pipe":8,"minecraft:wooden_pickaxe":6,"minecraft:iron_helmet":1,"minecraft:copper_ingot":64,"minecraft:hay_block":1,"minecraft:campfire":6,"farmersdelight:wheat_dough":12,"create:mechanical_mixer":1,"biomesoplenty:fir_planks":360,"create:gearbox":1,"rats:cheese":12,"create:encased_fan":1,"biomesoplenty:redwood_boat":1,"minecraft:iron_chestplate":1,"magistuarmory:horse_decoration":1,"create:water_wheel":4,"minecraft:stick":80,"create:mechanical_pump":2,"minecraft:iron_ingot":407,"minecraft:iron_pickaxe":2,"minecraft:iron_block":18,"minecraft:stone_sword":3,"create:large_cogwheel":6,"create:propeller":1,"minecraft:shears":2,"minecraft:wooden_sword":4,"create:wrench":1,"create:steam_engine":1,"rats:trash_can":1,"minecraft:iron_nugget":68,"simplyswords:iron_twinblade":1,"domesticationinnovation:pet_bed_white":1,"minecraft:furnace":7,"minecraft:blast_furnace":2,"minecraft:bone_meal":21,"simplyswords:iron_warglaive":1,"minecraft:iron_axe":1,"minecraft:iron_hoe":1,"magistuarmory:steel_ingot":25,"create:fluid_tank":8,"minecraft:stone_pickaxe":3,"minecraft:cooked_beef":17,"create:andesite_alloy":23,"simplyswords:iron_chakram":3,"biomesoplenty:redwood_planks":344,"create:large_water_wheel":3,"iceandfire:pixie_jar_empty":3,"minecraft:bucket":2,"rats:rat_burger":6,"minecraft:stone_axe":3,"minecraft:bread":12,"minecraft:air":0,"rats:cooked_rat":6,"create:whisk":1,"minecraft:white_wool":1,"minecraft:wooden_axe":5,"minecraft:iron_leggings":1,"minecraft:anvil":1,"minecraft:white_bed":2,"create:shaft":40,"minecraft:torch":124},"minecraft:dropped":{"rats:cheese":1,"minecraft:cooked_beef":1,"rats:rat_burger":4,"biomesoplenty:redwood_fence":6,"minecraft:cooked_porkchop":1,"farmersdelight:rice":6,"iceandfire:graveyard_soil":1,"minecraft:cobblestone_stairs":1,"sophisticatedbackpacks:gold_backpack":1,"iceandfire:pixie_jar_empty":1,"create:iron_sheet":1,"minecraft:gold_ingot":11,"biomesoplenty:redwood_sapling":14,"minecraft:cooked_mutton":15,"minecraft:azure_bluet":4,"magistuarmory:knight_chestplate":1,"iceandfire:pixie_dust":1,"minecraft:arrow":3,"minecraft:glass":19,"rats:garbage_pile":1,"minecraft:iron_ingot":82,"minecraft:oak_slab":3,"minecraft:wheat_seeds":28,"minecraft:golden_helmet":1,"simplyswords:iron_chakram":1,"minecraft:cobblestone":1,"minecraft:feather":2,"minecraft:copper_ingot":44,"minecraft:gray_wool":4,"skilltree:gem":1,"minecraft:brown_wool":2,"magistuarmory:steel_ingot":25,"rats:raw_rat":4,"minecraft:raw_iron":320,"sophisticatedbackpacks:backpack":1,"minecraft:name_tag":1,"minecraft:pumpkin_seeds":14,"minecraft:allium":10}},"DataVersion":3465}