{"stats":{"minecraft:mined":{"minecraft:farmland":1,"minecraft:sculk_vein":215,"create:andesite_casing":6,"minecraft:cobblestone_stairs":2,"alexscaves:azure_neodymium_pillar":9,"minecraft:brewing_stand":1,"minecraft:obsidian":2,"minecraft:granite":6,"minecraft:carved_pumpkin":3,"minecraft:deepslate_tile_wall":1,"minecraft:grass_block":23,"minecraft:soul_soil":1,"minecraft:oxeye_daisy":1,"rats:block_of_cheese":1,"minecraft:tall_seagrass":21,"biomesoplenty:tall_lavender":1,"minecraft:raw_iron_block":1,"minecraft:sculk_catalyst":2,"minecraft:cobbled_deepslate":2,"minecraft:iron_ore":14,"biomesoplenty:lavender":2,"biomesoplenty:violet":1,"biomesoplenty:redwood_fence":4,"minecraft:pumpkin":1,"minecraft:moss_carpet":1,"minecraft:azure_bluet":3,"minecraft:sculk_shrieker":41,"minecraft:pointed_dripstone":7,"minecraft:black_candle":1,"minecraft:iron_block":10,"minecraft:deepslate_redstone_ore":2,"minecraft:brown_mushroom":7,"minecraft:kelp_plant":65,"minecraft:smoker":3,"minecraft:torch":10,"minecraft:blast_furnace":4,"minecraft:calcite":1,"minecraft:poppy":2,"minecraft:dead_bush":1,"alexscaves:energized_galena_scarlet":2,"minecraft:cobblestone":18,"minecraft:white_candle":1,"minecraft:cyan_bed":1,"rats:rat_hole":1,"minecraft:sugar_cane":16,"rats:trash_can":1,"minecraft:wall_torch":13,"minecraft:amethyst_block":5,"minecraft:cauldron":2,"create:large_water_wheel":3,"minecraft:skeleton_skull":1,"minecraft:seagrass":21,"minecraft:wheat":7,"biomesoplenty:fir_log":18,"minecraft:wither_rose":1,"minecraft:grass":71,"biomesoplenty:clover":37,"minecraft:oak_log":3,"domesticationinnovation:pet_bed_white":1,"minecraft:sand":26,"minecraft:dirt":55,"minecraft:oak_leaves":3,"minecraft:deepslate":27,"create:zinc_ore":17,"minecraft:deepslate_diamond_ore":8,"iceandfire:silver_ore":1,"minecraft:dark_oak_leaves":2,"minecraft:mossy_cobblestone":4,"create:fluid_tank":8,"minecraft:dark_oak_fence":2,"biomesoplenty:bush":5,"minecraft:allium":2,"create:large_cogwheel":1,"minecraft:spruce_leaves":7,"minecraft:moss_block":3,"minecraft:red_mushroom":3,"alexscaves:galena":1,"minecraft:large_fern":7,"farmersdelight:wild_onions":28,"biomesoplenty:jacaranda_log":2,"minecraft:furnace":6,"minecraft:carrots":2,"minecraft:andesite":87,"treechop:chopped_log":12,"biomesoplenty:high_grass":5,"minecraft:deepslate_iron_ore":1,"minecraft:vine":2,"biomesoplenty:spider_egg":1,"minecraft:stone":342,"minecraft:white_wool":1,"minecraft:podzol":1,"minecraft:oak_slab":1,"biomesoplenty:redwood_planks":61,"alexscaves:azure_neodymium_node":1,"minecraft:crafting_table":13,"minecraft:emerald_ore":5,"biomesoplenty:fir_planks":29,"minecraft:sculk_sensor":31,"biomesoplenty:high_grass_plant":23,"minecraft:tall_grass":14,"minecraft:copper_ore":2,"farmersdelight:wild_tomatoes":5,"biomesoplenty:huge_clover_petal":36,"minecraft:sculk":3159,"minecraft:gray_wool":1,"create:water_wheel_structure":1,"minecraft:coarse_dirt":3,"biomesoplenty:pink_daffodil":2,"minecraft:spruce_log":1,"minecraft:coal_ore":30,"biomesoplenty:fir_leaves":102,"minecraft:end_rod":4,"minecraft:gravel":4,"minecraft:gold_ore":2,"biomesoplenty:redwood_wood":6,"minecraft:deepslate_emerald_ore":1,"minecraft:fern":26},"minecraft:used":{"minecraft:moss_block":3,"minecraft:moss_carpet":2,"minecraft:diamond_hoe":2741,"minecraft:chest":2,"minecraft:zombie_spawn_egg":3,"minecraft:player_head":5,"minecraft:rotten_flesh":18,"minecraft:iron_chestplate":1,"create:fluid_tank":13,"minecraft:skeleton_spawn_egg":1,"create:cogwheel":5,"biomesoplenty:redwood_fence":1,"minecraft:allium":7,"minecraft:azure_bluet":1,"minecraft:milk_bucket":4,"minecraft:glow_squid_spawn_egg":1,"minecraft:lava_bucket":8,"minecraft:grass_block":2,"biomesoplenty:fir_sapling":1,"minecraft:iron_helmet":1,"simplyswords:diamond_cutlass":100,"minecraft:dark_oak_slab":2,"rats:rat_burger":4,"minecraft:sweet_berries":1,"create:shaft":7,"create:steam_engine":2,"minecraft:furnace":5,"minecraft:egg":2,"minecraft:end_rod":4,"minecraft:stone_pickaxe":144,"minecraft:wooden_pickaxe":37,"biomesoplenty:fir_planks":52,"minecraft:diamond_axe":8,"minecraft:dark_oak_trapdoor":8,"simplyswords:iron_chakram":162,"minecraft:mushroom_stew":2,"minecraft:blast_furnace":4,"minecraft:crossbow":2,"minecraft:shears":3,"minecraft:cyan_bed":1,"minecraft:bread":21,"rats:cheese":35,"minecraft:golden_helmet":1,"minecraft:wooden_sword":32,"minecraft:dark_oak_fence":1,"minecraft:coarse_dirt":5,"create:large_cogwheel":4,"minecraft:bone_meal":33,"rats:trash_can":2,"minecraft:stone_sword":74,"minecraft:carved_pumpkin":2,"biomesoplenty:redwood_planks":465,"simplyswords:iron_warglaive":255,"minecraft:cooked_chicken":7,"minecraft:torch":47,"create:mechanical_pump":2,"minecraft:dirt":274,"minecraft:anvil":1,"simplyswords:iron_katana":299,"biomesoplenty:redwood_log":6,"minecraft:iron_hoe":673,"minecraft:wooden_axe":69,"minecraft:dark_oak_planks":4,"alexsmobs:maggot":1,"minecraft:iron_axe":59,"create:wrench":17,"create:gearbox":2,"minecraft:iron_block":18,"biomesoplenty:redwood_wood":1,"minecraft:iron_boots":1,"biomesoplenty:redwood_boat":1,"domesticationinnovation:pet_bed_white":3,"minecraft:soul_soil":1,"minecraft:wolf_spawn_egg":1,"create:fluid_pipe":5,"minecraft:cooked_beef":22,"minecraft:cobbled_deepslate":3,"minecraft:pumpkin":4,"minecraft:pointed_dripstone":4,"minecraft:wheat_seeds":8,"minecraft:cooked_mutton":14,"minecraft:water_bucket":45,"minecraft:cobblestone_stairs":1,"minecraft:cauldron":3,"rats:block_of_cheese":2,"farmersdelight:onion":7,"create:encased_fan":1,"minecraft:crafting_table":26,"simplyswords:iron_twinblade":250,"minecraft:white_bed":2,"minecraft:campfire":4,"minecraft:smoker":5,"minecraft:diamond_pickaxe":20,"minecraft:apple":1,"minecraft:diamond_shovel":1,"create:mechanical_press":2,"minecraft:iron_pickaxe":500,"create:water_wheel":4,"create:large_water_wheel":10,"minecraft:stone_axe":76,"minecraft:cobblestone":132,"minecraft:potion":1,"minecraft:cooked_porkchop":21,"magistuarmory:knight_chestplate":1,"minecraft:bucket":58,"minecraft:pumpkin_pie":11,"minecraft:gray_wool":1},"minecraft:killed_by":{"iceandfire:cyclops":2,"minecraft:creeper":6,"minecraft:vindicator":3,"artifacts:mimic":1,"minecraft:zombie":15,"minecraft:cow":1,"iceandfire:fire_dragon":1,"minecraft:spider":4,"minecraft:enderman":1,"minecraft:warden":10,"minecraft:skeleton":2,"iceandfire:ghost":6},"minecraft:killed":{"minecraft:cave_spider":1,"minecraft:witch":2,"minecraft:spider":28,"minecraft:zombie_horse":5,"minecraft:skeleton":24,"alexsmobs:banana_slug":1,"minecraft:chicken":7,"minecraft:illusioner":1,"artifacts:mimic":3,"minecraft:wolf":5,"minecraft:pig":9,"minecraft:zombie_villager":1,"minecraft:salmon":7,"minecraft:creeper":42,"minecraft:sheep":14,"minecraft:pillager":7,"minecraft:zombie":74,"iceandfire:pixie":2,"minecraft:cow":19,"minecraft:vindicator":1,"minecraft:slime":26,"minecraft:horse":1,"minecraft:wandering_trader":1,"minecraft:squid":1,"alexsmobs:catfish":4,"iceandfire:ghost":7,"minecraft:enderman":3},"minecraft:broken":{"magistuarmory:knight_boots":1,"minecraft:iron_boots":1,"simplyswords:iron_katana":1,"minecraft:iron_leggings":1,"simplyswords:iron_warglaive":1,"simplyswords:iron_twinblade":1,"magistuarmory:knight_chestplate":1,"minecraft:iron_hoe":2,"minecraft:iron_axe":1,"minecraft:iron_pickaxe":1,"minecraft:iron_helmet":1},"minecraft:picked_up":{"minecraft:slime_spawn_egg":5,"minecraft:wheat":8,"rats:trash_can":1,"minecraft:lead":3,"minecraft:wither_rose":1,"minecraft:potion":1,"minecraft:brewing_stand":1,"minecraft:amethyst_block":5,"minecraft:string":40,"minecraft:dark_oak_trapdoor":8,"minecraft:soul_soil":1,"minecraft:raw_copper":251,"minecraft:cobbled_deepslate":25,"biomesoplenty:fir_planks":29,"minecraft:rose_bush":3,"minecraft:iron_pickaxe":3,"minecraft:deepslate_tile_wall":1,"biomesoplenty:redwood_wood":182,"minecraft:furnace":5,"minecraft:golden_helmet":2,"iceandfire:pixie_dust":2,"minecraft:stick":38,"biomesoplenty:redwood_boat":1,"minecraft:torch":31,"alexscaves:raw_azure_neodymium":14,"create:andesite_casing":6,"minecraft:porkchop":27,"minecraft:pointed_dripstone":21,"minecraft:cauldron":2,"create:large_cogwheel":1,"minecraft:zombie_spawn_egg":5,"minecraft:rotten_flesh":100,"minecraft:cow_spawn_egg":1,"biomesoplenty:redwood_fence":7,"farmersdelight:onion":20,"minecraft:iron_block":10,"minecraft:carved_pumpkin":3,"farmersdelight:rope":9,"minecraft:end_rod":4,"minecraft:wolf_spawn_egg":1,"artifacts:panic_necklace":1,"minecraft:obsidian":2,"minecraft:cobblestone":490,"biomesoplenty:lavender":4,"minecraft:feather":10,"minecraft:cooked_beef":6,"farmersdelight:rice":6,"create:fluid_tank":8,"minecraft:andesite":87,"minecraft:brown_wool":2,"minecraft:smoker":4,"biomesoplenty:fir_sapling":49,"biomesoplenty:fir_log":200,"create:raw_zinc":16,"rats:raw_rat":4,"skilltree:gem":5,"minecraft:glow_squid_spawn_egg":1,"minecraft:dirt":332,"minecraft:zombie_villager_spawn_egg":1,"alexscaves:galena":9,"minecraft:glass":19,"minecraft:bone":52,"minecraft:bow":4,"minecraft:wheat_seeds":59,"minecraft:raw_gold":91,"minecraft:moss_block":4,"minecraft:sheep_spawn_egg":1,"minecraft:cooked_porkchop":2,"create:cogwheel":1,"minecraft:sand":26,"minecraft:ink_sac":2,"minecraft:fermented_spider_eye":2,"minecraft:grass_block":2,"minecraft:cyan_bed":1,"minecraft:dark_oak_log":1,"minecraft:mossy_cobblestone":4,"minecraft:skeleton_spawn_egg":2,"minecraft:white_candle":2,"minecraft:diamond":679,"minecraft:crossbow":1,"minecraft:granite":5,"minecraft:chainmail_helmet":1,"minecraft:bread":14,"minecraft:emerald":180,"alexsmobs:maggot":1,"biomesoplenty:pink_daffodil":1,"minecraft:dark_oak_fence":5,"iceandfire:raw_silver":1,"create:copper_sheet":22,"sophisticatedbackpacks:gold_backpack":1,"biomesoplenty:redwood_log":32,"minecraft:fishing_rod":1,"minecraft:coarse_dirt":5,"minecraft:crafting_table":13,"minecraft:allium":60,"minecraft:azure_bluet":9,"minecraft:chicken":7,"friendsandfoes:totem_of_illusion":1,"minecraft:brown_mushroom":6,"minecraft:wooden_pickaxe":2,"domesticationinnovation:pet_bed_white":2,"minecraft:shield":1,"minecraft:moss_carpet":5,"minecraft:iron_axe":1,"rats:garbage_pile":8,"iceandfire:graveyard_soil":2,"minecraft:candle":3,"minecraft:beef":30,"magistuarmory:knight_leggings":1,"minecraft:player_head":5,"minecraft:iron_nugget":8,"magistuarmory:knight_boots":1,"minecraft:sugar_cane":31,"minecraft:diamond_hoe":2,"minecraft:egg":6,"minecraft:raw_iron":1168,"rats:plastic_waste":1,"create:golden_sheet":4,"minecraft:copper_ingot":22,"sophisticatedbackpacks:backpack":1,"farmersdelight:tomato_seeds":4,"minecraft:carrot":7,"minecraft:redstone":194,"minecraft:dark_oak_planks":5,"rats:block_of_cheese":2,"artifacts:snorkel":2,"biomesoplenty:redwood_planks":63,"minecraft:arrow":7,"magistuarmory:steel_ingot":1,"biomesoplenty:jacaranda_log":4,"minecraft:gold_ingot":7,"biomesoplenty:redwood_sapling":33,"rats:rat_burger":3,"minecraft:mutton":42,"minecraft:skeleton_skull":1,"minecraft:white_wool":35,"create:iron_sheet":10,"minecraft:glow_ink_sac":27,"minecraft:salmon":6,"minecraft:leather":16,"magistuarmory:armet":1,"minecraft:red_mushroom":8,"rats:cheese":46,"minecraft:mushroom_stew":2,"minecraft:oak_log":2,"iceandfire:ectoplasm":1,"minecraft:gunpowder":49,"minecraft:cobblestone_stairs":2,"minecraft:cooked_mutton":3,"minecraft:apple":1,"minecraft:kelp":260,"simplyswords:iron_warglaive":1,"minecraft:iron_ingot":15,"minecraft:cooked_chicken":2,"minecraft:sweet_berries":12,"minecraft:pillager_spawn_egg":1,"minecraft:oak_slab":3,"minecraft:black_candle":1,"minecraft:dark_oak_slab":2,"create:large_water_wheel":5,"minecraft:pumpkin":2,"minecraft:stone_brick_slab":2,"magistuarmory:knight_chestplate":2,"minecraft:gravel":4,"minecraft:spruce_sapling":1,"minecraft:blast_furnace":4,"minecraft:spruce_log":10,"minecraft:spider_eye":9,"alexsmobs:raw_catfish":4,"minecraft:pumpkin_seeds":12,"minecraft:slime_ball":18,"minecraft:gray_wool":5,"alexscaves:azure_neodymium_pillar":12,"minecraft:black_wool":2,"minecraft:coal":1512,"minecraft:ender_pearl":3},"minecraft:custom":{"lootr:looted_stat":47,"minecraft:animals_bred":9,"minecraft:interact_with_crafting_table":209,"minecraft:open_barrel":2,"minecraft:leave_game":9,"minecraft:time_since_death":22380,"minecraft:sprint_one_cm":1392115,"minecraft:drop":194,"minecraft:talked_to_villager":6,"minecraft:play_time":520183,"minecraft:deaths":55,"minecraft:jump":13585,"minecraft:interact_with_brewingstand":1,"minecraft:walk_on_water_one_cm":47360,"minecraft:interact_with_furnace":88,"minecraft:traded_with_villager":1,"minecraft:sleep_in_bed":4,"minecraft:damage_dealt":48503,"minecraft:player_kills":1,"minecraft:crouch_one_cm":93110,"minecraft:interact_with_smoker":54,"minecraft:use_cauldron":4,"minecraft:horse_one_cm":4919,"minecraft:interact_with_anvil":1,"minecraft:mob_kills":361,"minecraft:fill_cauldron":1,"minecraft:climb_one_cm":8198,"minecraft:walk_one_cm":1901551,"minecraft:damage_dealt_absorbed":139,"minecraft:sneak_time":18194,"minecraft:walk_under_water_one_cm":45686,"minecraft:boat_one_cm":20,"minecraft:interact_with_blast_furnace":58,"minecraft:total_world_time":520183,"minecraft:time_since_rest":22392,"minecraft:damage_taken":23845,"minecraft:damage_absorbed":100,"minecraft:trigger_trapped_chest":6,"minecraft:swim_one_cm":120857,"minecraft:fly_one_cm":2613411,"minecraft:open_chest":120,"minecraft:fall_one_cm":487553},"minecraft:crafted":{"minecraft:smooth_stone":6,"minecraft:oak_planks":8,"minecraft:barrel":8,"simplyswords:iron_katana":2,"minecraft:cooked_chicken":5,"biomesoplenty:redwood_slab":24,"minecraft:stone":6,"minecraft:cooked_mutton":28,"minecraft:glass":26,"minecraft:iron_boots":1,"create:mechanical_press":1,"minecraft:chest":2,"minecraft:copper_block":1,"create:cogwheel":10,"minecraft:raw_iron_block":57,"minecraft:smoker":2,"minecraft:cauldron":2,"biomesoplenty:jacaranda_planks":16,"minecraft:cooked_porkchop":23,"minecraft:diamond_axe":1,"minecraft:crafting_table":18,"minecraft:spruce_planks":36,"create:fluid_pipe":8,"minecraft:wooden_pickaxe":6,"minecraft:iron_helmet":1,"minecraft:copper_ingot":64,"minecraft:hay_block":1,"minecraft:campfire":6,"farmersdelight:wheat_dough":12,"create:mechanical_mixer":1,"biomesoplenty:fir_planks":360,"create:gearbox":1,"rats:cheese":12,"create:encased_fan":1,"biomesoplenty:redwood_boat":1,"minecraft:iron_chestplate":1,"magistuarmory:horse_decoration":1,"minecraft:diamond_pickaxe":1,"create:water_wheel":4,"sophisticatedbackpacks:diamond_backpack":1,"minecraft:stick":88,"create:mechanical_pump":2,"minecraft:iron_ingot":416,"minecraft:iron_pickaxe":2,"minecraft:iron_block":18,"minecraft:stone_sword":3,"create:large_cogwheel":6,"create:propeller":1,"minecraft:shears":2,"minecraft:wooden_sword":4,"create:wrench":1,"create:steam_engine":1,"rats:trash_can":1,"minecraft:iron_nugget":77,"simplyswords:iron_twinblade":1,"domesticationinnovation:pet_bed_white":1,"minecraft:furnace":7,"minecraft:blast_furnace":2,"minecraft:bone_meal":36,"simplyswords:iron_warglaive":1,"minecraft:iron_axe":1,"magistuarmory:steel_ingot":25,"minecraft:iron_hoe":3,"minecraft:stone_pickaxe":3,"create:fluid_tank":8,"minecraft:cooked_beef":17,"create:andesite_alloy":23,"simplyswords:iron_chakram":3,"simplyswords:diamond_cutlass":1,"biomesoplenty:redwood_planks":600,"create:large_water_wheel":3,"iceandfire:pixie_jar_empty":3,"minecraft:bucket":2,"rats:rat_burger":6,"minecraft:stone_axe":3,"minecraft:bread":12,"minecraft:air":0,"rats:cooked_rat":6,"minecraft:white_wool":1,"create:whisk":1,"minecraft:wooden_axe":5,"minecraft:iron_leggings":1,"minecraft:anvil":1,"minecraft:white_bed":2,"create:shaft":40,"minecraft:torch":124},"minecraft:dropped":{"rats:cheese":1,"minecraft:cooked_beef":1,"minecraft:glow_ink_sac":27,"rats:rat_burger":4,"minecraft:diamond":165,"biomesoplenty:redwood_fence":6,"minecraft:cooked_porkchop":3,"minecraft:deepslate_tile_wall":1,"iceandfire:ectoplasm":1,"create:large_water_wheel":1,"farmersdelight:rice":6,"iceandfire:graveyard_soil":1,"minecraft:cobblestone_stairs":1,"sophisticatedbackpacks:gold_backpack":1,"minecraft:dark_oak_log":1,"minecraft:dark_oak_fence":2,"iceandfire:pixie_jar_empty":1,"minecraft:gold_nugget":4,"create:iron_sheet":1,"minecraft:iron_pickaxe":2,"minecraft:fishing_rod":1,"minecraft:gold_ingot":11,"minecraft:gravel":4,"minecraft:stone_axe":1,"minecraft:iron_nugget":8,"minecraft:cobbled_deepslate":2,"biomesoplenty:redwood_sapling":14,"minecraft:rotten_flesh":8,"minecraft:cooked_mutton":15,"minecraft:azure_bluet":4,"magistuarmory:knight_chestplate":1,"minecraft:skeleton_skull":1,"iceandfire:pixie_dust":1,"farmersdelight:rope":9,"minecraft:arrow":3,"minecraft:glass":24,"minecraft:egg":2,"rats:garbage_pile":1,"minecraft:iron_ingot":98,"minecraft:oak_slab":3,"minecraft:wheat_seeds":32,"minecraft:golden_helmet":1,"simplyswords:iron_chakram":1,"rats:plastic_waste":1,"biomesoplenty:lavender":2,"minecraft:feather":2,"minecraft:cobblestone":95,"minecraft:copper_ingot":44,"minecraft:chainmail_helmet":1,"minecraft:coal":44,"minecraft:mushroom_stew":2,"minecraft:gray_wool":4,"minecraft:brown_wool":2,"skilltree:gem":2,"magistuarmory:steel_ingot":25,"minecraft:potion":1,"rats:raw_rat":4,"minecraft:redstone":28,"minecraft:sweet_berries":12,"minecraft:stone_sword":1,"minecraft:diamond_hoe":2,"minecraft:raw_iron":320,"sophisticatedbackpacks:backpack":1,"minecraft:name_tag":1,"minecraft:pumpkin_seeds":14,"minecraft:potato":3,"minecraft:flower_pot":5,"minecraft:allium":10,"minecraft:bow":1,"minecraft:stone_pickaxe":1}},"DataVersion":3465}