{
  "create:root": {
    "criteria": {
      "0": "2024-07-26 23:55:44 +0000"
    },
    "done": true
  },
  "minecraft:recipes/decorations/crafting_table": {
    "criteria": {
      "unlock_right_away": "2024-07-26 23:55:44 +0000"
    },
    "done": true
  },
  "mowziesmobs:root": {
    "criteria": {
      "custom_test_name": "2024-07-26 23:55:44 +0000"
    },
    "done": true
  },
  "vanilla_refresh:player/end_teleport": {
    "criteria": {
      "s3": "2024-07-26 23:55:44 +0000"
    },
    "done": false
  },
  "iceandfire:iceandfire/root": {
    "criteria": {
      "tick": "2024-07-26 23:55:44 +0000"
    },
    "done": true
  },
  "betterdungeons:root": {
    "criteria": {
      "always": "2024-07-26 23:55:44 +0000"
    },
    "done": true
  },
  "lootr:root": {
    "criteria": {
      "always_true": "2024-07-26 23:55:44 +0000"
    },
    "done": true
  },
  "betterdeserttemples:root": {
    "criteria": {
      "always": "2024-07-26 23:55:44 +0000"
    },
    "done": true
  },
  "rats:root": {
    "criteria": {
      "tick": "2024-07-26 23:55:44 +0000"
    },
    "done": true
  },
  "cataclysm:root": {
    "criteria": {
      "custom_test_name": "2024-07-26 23:55:44 +0000"
    },
    "done": true
  },
  "farmersdelight:main/root": {
    "criteria": {
      "seeds": "2024-07-26 23:55:44 +0000"
    },
    "done": true
  },
  "vanilla_refresh:player/tick": {
    "criteria": {
      "s": "2024-07-26 23:55:44 +0000"
    },
    "done": true
  },
  "biomesoplenty:biomesoplenty/root": {
    "criteria": {
      "coniferous_forest": "2024-07-26 23:55:47 +0000"
    },
    "done": true
  },
  "biomesoplenty:biomesoplenty/all_biomes": {
    "criteria": {
      "shrubland": "2024-07-27 00:04:21 +0000",
      "rocky_shrubland": "2024-07-27 00:06:53 +0000",
      "highland": "2024-07-27 01:59:14 +0000",
      "jade_cliffs": "2024-07-27 02:01:32 +0000",
      "clover_patch": "2024-07-27 00:11:57 +0000",
      "maple_woods": "2024-07-27 00:10:34 +0000",
      "field": "2024-07-27 00:10:28 +0000",
      "coniferous_forest": "2024-07-26 23:55:47 +0000",
      "redwood_forest": "2024-07-27 02:03:59 +0000",
      "grassland": "2024-07-27 00:10:21 +0000"
    },
    "done": false
  },
  "alexsmobs:alexsmobs/root": {
    "criteria": {
      "useitem": "2024-07-26 23:58:19 +0000"
    },
    "done": true
  },
  "minecraft:husbandry/root": {
    "criteria": {
      "consumed_item": "2024-07-26 23:58:19 +0000"
    },
    "done": true
  },
  "rats:recipes/misc/upgrades/lumberjack_upgrade": {
    "criteria": {
      "has_sapling": "2024-07-26 23:58:57 +0000"
    },
    "done": true
  },
  "minecraft:recipes/decorations/ladder": {
    "criteria": {
      "has_stick": "2024-07-26 23:59:07 +0000"
    },
    "done": true
  },
  "minecraft:recipes/tools/wooden_axe": {
    "criteria": {
      "has_stick": "2024-07-26 23:59:07 +0000"
    },
    "done": true
  },
  "minecraft:recipes/decorations/campfire": {
    "criteria": {
      "has_stick": "2024-07-26 23:59:07 +0000"
    },
    "done": true
  },
  "minecraft:recipes/tools/wooden_hoe": {
    "criteria": {
      "has_stick": "2024-07-26 23:59:07 +0000"
    },
    "done": true
  },
  "minecraft:recipes/tools/wooden_shovel": {
    "criteria": {
      "has_stick": "2024-07-26 23:59:07 +0000"
    },
    "done": true
  },
  "minecraft:recipes/combat/wooden_sword": {
    "criteria": {
      "has_stick": "2024-07-26 23:59:07 +0000"
    },
    "done": true
  },
  "rats:recipes/tools/cheese_stick": {
    "criteria": {
      "has_stick": "2024-07-26 23:59:07 +0000"
    },
    "done": true
  },
  "farmersdelight:recipes/combat/flint_knife": {
    "criteria": {
      "has_stick": "2024-07-26 23:59:07 +0000"
    },
    "done": true
  },
  "rats:recipes/tools/radius_stick": {
    "criteria": {
      "has_stick": "2024-07-26 23:59:07 +0000"
    },
    "done": true
  },
  "minecraft:recipes/tools/wooden_pickaxe": {
    "criteria": {
      "has_stick": "2024-07-26 23:59:07 +0000"
    },
    "done": true
  },
  "farmersdelight:recipes/decorations/cutting_board": {
    "criteria": {
      "has_stick": "2024-07-26 23:59:07 +0000"
    },
    "done": true
  },
  "rats:recipes/tools/patrol_stick": {
    "criteria": {
      "has_stick": "2024-07-26 23:59:07 +0000"
    },
    "done": true
  },
  "deeperdarker:recipes/transportation/echo_boat": {
    "criteria": {
      "in_water": "2024-07-26 23:59:53 +0000"
    },
    "done": true
  },
  "biomesoplenty:recipes/transportation/willow_boat": {
    "criteria": {
      "in_water": "2024-07-26 23:59:53 +0000"
    },
    "done": true
  },
  "minecraft:recipes/transportation/cherry_boat": {
    "criteria": {
      "in_water": "2024-07-26 23:59:53 +0000"
    },
    "done": true
  },
  "biomesoplenty:recipes/transportation/umbran_boat": {
    "criteria": {
      "in_water": "2024-07-26 23:59:53 +0000"
    },
    "done": true
  },
  "minecraft:recipes/transportation/bamboo_raft": {
    "criteria": {
      "in_water": "2024-07-26 23:59:53 +0000"
    },
    "done": true
  },
  "biomesoplenty:recipes/transportation/dead_boat": {
    "criteria": {
      "in_water": "2024-07-26 23:59:53 +0000"
    },
    "done": true
  },
  "biomesoplenty:recipes/transportation/magic_boat": {
    "criteria": {
      "in_water": "2024-07-26 23:59:53 +0000"
    },
    "done": true
  },
  "minecraft:recipes/transportation/acacia_boat": {
    "criteria": {
      "in_water": "2024-07-26 23:59:53 +0000"
    },
    "done": true
  },
  "minecraft:recipes/transportation/jungle_boat": {
    "criteria": {
      "in_water": "2024-07-26 23:59:53 +0000"
    },
    "done": true
  },
  "biomesoplenty:recipes/transportation/fir_boat": {
    "criteria": {
      "in_water": "2024-07-26 23:59:53 +0000"
    },
    "done": true
  },
  "minecraft:recipes/transportation/spruce_boat": {
    "criteria": {
      "in_water": "2024-07-26 23:59:53 +0000"
    },
    "done": true
  },
  "minecraft:recipes/transportation/birch_boat": {
    "criteria": {
      "in_water": "2024-07-26 23:59:53 +0000"
    },
    "done": true
  },
  "minecraft:recipes/transportation/oak_boat": {
    "criteria": {
      "in_water": "2024-07-26 23:59:53 +0000"
    },
    "done": true
  },
  "biomesoplenty:recipes/transportation/redwood_boat": {
    "criteria": {
      "in_water": "2024-07-26 23:59:53 +0000"
    },
    "done": true
  },
  "minecraft:recipes/transportation/mangrove_boat": {
    "criteria": {
      "in_water": "2024-07-26 23:59:53 +0000"
    },
    "done": true
  },
  "biomesoplenty:recipes/transportation/hellbark_boat": {
    "criteria": {
      "in_water": "2024-07-26 23:59:53 +0000"
    },
    "done": true
  },
  "biomesoplenty:recipes/transportation/jacaranda_boat": {
    "criteria": {
      "in_water": "2024-07-26 23:59:53 +0000"
    },
    "done": true
  },
  "biomesoplenty:recipes/transportation/mahogany_boat": {
    "criteria": {
      "in_water": "2024-07-26 23:59:53 +0000"
    },
    "done": true
  },
  "biomesoplenty:recipes/transportation/palm_boat": {
    "criteria": {
      "in_water": "2024-07-26 23:59:53 +0000"
    },
    "done": true
  },
  "minecraft:recipes/transportation/dark_oak_boat": {
    "criteria": {
      "in_water": "2024-07-26 23:59:53 +0000"
    },
    "done": true
  },
  "minecraft:recipes/misc/charcoal": {
    "criteria": {
      "has_log": "2024-07-27 00:01:43 +0000"
    },
    "done": true
  },
  "biomesoplenty:recipes/building_blocks/fir_wood": {
    "criteria": {
      "has_log": "2024-07-27 00:01:43 +0000"
    },
    "done": true
  },
  "biomesoplenty:recipes/building_blocks/fir_planks": {
    "criteria": {
      "has_logs": "2024-07-27 00:01:43 +0000"
    },
    "done": true
  },
  "minecraft:recipes/misc/stick": {
    "criteria": {
      "has_planks": "2024-07-27 00:01:54 +0000"
    },
    "done": true
  },
  "biomesoplenty:recipes/decorations/fir_fence": {
    "criteria": {
      "has_planks": "2024-07-27 00:01:54 +0000"
    },
    "done": true
  },
  "biomesoplenty:recipes/redstone/fir_button": {
    "criteria": {
      "has_planks": "2024-07-27 00:01:54 +0000"
    },
    "done": true
  },
  "biomesoplenty:recipes/redstone/fir_door": {
    "criteria": {
      "has_planks": "2024-07-27 00:01:54 +0000"
    },
    "done": true
  },
  "biomesoplenty:recipes/building_blocks/fir_stairs": {
    "criteria": {
      "has_planks": "2024-07-27 00:01:54 +0000"
    },
    "done": true
  },
  "minecraft:recipes/decorations/barrel": {
    "criteria": {
      "has_planks": "2024-07-27 00:01:54 +0000"
    },
    "done": true
  },
  "rats:recipes/misc/upgrades/dj_upgrade": {
    "criteria": {
      "has_planks": "2024-07-27 00:01:54 +0000"
    },
    "done": true
  },
  "biomesoplenty:recipes/building_blocks/fir_slab": {
    "criteria": {
      "has_planks": "2024-07-27 00:01:54 +0000"
    },
    "done": true
  },
  "biomesoplenty:recipes/redstone/fir_fence_gate": {
    "criteria": {
      "has_planks": "2024-07-27 00:01:54 +0000"
    },
    "done": true
  },
  "iceandfire:recipes/misc/earplugs": {
    "criteria": {
      "has_item": "2024-07-27 00:01:54 +0000"
    },
    "done": true
  },
  "rats:recipes/misc/upgrades/crafting_upgrade": {
    "criteria": {
      "has_planks": "2024-07-27 00:01:54 +0000"
    },
    "done": true
  },
  "biomesoplenty:recipes/decorations/fir_sign": {
    "criteria": {
      "has_fir_planks": "2024-07-27 00:01:54 +0000"
    },
    "done": true
  },
  "biomesoplenty:recipes/redstone/fir_trapdoor": {
    "criteria": {
      "has_planks": "2024-07-27 00:01:54 +0000"
    },
    "done": true
  },
  "biomesoplenty:recipes/redstone/fir_pressure_plate": {
    "criteria": {
      "has_planks": "2024-07-27 00:01:54 +0000"
    },
    "done": true
  },
  "create:recipes/misc/crafting/appliances/crafting_blueprint": {
    "criteria": {
      "has_item": "2024-07-27 00:01:59 +0000"
    },
    "done": true
  },
  "rats:recipes/building_blocks/rat_crafting_table": {
    "criteria": {
      "has_table": "2024-07-27 00:01:59 +0000"
    },
    "done": true
  },
  "rats:recipes/building_blocks/rat_quarry": {
    "criteria": {
      "has_table": "2024-07-27 00:01:59 +0000"
    },
    "done": true
  },
  "minecraft:story/root": {
    "criteria": {
      "crafting_table": "2024-07-27 00:01:59 +0000"
    },
    "done": true
  },
  "minecraft:adventure/root": {
    "criteria": {
      "killed_by_something": "2024-07-27 00:02:03 +0000"
    },
    "done": true
  },
  "vanilla_refresh:player/hurt": {
    "criteria": {
      "requirement": "2024-07-27 02:27:47 +0000"
    },
    "done": true
  },
  "rats:recipes/misc/upgrades/strength_upgrade": {
    "criteria": {
      "has_bone": "2024-07-27 00:03:11 +0000"
    },
    "done": true
  },
  "skilltree:recipes/misc/assassin_necklace": {
    "criteria": {
      "has_bone": "2024-07-27 00:03:11 +0000"
    },
    "done": true
  },
  "skilltree:recipes/combat/bone_quiver": {
    "criteria": {
      "has_bone": "2024-07-27 00:03:11 +0000"
    },
    "done": true
  },
  "minecraft:recipes/misc/bone_meal": {
    "criteria": {
      "has_bone": "2024-07-27 00:03:11 +0000"
    },
    "done": true
  },
  "rats:recipes/misc/upgrades/undead_upgrade": {
    "criteria": {
      "has_bone": "2024-07-27 00:03:11 +0000"
    },
    "done": true
  },
  "farmersdelight:recipes/cooking/bone_broth": {
    "criteria": {
      "has_bone": "2024-07-27 00:03:11 +0000"
    },
    "done": true
  },
  "minecraft:adventure/adventuring_time": {
    "criteria": {
      "minecraft:river": "2024-07-27 00:04:06 +0000"
    },
    "done": false
  },
  "cfm:recipes/decorations/oak_coffee_table": {
    "criteria": {
      "has_log": "2024-07-27 00:04:36 +0000"
    },
    "done": true
  },
  "cfm:recipes/decorations/oak_crate": {
    "criteria": {
      "has_log": "2024-07-27 00:04:36 +0000"
    },
    "done": true
  },
  "cfm:recipes/decorations/oak_desk_cabinet": {
    "criteria": {
      "has_log": "2024-07-27 00:04:36 +0000"
    },
    "done": true
  },
  "cfm:recipes/decorations/stripped_oak_kitchen_drawer": {
    "criteria": {
      "has_log": "2024-07-27 00:04:36 +0000"
    },
    "done": true
  },
  "cfm:recipes/decorations/oak_upgraded_fence": {
    "criteria": {
      "has_log": "2024-07-27 00:04:36 +0000"
    },
    "done": true
  },
  "cfm:recipes/decorations/oak_upgraded_gate": {
    "criteria": {
      "has_log": "2024-07-27 00:04:36 +0000"
    },
    "done": true
  },
  "cfm:recipes/decorations/oak_desk": {
    "criteria": {
      "has_log": "2024-07-27 00:04:36 +0000"
    },
    "done": true
  },
  "cfm:recipes/decorations/oak_blinds": {
    "criteria": {
      "has_log": "2024-07-27 00:04:36 +0000"
    },
    "done": true
  },
  "cfm:recipes/decorations/oak_table": {
    "criteria": {
      "has_log": "2024-07-27 00:04:36 +0000"
    },
    "done": true
  },
  "minecraft:recipes/building_blocks/oak_planks": {
    "criteria": {
      "has_logs": "2024-07-27 00:04:36 +0000"
    },
    "done": true
  },
  "minecraft:recipes/building_blocks/oak_wood": {
    "criteria": {
      "has_log": "2024-07-27 00:04:36 +0000"
    },
    "done": true
  },
  "cfm:recipes/decorations/stripped_oak_desk": {
    "criteria": {
      "has_planks": "2024-07-27 00:04:36 +0000"
    },
    "done": true
  },
  "cfm:recipes/decorations/stripped_oak_crate": {
    "criteria": {
      "has_planks": "2024-07-27 00:04:36 +0000"
    },
    "done": true
  },
  "cfm:recipes/decorations/oak_kitchen_counter": {
    "criteria": {
      "has_log": "2024-07-27 00:04:36 +0000"
    },
    "done": true
  },
  "cfm:recipes/decorations/stripped_oak_kitchen_counter": {
    "criteria": {
      "has_log": "2024-07-27 00:04:36 +0000"
    },
    "done": true
  },
  "cfm:recipes/decorations/stripped_oak_table": {
    "criteria": {
      "has_planks": "2024-07-27 00:04:36 +0000"
    },
    "done": true
  },
  "cfm:recipes/decorations/stripped_oak_desk_cabinet": {
    "criteria": {
      "has_planks": "2024-07-27 00:04:36 +0000"
    },
    "done": true
  },
  "cfm:recipes/decorations/oak_bedside_cabinet": {
    "criteria": {
      "has_log": "2024-07-27 00:04:36 +0000"
    },
    "done": true
  },
  "cfm:recipes/decorations/stripped_oak_bedside_cabinet": {
    "criteria": {
      "has_planks": "2024-07-27 00:04:36 +0000"
    },
    "done": true
  },
  "cfm:recipes/decorations/oak_chair": {
    "criteria": {
      "has_log": "2024-07-27 00:04:36 +0000"
    },
    "done": true
  },
  "cfm:recipes/decorations/stripped_oak_cabinet": {
    "criteria": {
      "has_log": "2024-07-27 00:04:36 +0000"
    },
    "done": true
  },
  "cfm:recipes/decorations/stripped_oak_park_bench": {
    "criteria": {
      "has_log": "2024-07-27 00:04:36 +0000"
    },
    "done": true
  },
  "cfm:recipes/decorations/stripped_oak_coffee_table": {
    "criteria": {
      "has_planks": "2024-07-27 00:04:36 +0000"
    },
    "done": true
  },
  "cfm:recipes/decorations/oak_park_bench": {
    "criteria": {
      "has_log": "2024-07-27 00:04:36 +0000"
    },
    "done": true
  },
  "cfm:recipes/decorations/stripped_oak_chair": {
    "criteria": {
      "has_planks": "2024-07-27 00:04:36 +0000"
    },
    "done": true
  },
  "cfm:recipes/decorations/oak_cabinet": {
    "criteria": {
      "has_log": "2024-07-27 00:04:36 +0000"
    },
    "done": true
  },
  "cfm:recipes/decorations/oak_kitchen_drawer": {
    "criteria": {
      "has_log": "2024-07-27 00:04:36 +0000"
    },
    "done": true
  },
  "farmersdelight:recipes/cooking/apple_cider": {
    "criteria": {
      "has_apple": "2024-07-27 00:04:58 +0000"
    },
    "done": true
  },
  "minecraft:recipes/decorations/oak_sign": {
    "criteria": {
      "has_planks": "2024-07-27 00:06:43 +0000"
    },
    "done": true
  },
  "cfm:recipes/decorations/oak_kitchen_sink_dark": {
    "criteria": {
      "has_bottom": "2024-07-27 00:06:43 +0000"
    },
    "done": true
  },
  "minecraft:recipes/building_blocks/oak_slab": {
    "criteria": {
      "has_planks": "2024-07-27 00:06:43 +0000"
    },
    "done": true
  },
  "sophisticatedstorage:recipes/misc/oak_chest": {
    "criteria": {
      "has_oak_plank": "2024-07-27 00:06:43 +0000"
    },
    "done": true
  },
  "minecraft:recipes/redstone/oak_fence_gate": {
    "criteria": {
      "has_planks": "2024-07-27 00:06:43 +0000"
    },
    "done": true
  },
  "minecraft:recipes/redstone/oak_door": {
    "criteria": {
      "has_planks": "2024-07-27 00:06:43 +0000"
    },
    "done": true
  },
  "minecraft:recipes/redstone/oak_trapdoor": {
    "criteria": {
      "has_planks": "2024-07-27 00:06:43 +0000"
    },
    "done": true
  },
  "sophisticatedstorage:recipes/misc/oak_limited_barrel_1": {
    "criteria": {
      "has_oak_plank": "2024-07-27 00:06:43 +0000"
    },
    "done": true
  },
  "sophisticatedstorage:recipes/misc/oak_limited_barrel_2": {
    "criteria": {
      "has_oak_plank": "2024-07-27 00:06:43 +0000"
    },
    "done": true
  },
  "sophisticatedstorage:recipes/misc/oak_limited_barrel_3": {
    "criteria": {
      "has_oak_plank": "2024-07-27 00:06:43 +0000"
    },
    "done": true
  },
  "sophisticatedstorage:recipes/misc/oak_limited_barrel_4": {
    "criteria": {
      "has_oak_plank": "2024-07-27 00:06:43 +0000"
    },
    "done": true
  },
  "sophisticatedstorage:recipes/misc/oak_barrel": {
    "criteria": {
      "has_oak_plank": "2024-07-27 00:06:43 +0000"
    },
    "done": true
  },
  "minecraft:recipes/building_blocks/oak_stairs": {
    "criteria": {
      "has_planks": "2024-07-27 00:06:43 +0000"
    },
    "done": true
  },
  "minecraft:recipes/decorations/oak_fence": {
    "criteria": {
      "has_planks": "2024-07-27 00:06:43 +0000"
    },
    "done": true
  },
  "minecraft:recipes/redstone/oak_button": {
    "criteria": {
      "has_planks": "2024-07-27 00:06:43 +0000"
    },
    "done": true
  },
  "minecraft:recipes/redstone/oak_pressure_plate": {
    "criteria": {
      "has_planks": "2024-07-27 00:06:43 +0000"
    },
    "done": true
  },
  "cfm:recipes/decorations/oak_kitchen_sink_light": {
    "criteria": {
      "has_bottom": "2024-07-27 00:06:43 +0000"
    },
    "done": true
  },
  "create:recipes/building_blocks/oak_window": {
    "criteria": {
      "has_ingredient": "2024-07-27 00:06:43 +0000"
    },
    "done": true
  },
  "cavernous:root": {
    "criteria": {
      "makepickaxe": "2024-07-27 00:06:57 +0000"
    },
    "done": true
  },
  "minecraft:story/mine_stone": {
    "criteria": {
      "get_stone": "2024-07-27 00:07:06 +0000"
    },
    "done": true
  },
  "minecraft:recipes/decorations/furnace": {
    "criteria": {
      "has_cobblestone": "2024-07-27 00:07:06 +0000"
    },
    "done": true
  },
  "minecraft:recipes/building_blocks/cobblestone_slab_from_cobblestone_stonecutting": {
    "criteria": {
      "has_cobblestone": "2024-07-27 00:07:06 +0000"
    },
    "done": true
  },
  "minecraft:recipes/building_blocks/stone": {
    "criteria": {
      "has_cobblestone": "2024-07-27 00:07:06 +0000"
    },
    "done": true
  },
  "minecraft:recipes/tools/stone_pickaxe": {
    "criteria": {
      "has_cobblestone": "2024-07-27 00:07:06 +0000"
    },
    "done": true
  },
  "minecraft:recipes/building_blocks/cobblestone_slab": {
    "criteria": {
      "has_cobblestone": "2024-07-27 00:07:06 +0000"
    },
    "done": true
  },
  "cavernous:geology_rocks": {
    "criteria": {
      "cobblestone": "2024-07-27 00:07:06 +0000"
    },
    "done": false
  },
  "minecraft:recipes/decorations/cobblestone_wall_from_cobblestone_stonecutting": {
    "criteria": {
      "has_cobblestone": "2024-07-27 00:07:06 +0000"
    },
    "done": true
  },
  "minecraft:recipes/building_blocks/cobblestone_stairs": {
    "criteria": {
      "has_cobblestone": "2024-07-27 00:07:06 +0000"
    },
    "done": true
  },
  "minecraft:recipes/tools/stone_shovel": {
    "criteria": {
      "has_cobblestone": "2024-07-27 00:07:06 +0000"
    },
    "done": true
  },
  "minecraft:recipes/redstone/lever": {
    "criteria": {
      "has_cobblestone": "2024-07-27 00:07:06 +0000"
    },
    "done": true
  },
  "minecraft:recipes/combat/stone_sword": {
    "criteria": {
      "has_cobblestone": "2024-07-27 00:07:06 +0000"
    },
    "done": true
  },
  "minecraft:recipes/decorations/cobblestone_wall": {
    "criteria": {
      "has_cobblestone": "2024-07-27 00:07:06 +0000"
    },
    "done": true
  },
  "minecraft:recipes/tools/stone_axe": {
    "criteria": {
      "has_cobblestone": "2024-07-27 00:07:06 +0000"
    },
    "done": true
  },
  "minecraft:recipes/building_blocks/cobblestone_stairs_from_cobblestone_stonecutting": {
    "criteria": {
      "has_cobblestone": "2024-07-27 00:07:06 +0000"
    },
    "done": true
  },
  "minecraft:recipes/tools/stone_hoe": {
    "criteria": {
      "has_cobblestone": "2024-07-27 00:07:06 +0000"
    },
    "done": true
  },
  "minecraft:adventure/kill_all_mobs": {
    "criteria": {
      "minecraft:skeleton": "2024-07-27 00:53:55 +0000",
      "minecraft:spider": "2024-07-27 02:47:20 +0000",
      "minecraft:creeper": "2024-07-27 00:48:54 +0000",
      "minecraft:enderman": "2024-07-27 02:34:09 +0000",
      "minecraft:zombie": "2024-07-27 00:07:42 +0000"
    },
    "done": false
  },
  "minecraft:adventure/kill_a_mob": {
    "criteria": {
      "minecraft:zombie": "2024-07-27 00:07:42 +0000"
    },
    "done": true
  },
  "mynethersdelight:recipes/building_blocks/letios_compost_from_rotten_flesh": {
    "criteria": {
      "has_rotten_flesh": "2024-07-27 00:07:46 +0000"
    },
    "done": true
  },
  "farmersdelight:recipes/cooking/dog_food": {
    "criteria": {
      "has_any_ingredient": "2024-07-27 00:07:46 +0000"
    },
    "done": true
  },
  "farmersdelight:recipes/building_blocks/organic_compost_from_rotten_flesh": {
    "criteria": {
      "has_rotten_flesh": "2024-07-27 00:07:46 +0000"
    },
    "done": true
  },
  "minecraft:recipes/decorations/torch": {
    "criteria": {
      "has_stone_pickaxe": "2024-07-27 00:08:21 +0000"
    },
    "done": true
  },
  "minecraft:story/upgrade_tools": {
    "criteria": {
      "stone_pickaxe": "2024-07-27 00:08:21 +0000"
    },
    "done": true
  },
  "minecraft:husbandry/balanced_diet": {
    "criteria": {
      "cooked_mutton": "2024-07-27 00:32:19 +0000",
      "apple": "2024-07-27 02:01:55 +0000",
      "rotten_flesh": "2024-07-27 00:08:32 +0000",
      "cooked_chicken": "2024-07-27 02:43:04 +0000",
      "carrot": "2024-07-27 02:31:05 +0000"
    },
    "done": false
  },
  "minecraft:recipes/misc/copper_ingot_from_blasting_raw_copper": {
    "criteria": {
      "has_raw_copper": "2024-07-27 00:08:39 +0000"
    },
    "done": true
  },
  "minecraft:recipes/building_blocks/raw_copper_block": {
    "criteria": {
      "has_raw_copper": "2024-07-27 00:08:39 +0000"
    },
    "done": true
  },
  "cavernous:spelunkage": {
    "criteria": {
      "cobblestone": "2024-07-27 00:16:55 +0000",
      "cobbled_deepslate": "2024-07-27 02:06:46 +0000",
      "andesite": "2024-07-27 00:08:39 +0000"
    },
    "done": false
  },
  "minecraft:recipes/misc/copper_ingot_from_smelting_raw_copper": {
    "criteria": {
      "has_raw_copper": "2024-07-27 00:08:39 +0000"
    },
    "done": true
  },
  "minecraft:recipes/decorations/chest": {
    "criteria": {
      "has_lots_of_items": "2024-07-27 00:08:44 +0000"
    },
    "done": true
  },
  "farmersdelight:recipes/cooking/stuffed_pumpkin_block": {
    "criteria": {
      "has_pumpkin": "2024-07-27 00:10:58 +0000"
    },
    "done": true
  },
  "minecraft:recipes/food/pumpkin_pie": {
    "criteria": {
      "has_pumpkin": "2024-07-27 00:10:58 +0000"
    },
    "done": true
  },
  "minecraft:recipes/misc/pumpkin_seeds": {
    "criteria": {
      "has_pumpkin": "2024-07-27 00:10:58 +0000"
    },
    "done": true
  },
  "farmersdelight:recipes/cooking/pumpkin_soup": {
    "criteria": {
      "has_any_ingredient": "2024-07-27 00:10:58 +0000"
    },
    "done": true
  },
  "minecraft:recipes/food/cooked_mutton_from_smoking": {
    "criteria": {
      "has_mutton": "2024-07-27 00:12:47 +0000"
    },
    "done": true
  },
  "create:recipes/building_blocks/crafting/kinetics/blue_seat": {
    "criteria": {
      "has_wool": "2024-07-27 00:12:47 +0000"
    },
    "done": true
  },
  "create:recipes/building_blocks/crafting/kinetics/magenta_seat": {
    "criteria": {
      "has_wool": "2024-07-27 00:12:47 +0000"
    },
    "done": true
  },
  "minecraft:recipes/food/cooked_mutton_from_grill_cooking": {
    "criteria": {
      "has_mutton": "2024-07-27 00:12:47 +0000"
    },
    "done": true
  },
  "create:recipes/building_blocks/crafting/kinetics/light_blue_seat": {
    "criteria": {
      "has_wool": "2024-07-27 00:12:47 +0000"
    },
    "done": true
  },
  "rats:recipes/combat/chef_toque": {
    "criteria": {
      "has_wool": "2024-07-27 00:12:47 +0000"
    },
    "done": true
  },
  "rats:recipes/misc/upgrades/asbestos_upgrade": {
    "criteria": {
      "has_wool": "2024-07-27 00:12:47 +0000"
    },
    "done": true
  },
  "create:recipes/building_blocks/crafting/kinetics/green_seat": {
    "criteria": {
      "has_wool": "2024-07-27 00:12:47 +0000"
    },
    "done": true
  },
  "create:recipes/building_blocks/crafting/kinetics/purple_seat": {
    "criteria": {
      "has_wool": "2024-07-27 00:12:47 +0000"
    },
    "done": true
  },
  "minecraft:recipes/decorations/white_bed": {
    "criteria": {
      "has_white_wool": "2024-07-27 00:12:47 +0000"
    },
    "done": true
  },
  "iceandfire:recipes/misc/dragon_meal": {
    "criteria": {
      "has_item": "2024-07-27 00:12:47 +0000"
    },
    "done": true
  },
  "create:recipes/building_blocks/crafting/kinetics/brown_seat": {
    "criteria": {
      "has_wool": "2024-07-27 00:12:47 +0000"
    },
    "done": true
  },
  "create:recipes/building_blocks/crafting/kinetics/gray_seat": {
    "criteria": {
      "has_wool": "2024-07-27 00:12:47 +0000"
    },
    "done": true
  },
  "minecraft:recipes/decorations/painting": {
    "criteria": {
      "has_wool": "2024-07-27 00:12:47 +0000"
    },
    "done": true
  },
  "create:recipes/building_blocks/crafting/kinetics/red_seat": {
    "criteria": {
      "has_wool": "2024-07-27 00:12:47 +0000"
    },
    "done": true
  },
  "create:recipes/building_blocks/crafting/kinetics/light_gray_seat": {
    "criteria": {
      "has_wool": "2024-07-27 00:12:47 +0000"
    },
    "done": true
  },
  "create:recipes/building_blocks/crafting/kinetics/orange_seat": {
    "criteria": {
      "has_wool": "2024-07-27 00:12:47 +0000"
    },
    "done": true
  },
  "rats:recipes/misc/hammocks/rat_hammock_white": {
    "criteria": {
      "has_wool": "2024-07-27 00:12:47 +0000"
    },
    "done": true
  },
  "create:recipes/building_blocks/crafting/kinetics/cyan_seat": {
    "criteria": {
      "has_wool": "2024-07-27 00:12:47 +0000"
    },
    "done": true
  },
  "minecraft:recipes/decorations/white_carpet": {
    "criteria": {
      "has_white_wool": "2024-07-27 00:12:47 +0000"
    },
    "done": true
  },
  "cfm:recipes/decorations/white_trampoline": {
    "criteria": {
      "has_wool": "2024-07-27 00:12:47 +0000"
    },
    "done": true
  },
  "create:recipes/building_blocks/crafting/kinetics/pink_seat": {
    "criteria": {
      "has_wool": "2024-07-27 00:12:47 +0000"
    },
    "done": true
  },
  "create:recipes/building_blocks/crafting/kinetics/black_seat": {
    "criteria": {
      "has_wool": "2024-07-27 00:12:47 +0000"
    },
    "done": true
  },
  "minecraft:recipes/food/cooked_mutton": {
    "criteria": {
      "has_mutton": "2024-07-27 00:12:47 +0000"
    },
    "done": true
  },
  "minecraft:recipes/decorations/white_banner": {
    "criteria": {
      "has_white_wool": "2024-07-27 00:12:47 +0000"
    },
    "done": true
  },
  "minecraft:recipes/food/cooked_mutton_from_campfire_cooking": {
    "criteria": {
      "has_mutton": "2024-07-27 00:12:47 +0000"
    },
    "done": true
  },
  "farmersdelight:recipes/cooking/pasta_with_mutton_chop": {
    "criteria": {
      "has_any_ingredient": "2024-07-27 00:12:47 +0000"
    },
    "done": true
  },
  "rats:recipes/misc/upgrades/shears_upgrade": {
    "criteria": {
      "has_wool": "2024-07-27 00:12:47 +0000"
    },
    "done": true
  },
  "cfm:recipes/decorations/white_sofa": {
    "criteria": {
      "has_wool": "2024-07-27 00:12:47 +0000"
    },
    "done": true
  },
  "create:recipes/building_blocks/crafting/kinetics/white_seat": {
    "criteria": {
      "has_wool": "2024-07-27 00:12:47 +0000"
    },
    "done": true
  },
  "create:recipes/building_blocks/crafting/kinetics/lime_seat": {
    "criteria": {
      "has_wool": "2024-07-27 00:12:47 +0000"
    },
    "done": true
  },
  "create:recipes/building_blocks/crafting/kinetics/yellow_seat": {
    "criteria": {
      "has_wool": "2024-07-27 00:12:47 +0000"
    },
    "done": true
  },
  "rats:recipes/misc/rat_seed_bowl": {
    "criteria": {
      "has_seeds": "2024-07-27 00:15:28 +0000"
    },
    "done": true
  },
  "rats:recipes/misc/upgrades/farmer_upgrade": {
    "criteria": {
      "has_seeds": "2024-07-27 00:15:28 +0000"
    },
    "done": true
  },
  "rats:recipes/misc/upgrades/gardener_upgrade": {
    "criteria": {
      "has_seeds": "2024-07-27 00:15:28 +0000"
    },
    "done": true
  },
  "rats:recipes/misc/upgrades/replanter_upgrade": {
    "criteria": {
      "has_seeds": "2024-07-27 00:15:28 +0000"
    },
    "done": true
  },
  "rats:recipes/misc/upgrades/chicken_mount_upgrade": {
    "criteria": {
      "has_seeds": "2024-07-27 00:15:28 +0000"
    },
    "done": true
  },
  "rats:recipes/misc/upgrades/breeder_upgrade": {
    "criteria": {
      "has_seeds": "2024-07-27 00:15:28 +0000"
    },
    "done": true
  },
  "minecraft:recipes/misc/red_dye_from_poppy": {
    "criteria": {
      "has_poppy": "2024-07-27 00:15:29 +0000"
    },
    "done": true
  },
  "rats:recipes/food/herb_bundle": {
    "criteria": {
      "has_flower": "2024-07-27 00:15:29 +0000"
    },
    "done": true
  },
  "minecraft:recipes/building_blocks/dye_red_bed": {
    "criteria": {
      "has_the_recipe": "2024-07-27 00:15:33 +0000"
    },
    "done": true
  },
  "biomesoplenty:recipes/misc/pink_dye_from_pink_daffodil": {
    "criteria": {
      "has_flower": "2024-07-27 00:16:08 +0000"
    },
    "done": true
  },
  "rats:recipes/food/chef/little_black_squash_balls": {
    "criteria": {
      "has_input": "2024-07-27 00:16:55 +0000"
    },
    "done": true
  },
  "rats:recipes/misc/upgrades/christmas_upgrade": {
    "criteria": {
      "has_coal": "2024-07-27 00:16:55 +0000"
    },
    "done": true
  },
  "minecraft:recipes/building_blocks/coal_block": {
    "criteria": {
      "has_coal": "2024-07-27 00:16:55 +0000"
    },
    "done": true
  },
  "rats:recipes/building_blocks/jack_o_ratern": {
    "criteria": {
      "has_torch": "2024-07-27 00:17:24 +0000"
    },
    "done": true
  },
  "minecraft:recipes/decorations/smoker": {
    "criteria": {
      "has_furnace": "2024-07-27 00:20:29 +0000"
    },
    "done": true
  },
  "minecraft:recipes/building_blocks/red_concrete_powder": {
    "criteria": {
      "has_gravel": "2024-07-27 00:21:39 +0000"
    },
    "done": true
  },
  "minecraft:recipes/building_blocks/green_concrete_powder": {
    "criteria": {
      "has_gravel": "2024-07-27 00:21:39 +0000"
    },
    "done": true
  },
  "minecraft:recipes/building_blocks/blue_concrete_powder": {
    "criteria": {
      "has_gravel": "2024-07-27 00:21:39 +0000"
    },
    "done": true
  },
  "minecraft:recipes/building_blocks/lime_concrete_powder": {
    "criteria": {
      "has_gravel": "2024-07-27 00:21:39 +0000"
    },
    "done": true
  },
  "minecraft:recipes/building_blocks/orange_concrete_powder": {
    "criteria": {
      "has_gravel": "2024-07-27 00:21:39 +0000"
    },
    "done": true
  },
  "minecraft:recipes/building_blocks/magenta_concrete_powder": {
    "criteria": {
      "has_gravel": "2024-07-27 00:21:39 +0000"
    },
    "done": true
  },
  "minecraft:recipes/building_blocks/black_concrete_powder": {
    "criteria": {
      "has_gravel": "2024-07-27 00:21:39 +0000"
    },
    "done": true
  },
  "minecraft:recipes/building_blocks/purple_concrete_powder": {
    "criteria": {
      "has_gravel": "2024-07-27 00:21:39 +0000"
    },
    "done": true
  },
  "minecraft:recipes/building_blocks/cyan_concrete_powder": {
    "criteria": {
      "has_gravel": "2024-07-27 00:21:39 +0000"
    },
    "done": true
  },
  "minecraft:recipes/building_blocks/coarse_dirt": {
    "criteria": {
      "has_gravel": "2024-07-27 00:21:39 +0000"
    },
    "done": true
  },
  "minecraft:recipes/building_blocks/light_gray_concrete_powder": {
    "criteria": {
      "has_gravel": "2024-07-27 00:21:39 +0000"
    },
    "done": true
  },
  "minecraft:recipes/building_blocks/pink_concrete_powder": {
    "criteria": {
      "has_gravel": "2024-07-27 00:21:39 +0000"
    },
    "done": true
  },
  "rats:recipes/misc/upgrades/underwater_upgrade": {
    "criteria": {
      "has_gravel": "2024-07-27 00:21:39 +0000"
    },
    "done": true
  },
  "minecraft:recipes/building_blocks/brown_concrete_powder": {
    "criteria": {
      "has_gravel": "2024-07-27 00:21:39 +0000"
    },
    "done": true
  },
  "minecraft:recipes/building_blocks/light_blue_concrete_powder": {
    "criteria": {
      "has_gravel": "2024-07-27 00:21:39 +0000"
    },
    "done": true
  },
  "minecraft:recipes/building_blocks/white_concrete_powder": {
    "criteria": {
      "has_gravel": "2024-07-27 00:21:39 +0000"
    },
    "done": true
  },
  "minecraft:recipes/building_blocks/yellow_concrete_powder": {
    "criteria": {
      "has_gravel": "2024-07-27 00:21:39 +0000"
    },
    "done": true
  },
  "minecraft:recipes/building_blocks/gray_concrete_powder": {
    "criteria": {
      "has_gravel": "2024-07-27 00:21:39 +0000"
    },
    "done": true
  },
  "minecraft:recipes/decorations/fletching_table": {
    "criteria": {
      "has_flint": "2024-07-27 00:21:42 +0000"
    },
    "done": true
  },
  "minecraft:recipes/combat/arrow": {
    "criteria": {
      "has_flint": "2024-07-27 00:21:42 +0000"
    },
    "done": true
  },
  "minecraft:recipes/tools/flint_and_steel": {
    "criteria": {
      "has_flint": "2024-07-27 00:21:42 +0000"
    },
    "done": true
  },
  "farmersdelight:main/craft_knife": {
    "criteria": {
      "flint_knife": "2024-07-27 00:21:53 +0000"
    },
    "done": true
  },
  "farmersdelight:main/use_cutting_board": {
    "criteria": {
      "cutting_board": "2024-07-27 00:21:57 +0000"
    },
    "done": true
  },
  "farmersdelight:recipes/misc/pumpkin_seeds_from_slice": {
    "criteria": {
      "has_pumpkin_slice": "2024-07-27 00:21:57 +0000"
    },
    "done": true
  },
  "farmersdelight:recipes/building_blocks/pumpkin_from_slices": {
    "criteria": {
      "has_pumpkin_slice": "2024-07-27 00:21:57 +0000"
    },
    "done": true
  },
  "farmersdelight:recipes/food/roasted_mutton_chops": {
    "criteria": {
      "has_mutton": "2024-07-27 00:23:15 +0000"
    },
    "done": true
  },
  "farmersdelight:recipes/food/shepherds_pie_block": {
    "criteria": {
      "has_cooked_mutton": "2024-07-27 00:23:15 +0000"
    },
    "done": true
  },
  "farmersdelight:recipes/food/mutton_wrap": {
    "criteria": {
      "has_mutton": "2024-07-27 00:23:15 +0000"
    },
    "done": true
  },
  "create:recipes/misc/crafting/kinetics/steam_whistle": {
    "criteria": {
      "has_item": "2024-07-27 00:24:34 +0000"
    },
    "done": true
  },
  "create:recipes/misc/crafting/appliances/copper_backtank": {
    "criteria": {
      "has_item": "2024-07-27 00:24:34 +0000"
    },
    "done": true
  },
  "create:copper": {
    "criteria": {
      "0": "2024-07-27 00:24:34 +0000"
    },
    "done": true
  },
  "create:recipes/misc/crafting/kinetics/steam_engine": {
    "criteria": {
      "has_item": "2024-07-27 00:24:34 +0000"
    },
    "done": true
  },
  "minecraft:recipes/redstone/lightning_rod": {
    "criteria": {
      "has_copper_ingot": "2024-07-27 00:24:34 +0000"
    },
    "done": true
  },
  "create:recipes/building_blocks/copper_tiles_from_ingots_copper_stonecutting": {
    "criteria": {
      "has_ingots_copper": "2024-07-27 00:24:34 +0000"
    },
    "done": true
  },
  "create:recipes/misc/crafting/appliances/copper_diving_helmet": {
    "criteria": {
      "has_item": "2024-07-27 00:24:34 +0000"
    },
    "done": true
  },
  "create:recipes/misc/crafting/kinetics/fluid_pipe_vertical": {
    "criteria": {
      "has_item": "2024-07-27 00:24:34 +0000"
    },
    "done": true
  },
  "create:recipes/misc/crafting/kinetics/mechanical_pump": {
    "criteria": {
      "has_item": "2024-07-27 00:24:34 +0000"
    },
    "done": true
  },
  "minecraft:recipes/building_blocks/copper_block": {
    "criteria": {
      "has_copper_ingot": "2024-07-27 00:24:34 +0000"
    },
    "done": true
  },
  "minecraft:recipes/tools/brush": {
    "criteria": {
      "has_copper_ingot": "2024-07-27 00:24:34 +0000"
    },
    "done": true
  },
  "create:recipes/misc/crafting/appliances/copper_diving_boots": {
    "criteria": {
      "has_item": "2024-07-27 00:24:34 +0000"
    },
    "done": true
  },
  "create:recipes/misc/crafting/kinetics/copper_valve_handle": {
    "criteria": {
      "has_item": "2024-07-27 00:24:34 +0000"
    },
    "done": true
  },
  "create:recipes/misc/crafting/kinetics/smart_fluid_pipe": {
    "criteria": {
      "has_item": "2024-07-27 00:24:34 +0000"
    },
    "done": true
  },
  "create:recipes/misc/crafting/kinetics/copper_valve_handle_from_others": {
    "criteria": {
      "has_item": "2024-07-27 00:24:34 +0000"
    },
    "done": true
  },
  "create:recipes/decorations/copper_bars_from_ingots_copper_stonecutting": {
    "criteria": {
      "has_ingots_copper": "2024-07-27 00:24:34 +0000"
    },
    "done": true
  },
  "skilltree:recipes/misc/copper_nugget": {
    "criteria": {
      "has_ingots_copper": "2024-07-27 00:24:34 +0000"
    },
    "done": true
  },
  "create:recipes/misc/crafting/materials/copper_nugget": {
    "criteria": {
      "has_item": "2024-07-27 00:24:34 +0000"
    },
    "done": true
  },
  "create:recipes/building_blocks/copper_shingles_from_ingots_copper_stonecutting": {
    "criteria": {
      "has_ingots_copper": "2024-07-27 00:24:34 +0000"
    },
    "done": true
  },
  "create:recipes/misc/crafting/kinetics/fluid_pipe": {
    "criteria": {
      "has_item": "2024-07-27 00:24:34 +0000"
    },
    "done": true
  },
  "create:recipes/misc/crafting/kinetics/fluid_valve": {
    "criteria": {
      "has_item": "2024-07-27 00:24:34 +0000"
    },
    "done": true
  },
  "create:recipes/decorations/copper_ladder_from_ingots_copper_stonecutting": {
    "criteria": {
      "has_ingots_copper": "2024-07-27 00:24:34 +0000"
    },
    "done": true
  },
  "create:recipes/decorations/copper_scaffolding_from_ingots_copper_stonecutting": {
    "criteria": {
      "has_ingots_copper": "2024-07-27 00:24:34 +0000"
    },
    "done": true
  },
  "friendsandfoes:recipes/redstone/copper_button": {
    "criteria": {
      "has_copper_ingot": "2024-07-27 00:24:34 +0000"
    },
    "done": true
  },
  "create:recipes/misc/crafting/kinetics/hose_pulley": {
    "criteria": {
      "has_item": "2024-07-27 00:24:34 +0000"
    },
    "done": true
  },
  "iceandfire:recipes/misc/copper_ingot_to_nuggets": {
    "criteria": {
      "has_item": "2024-07-27 00:24:34 +0000"
    },
    "done": true
  },
  "cfm:recipes/decorations/orange_cooler": {
    "criteria": {
      "has_chest": "2024-07-27 00:26:24 +0000"
    },
    "done": true
  },
  "cfm:recipes/decorations/brown_kitchen_drawer": {
    "criteria": {
      "has_chest": "2024-07-27 00:26:24 +0000"
    },
    "done": true
  },
  "cfm:recipes/decorations/dark_oak_mail_box": {
    "criteria": {
      "has_chest": "2024-07-27 00:26:24 +0000"
    },
    "done": true
  },
  "cfm:recipes/decorations/gray_kitchen_drawer": {
    "criteria": {
      "has_chest": "2024-07-27 00:26:24 +0000"
    },
    "done": true
  },
  "cfm:recipes/decorations/stripped_acacia_kitchen_drawer": {
    "criteria": {
      "has_chest": "2024-07-27 00:26:24 +0000"
    },
    "done": true
  },
  "cfm:recipes/decorations/birch_mail_box": {
    "criteria": {
      "has_chest": "2024-07-27 00:26:24 +0000"
    },
    "done": true
  },
  "cfm:recipes/decorations/blue_cooler": {
    "criteria": {
      "has_chest": "2024-07-27 00:26:24 +0000"
    },
    "done": true
  },
  "cfm:recipes/decorations/fridge_dark": {
    "criteria": {
      "has_chest": "2024-07-27 00:26:24 +0000"
    },
    "done": true
  },
  "cfm:recipes/decorations/stripped_spruce_mail_box": {
    "criteria": {
      "has_chest": "2024-07-27 00:26:24 +0000"
    },
    "done": true
  },
  "cfm:recipes/decorations/fridge_light": {
    "criteria": {
      "has_chest": "2024-07-27 00:26:24 +0000"
    },
    "done": true
  },
  "cfm:recipes/decorations/cyan_kitchen_drawer": {
    "criteria": {
      "has_chest": "2024-07-27 00:26:24 +0000"
    },
    "done": true
  },
  "cfm:recipes/decorations/stripped_mangrove_kitchen_drawer": {
    "criteria": {
      "has_chest": "2024-07-27 00:26:24 +0000"
    },
    "done": true
  },
  "cfm:recipes/decorations/stripped_mangrove_mail_box": {
    "criteria": {
      "has_chest": "2024-07-27 00:26:24 +0000"
    },
    "done": true
  },
  "cfm:recipes/decorations/stripped_jungle_mail_box": {
    "criteria": {
      "has_chest": "2024-07-27 00:26:24 +0000"
    },
    "done": true
  },
  "cfm:recipes/decorations/stripped_oak_mail_box": {
    "criteria": {
      "has_chest": "2024-07-27 00:26:24 +0000"
    },
    "done": true
  },
  "cfm:recipes/decorations/acacia_kitchen_drawer": {
    "criteria": {
      "has_chest": "2024-07-27 00:26:24 +0000"
    },
    "done": true
  },
  "cfm:recipes/decorations/cyan_cooler": {
    "criteria": {
      "has_chest": "2024-07-27 00:26:24 +0000"
    },
    "done": true
  },
  "cfm:recipes/decorations/crimson_mail_box": {
    "criteria": {
      "has_chest": "2024-07-27 00:26:24 +0000"
    },
    "done": true
  },
  "cfm:recipes/decorations/red_kitchen_drawer": {
    "criteria": {
      "has_chest": "2024-07-27 00:26:24 +0000"
    },
    "done": true
  },
  "cfm:recipes/decorations/jungle_kitchen_drawer": {
    "criteria": {
      "has_chest": "2024-07-27 00:26:24 +0000"
    },
    "done": true
  },
  "cfm:recipes/decorations/red_cooler": {
    "criteria": {
      "has_chest": "2024-07-27 00:26:24 +0000"
    },
    "done": true
  },
  "cfm:recipes/decorations/stripped_dark_oak_kitchen_drawer": {
    "criteria": {
      "has_chest": "2024-07-27 00:26:24 +0000"
    },
    "done": true
  },
  "cfm:recipes/decorations/crimson_kitchen_drawer": {
    "criteria": {
      "has_chest": "2024-07-27 00:26:24 +0000"
    },
    "done": true
  },
  "cfm:recipes/decorations/acacia_mail_box": {
    "criteria": {
      "has_chest": "2024-07-27 00:26:24 +0000"
    },
    "done": true
  },
  "cfm:recipes/decorations/pink_cooler": {
    "criteria": {
      "has_chest": "2024-07-27 00:26:24 +0000"
    },
    "done": true
  },
  "cfm:recipes/decorations/jungle_mail_box": {
    "criteria": {
      "has_chest": "2024-07-27 00:26:24 +0000"
    },
    "done": true
  },
  "sophisticatedstorage:recipes/misc/oak_chest_from_vanilla_chest": {
    "criteria": {
      "has_vanilla_chest": "2024-07-27 00:26:24 +0000"
    },
    "done": true
  },
  "cfm:recipes/decorations/green_cooler": {
    "criteria": {
      "has_chest": "2024-07-27 00:26:24 +0000"
    },
    "done": true
  },
  "cfm:recipes/decorations/stripped_crimson_mail_box": {
    "criteria": {
      "has_chest": "2024-07-27 00:26:24 +0000"
    },
    "done": true
  },
  "cfm:recipes/decorations/purple_kitchen_drawer": {
    "criteria": {
      "has_chest": "2024-07-27 00:26:24 +0000"
    },
    "done": true
  },
  "cfm:recipes/decorations/green_kitchen_drawer": {
    "criteria": {
      "has_chest": "2024-07-27 00:26:24 +0000"
    },
    "done": true
  },
  "cfm:recipes/decorations/blue_kitchen_drawer": {
    "criteria": {
      "has_chest": "2024-07-27 00:26:24 +0000"
    },
    "done": true
  },
  "cfm:recipes/decorations/lime_cooler": {
    "criteria": {
      "has_chest": "2024-07-27 00:26:24 +0000"
    },
    "done": true
  },
  "cfm:recipes/decorations/white_kitchen_drawer": {
    "criteria": {
      "has_chest": "2024-07-27 00:26:24 +0000"
    },
    "done": true
  },
  "cfm:recipes/decorations/stripped_crimson_kitchen_drawer": {
    "criteria": {
      "has_chest": "2024-07-27 00:26:24 +0000"
    },
    "done": true
  },
  "cfm:recipes/decorations/warped_mail_box": {
    "criteria": {
      "has_chest": "2024-07-27 00:26:24 +0000"
    },
    "done": true
  },
  "cfm:recipes/decorations/magenta_cooler": {
    "criteria": {
      "has_chest": "2024-07-27 00:26:24 +0000"
    },
    "done": true
  },
  "cfm:recipes/decorations/gray_cooler": {
    "criteria": {
      "has_chest": "2024-07-27 00:26:24 +0000"
    },
    "done": true
  },
  "cfm:recipes/decorations/stripped_jungle_kitchen_drawer": {
    "criteria": {
      "has_chest": "2024-07-27 00:26:24 +0000"
    },
    "done": true
  },
  "cfm:recipes/decorations/yellow_kitchen_drawer": {
    "criteria": {
      "has_chest": "2024-07-27 00:26:24 +0000"
    },
    "done": true
  },
  "cfm:recipes/decorations/birch_kitchen_drawer": {
    "criteria": {
      "has_chest": "2024-07-27 00:26:24 +0000"
    },
    "done": true
  },
  "cfm:recipes/decorations/oak_mail_box": {
    "criteria": {
      "has_chest": "2024-07-27 00:26:24 +0000"
    },
    "done": true
  },
  "cfm:recipes/decorations/magenta_kitchen_drawer": {
    "criteria": {
      "has_chest": "2024-07-27 00:26:24 +0000"
    },
    "done": true
  },
  "cfm:recipes/decorations/stripped_warped_mail_box": {
    "criteria": {
      "has_chest": "2024-07-27 00:26:24 +0000"
    },
    "done": true
  },
  "cfm:recipes/decorations/purple_cooler": {
    "criteria": {
      "has_chest": "2024-07-27 00:26:24 +0000"
    },
    "done": true
  },
  "cfm:recipes/decorations/black_cooler": {
    "criteria": {
      "has_chest": "2024-07-27 00:26:24 +0000"
    },
    "done": true
  },
  "cfm:recipes/decorations/dark_oak_kitchen_drawer": {
    "criteria": {
      "has_chest": "2024-07-27 00:26:24 +0000"
    },
    "done": true
  },
  "cfm:recipes/decorations/orange_kitchen_drawer": {
    "criteria": {
      "has_chest": "2024-07-27 00:26:24 +0000"
    },
    "done": true
  },
  "cfm:recipes/decorations/pink_kitchen_drawer": {
    "criteria": {
      "has_chest": "2024-07-27 00:26:24 +0000"
    },
    "done": true
  },
  "cfm:recipes/decorations/stripped_birch_mail_box": {
    "criteria": {
      "has_chest": "2024-07-27 00:26:24 +0000"
    },
    "done": true
  },
  "cfm:recipes/decorations/light_blue_cooler": {
    "criteria": {
      "has_chest": "2024-07-27 00:26:24 +0000"
    },
    "done": true
  },
  "cfm:recipes/decorations/light_blue_kitchen_drawer": {
    "criteria": {
      "has_chest": "2024-07-27 00:26:24 +0000"
    },
    "done": true
  },
  "cfm:recipes/decorations/light_gray_cooler": {
    "criteria": {
      "has_chest": "2024-07-27 00:26:24 +0000"
    },
    "done": true
  },
  "cfm:recipes/decorations/black_kitchen_drawer": {
    "criteria": {
      "has_chest": "2024-07-27 00:26:24 +0000"
    },
    "done": true
  },
  "cfm:recipes/decorations/mangrove_kitchen_drawer": {
    "criteria": {
      "has_chest": "2024-07-27 00:26:24 +0000"
    },
    "done": true
  },
  "cfm:recipes/decorations/stripped_dark_oak_mail_box": {
    "criteria": {
      "has_chest": "2024-07-27 00:26:24 +0000"
    },
    "done": true
  },
  "cfm:recipes/decorations/mangrove_mail_box": {
    "criteria": {
      "has_chest": "2024-07-27 00:26:24 +0000"
    },
    "done": true
  },
  "cfm:recipes/decorations/yellow_cooler": {
    "criteria": {
      "has_chest": "2024-07-27 00:26:24 +0000"
    },
    "done": true
  },
  "cfm:recipes/decorations/spruce_mail_box": {
    "criteria": {
      "has_chest": "2024-07-27 00:26:24 +0000"
    },
    "done": true
  },
  "cfm:recipes/decorations/white_cooler": {
    "criteria": {
      "has_chest": "2024-07-27 00:26:24 +0000"
    },
    "done": true
  },
  "cfm:recipes/decorations/stripped_spruce_kitchen_drawer": {
    "criteria": {
      "has_chest": "2024-07-27 00:26:24 +0000"
    },
    "done": true
  },
  "cfm:recipes/decorations/warped_kitchen_drawer": {
    "criteria": {
      "has_chest": "2024-07-27 00:26:24 +0000"
    },
    "done": true
  },
  "cfm:recipes/decorations/spruce_kitchen_drawer": {
    "criteria": {
      "has_chest": "2024-07-27 00:26:24 +0000"
    },
    "done": true
  },
  "cfm:recipes/decorations/lime_kitchen_drawer": {
    "criteria": {
      "has_chest": "2024-07-27 00:26:24 +0000"
    },
    "done": true
  },
  "cfm:recipes/decorations/stripped_acacia_mail_box": {
    "criteria": {
      "has_chest": "2024-07-27 00:26:24 +0000"
    },
    "done": true
  },
  "cfm:recipes/decorations/stripped_birch_kitchen_drawer": {
    "criteria": {
      "has_chest": "2024-07-27 00:26:24 +0000"
    },
    "done": true
  },
  "cfm:recipes/decorations/brown_cooler": {
    "criteria": {
      "has_chest": "2024-07-27 00:26:24 +0000"
    },
    "done": true
  },
  "cfm:recipes/decorations/light_gray_kitchen_drawer": {
    "criteria": {
      "has_chest": "2024-07-27 00:26:24 +0000"
    },
    "done": true
  },
  "cfm:recipes/decorations/stripped_warped_kitchen_drawer": {
    "criteria": {
      "has_chest": "2024-07-27 00:26:24 +0000"
    },
    "done": true
  },
  "rats:recipes/misc/upgrades/tnt_upgrade": {
    "criteria": {
      "has_gunpowder": "2024-07-27 00:48:57 +0000"
    },
    "done": true
  },
  "minecraft:recipes/misc/firework_rocket_simple": {
    "criteria": {
      "has_gunpowder": "2024-07-27 00:48:57 +0000"
    },
    "done": true
  },
  "minecraft:recipes/redstone/tnt": {
    "criteria": {
      "has_gunpowder": "2024-07-27 00:48:57 +0000"
    },
    "done": true
  },
  "iceandfire:recipes/combat/armor_copper_metal_chestplate": {
    "criteria": {
      "has_the_recipe": "2024-07-27 00:56:31 +0000"
    },
    "done": true
  },
  "iceandfire:recipes/combat/armor_copper_metal_helmet": {
    "criteria": {
      "has_the_recipe": "2024-07-27 00:56:35 +0000"
    },
    "done": true
  },
  "minecraft:adventure/sleep_in_bed": {
    "criteria": {
      "slept_in_bed": "2024-07-27 01:55:15 +0000"
    },
    "done": true
  },
  "minecraft:recipes/misc/gold_nugget_from_blasting": {
    "criteria": {
      "has_golden_helmet": "2024-07-27 01:59:45 +0000"
    },
    "done": true
  },
  "minecraft:recipes/misc/gold_nugget_from_smelting": {
    "criteria": {
      "has_golden_helmet": "2024-07-27 01:59:45 +0000"
    },
    "done": true
  },
  "cfm:recipes/decorations/spruce_coffee_table": {
    "criteria": {
      "has_planks": "2024-07-27 02:01:06 +0000"
    },
    "done": true
  },
  "cfm:recipes/decorations/spruce_chair": {
    "criteria": {
      "has_planks": "2024-07-27 02:01:06 +0000"
    },
    "done": true
  },
  "cfm:recipes/decorations/spruce_kitchen_sink_light": {
    "criteria": {
      "has_bottom": "2024-07-27 02:01:06 +0000"
    },
    "done": true
  },
  "cfm:recipes/decorations/spruce_desk": {
    "criteria": {
      "has_planks": "2024-07-27 02:01:06 +0000"
    },
    "done": true
  },
  "minecraft:recipes/decorations/spruce_fence": {
    "criteria": {
      "has_planks": "2024-07-27 02:01:06 +0000"
    },
    "done": true
  },
  "create:recipes/building_blocks/spruce_window": {
    "criteria": {
      "has_ingredient": "2024-07-27 02:01:06 +0000"
    },
    "done": true
  },
  "sophisticatedstorage:recipes/misc/spruce_limited_barrel_2": {
    "criteria": {
      "has_spruce_plank": "2024-07-27 02:01:06 +0000"
    },
    "done": true
  },
  "sophisticatedstorage:recipes/misc/spruce_limited_barrel_1": {
    "criteria": {
      "has_spruce_plank": "2024-07-27 02:01:06 +0000"
    },
    "done": true
  },
  "sophisticatedstorage:recipes/misc/spruce_limited_barrel_4": {
    "criteria": {
      "has_spruce_plank": "2024-07-27 02:01:06 +0000"
    },
    "done": true
  },
  "sophisticatedstorage:recipes/misc/spruce_limited_barrel_3": {
    "criteria": {
      "has_spruce_plank": "2024-07-27 02:01:06 +0000"
    },
    "done": true
  },
  "minecraft:recipes/redstone/spruce_button": {
    "criteria": {
      "has_planks": "2024-07-27 02:01:06 +0000"
    },
    "done": true
  },
  "minecraft:recipes/redstone/spruce_pressure_plate": {
    "criteria": {
      "has_planks": "2024-07-27 02:01:06 +0000"
    },
    "done": true
  },
  "cfm:recipes/decorations/spruce_kitchen_sink_dark": {
    "criteria": {
      "has_bottom": "2024-07-27 02:01:06 +0000"
    },
    "done": true
  },
  "cfm:recipes/decorations/spruce_park_bench": {
    "criteria": {
      "has_planks": "2024-07-27 02:01:06 +0000"
    },
    "done": true
  },
  "sophisticatedstorage:recipes/misc/spruce_chest": {
    "criteria": {
      "has_spruce_plank": "2024-07-27 02:01:06 +0000"
    },
    "done": true
  },
  "minecraft:recipes/decorations/spruce_sign": {
    "criteria": {
      "has_planks": "2024-07-27 02:01:06 +0000"
    },
    "done": true
  },
  "cfm:recipes/decorations/spruce_cabinet": {
    "criteria": {
      "has_planks": "2024-07-27 02:01:06 +0000"
    },
    "done": true
  },
  "cfm:recipes/decorations/spruce_crate": {
    "criteria": {
      "has_planks": "2024-07-27 02:01:06 +0000"
    },
    "done": true
  },
  "minecraft:recipes/building_blocks/spruce_slab": {
    "criteria": {
      "has_planks": "2024-07-27 02:01:06 +0000"
    },
    "done": true
  },
  "cfm:recipes/decorations/spruce_bedside_cabinet": {
    "criteria": {
      "has_planks": "2024-07-27 02:01:06 +0000"
    },
    "done": true
  },
  "cfm:recipes/decorations/spruce_desk_cabinet": {
    "criteria": {
      "has_planks": "2024-07-27 02:01:06 +0000"
    },
    "done": true
  },
  "minecraft:recipes/redstone/spruce_trapdoor": {
    "criteria": {
      "has_planks": "2024-07-27 02:01:06 +0000"
    },
    "done": true
  },
  "minecraft:recipes/redstone/spruce_door": {
    "criteria": {
      "has_planks": "2024-07-27 02:01:06 +0000"
    },
    "done": true
  },
  "minecraft:recipes/redstone/spruce_fence_gate": {
    "criteria": {
      "has_planks": "2024-07-27 02:01:06 +0000"
    },
    "done": true
  },
  "cfm:recipes/decorations/spruce_kitchen_counter": {
    "criteria": {
      "has_planks": "2024-07-27 02:01:06 +0000"
    },
    "done": true
  },
  "sophisticatedstorage:recipes/misc/spruce_barrel": {
    "criteria": {
      "has_spruce_plank": "2024-07-27 02:01:06 +0000"
    },
    "done": true
  },
  "minecraft:recipes/building_blocks/spruce_stairs": {
    "criteria": {
      "has_planks": "2024-07-27 02:01:06 +0000"
    },
    "done": true
  },
  "cfm:recipes/decorations/spruce_table": {
    "criteria": {
      "has_planks": "2024-07-27 02:01:06 +0000"
    },
    "done": true
  },
  "farmersdelight:recipes/cooking/rabbit_stew": {
    "criteria": {
      "has_any_ingredient": "2024-07-27 02:02:17 +0000"
    },
    "done": true
  },
  "farmersdelight:recipes/cooking/chicken_soup": {
    "criteria": {
      "has_any_ingredient": "2024-07-27 02:02:17 +0000"
    },
    "done": true
  },
  "farmersdelight:recipes/cooking/vegetable_noodles": {
    "criteria": {
      "has_any_ingredient": "2024-07-27 02:02:17 +0000"
    },
    "done": true
  },
  "rats:recipes/food/assorted_vegetables": {
    "criteria": {
      "has_a_veggie": "2024-07-27 02:02:17 +0000"
    },
    "done": true
  },
  "farmersdelight:recipes/cooking/fried_rice": {
    "criteria": {
      "has_any_ingredient": "2024-07-27 02:02:17 +0000"
    },
    "done": true
  },
  "farmersdelight:recipes/cooking/beef_stew": {
    "criteria": {
      "has_any_ingredient": "2024-07-27 02:02:17 +0000"
    },
    "done": true
  },
  "minecraft:recipes/transportation/carrot_on_a_stick": {
    "criteria": {
      "has_carrot": "2024-07-27 02:02:17 +0000"
    },
    "done": true
  },
  "farmersdelight:recipes/cooking/vegetable_soup": {
    "criteria": {
      "has_any_ingredient": "2024-07-27 02:02:17 +0000"
    },
    "done": true
  },
  "farmersdelight:main/get_fd_seed": {
    "criteria": {
      "onion": "2024-07-27 02:02:32 +0000"
    },
    "done": true
  },
  "farmersdelight:recipes/cooking/dumplings": {
    "criteria": {
      "has_any_ingredient": "2024-07-27 02:02:32 +0000"
    },
    "done": true
  },
  "farmersdelight:recipes/cooking/fish_stew": {
    "criteria": {
      "has_any_ingredient": "2024-07-27 02:02:32 +0000"
    },
    "done": true
  },
  "farmersdelight:recipes/food/barbecue_stick": {
    "criteria": {
      "has_onion": "2024-07-27 02:02:32 +0000"
    },
    "done": true
  },
  "farmersdelight:recipes/cooking/ratatouille": {
    "criteria": {
      "has_any_ingredient": "2024-07-27 02:02:32 +0000"
    },
    "done": true
  },
  "farmersdelight:recipes/building_blocks/onion_crate": {
    "criteria": {
      "has_onion": "2024-07-27 02:02:32 +0000"
    },
    "done": true
  },
  "minecraft:recipes/misc/magenta_dye_from_allium": {
    "criteria": {
      "has_allium": "2024-07-27 02:02:40 +0000"
    },
    "done": true
  },
  "cfm:recipes/decorations/stripped_dark_oak_park_bench": {
    "criteria": {
      "has_log": "2024-07-27 02:11:55 +0000"
    },
    "done": true
  },
  "minecraft:recipes/combat/leather_helmet": {
    "criteria": {
      "has_leather": "2024-07-27 02:31:23 +0000"
    },
    "done": true
  },
  "cfm:recipes/decorations/stripped_dark_oak_kitchen_counter": {
    "criteria": {
      "has_log": "2024-07-27 02:11:55 +0000"
    },
    "done": true
  },
  "rats:recipes/misc/hammocks/rat_hammock_magenta": {
    "criteria": {
      "has_string": "2024-07-27 02:14:57 +0000"
    },
    "done": true
  },
  "rats:recipes/misc/upgrades/armor_upgrade": {
    "criteria": {
      "has_iron": "2024-07-27 02:14:57 +0000"
    },
    "done": true
  },
  "rats:recipes/misc/upgrades/poison_upgrade": {
    "criteria": {
      "has_eye": "2024-07-27 02:48:42 +0000"
    },
    "done": true
  },
  "cfm:recipes/decorations/dark_oak_desk_cabinet": {
    "criteria": {
      "has_log": "2024-07-27 02:11:55 +0000"
    },
    "done": true
  },
  "vanilla_refresh:has/ladder": {
    "criteria": {
      "requirement": "2024-07-27 02:37:39 +0000"
    },
    "done": true
  },
  "minecraft:recipes/food/cooked_chicken_from_campfire_cooking": {
    "criteria": {
      "has_chicken": "2024-07-27 02:39:22 +0000"
    },
    "done": true
  },
  "cfm:recipes/decorations/dark_oak_blinds": {
    "criteria": {
      "has_log": "2024-07-27 02:11:55 +0000"
    },
    "done": true
  },
  "minecraft:recipes/tools/golden_axe": {
    "criteria": {
      "has_gold_ingot": "2024-07-27 02:06:46 +0000"
    },
    "done": true
  },
  "skilltree:recipes/combat/gilded_quiver": {
    "criteria": {
      "has_ingots_gold": "2024-07-27 02:06:46 +0000"
    },
    "done": true
  },
  "minecraft:recipes/tools/golden_pickaxe": {
    "criteria": {
      "has_gold_ingot": "2024-07-27 02:06:46 +0000"
    },
    "done": true
  },
  "create:recipes/building_blocks/dark_oak_window": {
    "criteria": {
      "has_ingredient": "2024-07-27 02:13:12 +0000"
    },
    "done": true
  },
  "cfm:recipes/decorations/blue_grill": {
    "criteria": {
      "has_iron": "2024-07-27 02:14:57 +0000"
    },
    "done": true
  },
  "cfm:recipes/decorations/light_blue_grill": {
    "criteria": {
      "has_iron": "2024-07-27 02:14:57 +0000"
    },
    "done": true
  },
  "cfm:recipes/decorations/brown_grill": {
    "criteria": {
      "has_iron": "2024-07-27 02:14:57 +0000"
    },
    "done": true
  },
  "minecraft:recipes/misc/white_dye": {
    "criteria": {
      "has_bone_meal": "2024-07-27 02:30:01 +0000"
    },
    "done": true
  },
  "minecraft:recipes/misc/gold_nugget": {
    "criteria": {
      "has_gold_ingot": "2024-07-27 02:06:46 +0000"
    },
    "done": true
  },
  "skilltree:recipes/combat/quiver": {
    "criteria": {
      "has_leather": "2024-07-27 02:31:23 +0000"
    },
    "done": true
  },
  "cfm:recipes/decorations/stripped_dark_oak_bedside_cabinet": {
    "criteria": {
      "has_planks": "2024-07-27 02:11:55 +0000"
    },
    "done": true
  },
  "skilltree:recipes/combat/silent_quiver": {
    "criteria": {
      "has_feather": "2024-07-27 02:39:21 +0000"
    },
    "done": true
  },
  "minecraft:recipes/combat/iron_helmet": {
    "criteria": {
      "has_iron_ingot": "2024-07-27 02:14:57 +0000"
    },
    "done": true
  },
  "minecraft:recipes/tools/golden_shovel": {
    "criteria": {
      "has_gold_ingot": "2024-07-27 02:06:46 +0000"
    },
    "done": true
  },
  "minecraft:recipes/food/golden_apple": {
    "criteria": {
      "has_gold_ingot": "2024-07-27 02:06:46 +0000"
    },
    "done": true
  },
  "farmersdelight:recipes/food/roast_chicken_block": {
    "criteria": {
      "has_cooked_chicken": "2024-07-27 02:42:56 +0000"
    },
    "done": true
  },
  "sophisticatedstorage:recipes/misc/dark_oak_barrel": {
    "criteria": {
      "has_dark_oak_plank": "2024-07-27 02:13:12 +0000"
    },
    "done": true
  },
  "minecraft:recipes/combat/golden_boots": {
    "criteria": {
      "has_gold_ingot": "2024-07-27 02:06:46 +0000"
    },
    "done": true
  },
  "biomesoplenty:recipes/redstone/redwood_trapdoor": {
    "criteria": {
      "has_planks": "2024-07-27 02:36:02 +0000"
    },
    "done": true
  },
  "cfm:recipes/decorations/stripped_dark_oak_crate": {
    "criteria": {
      "has_planks": "2024-07-27 02:11:55 +0000"
    },
    "done": true
  },
  "minecraft:recipes/combat/leather_chestplate": {
    "criteria": {
      "has_leather": "2024-07-27 02:31:23 +0000"
    },
    "done": true
  },
  "minecraft:adventure/shoot_arrow": {
    "criteria": {
      "shot_arrow": "2024-07-27 02:27:40 +0000"
    },
    "done": true
  },
  "rats:recipes/misc/hammocks/rat_hammock_brown": {
    "criteria": {
      "has_string": "2024-07-27 02:14:57 +0000"
    },
    "done": true
  },
  "cfm:recipes/decorations/dark_oak_park_bench": {
    "criteria": {
      "has_log": "2024-07-27 02:11:55 +0000"
    },
    "done": true
  },
  "cfm:recipes/decorations/black_trampoline": {
    "criteria": {
      "has_iron": "2024-07-27 02:14:57 +0000"
    },
    "done": true
  },
  "minecraft:recipes/tools/shears": {
    "criteria": {
      "has_iron_ingot": "2024-07-27 02:14:57 +0000"
    },
    "done": true
  },
  "cfm:recipes/decorations/stripped_dark_oak_cabinet": {
    "criteria": {
      "has_log": "2024-07-27 02:11:55 +0000"
    },
    "done": true
  },
  "cfm:recipes/decorations/yellow_grill": {
    "criteria": {
      "has_iron": "2024-07-27 02:14:57 +0000"
    },
    "done": true
  },
  "minecraft:recipes/combat/golden_chestplate": {
    "criteria": {
      "has_gold_ingot": "2024-07-27 02:06:46 +0000"
    },
    "done": true
  },
  "minecraft:recipes/building_blocks/iron_block": {
    "criteria": {
      "has_iron_ingot": "2024-07-27 02:14:57 +0000"
    },
    "done": true
  },
  "biomesoplenty:recipes/decorations/redwood_sign": {
    "criteria": {
      "has_redwood_planks": "2024-07-27 02:36:02 +0000"
    },
    "done": true
  },
  "minecraft:recipes/redstone/tripwire_hook": {
    "criteria": {
      "has_string": "2024-07-27 02:14:57 +0000"
    },
    "done": true
  },
  "cfm:recipes/decorations/dark_oak_coffee_table": {
    "criteria": {
      "has_log": "2024-07-27 02:11:55 +0000"
    },
    "done": true
  },
  "biomesoplenty:recipes/building_blocks/redwood_planks": {
    "criteria": {
      "has_logs": "2024-07-27 02:28:04 +0000"
    },
    "done": true
  },
  "farmersdelight:recipes/decorations/cooking_pot": {
    "criteria": {
      "has_iron_ingot": "2024-07-27 02:14:57 +0000"
    },
    "done": true
  },
  "cfm:recipes/decorations/dark_oak_kitchen_sink_light": {
    "criteria": {
      "has_bottom": "2024-07-27 02:13:12 +0000"
    },
    "done": true
  },
  "create:recipes/misc/crafting/materials/andesite_alloy": {
    "criteria": {
      "has_item": "2024-07-27 02:14:57 +0000"
    },
    "done": true
  },
  "rats:recipes/misc/upgrades/basic_energy_upgrade": {
    "criteria": {
      "has_gold": "2024-07-27 02:06:46 +0000"
    },
    "done": true
  },
  "farmersdelight:recipes/combat/golden_knife": {
    "criteria": {
      "has_gold_ingot": "2024-07-27 02:06:46 +0000"
    },
    "done": true
  },
  "minecraft:recipes/decorations/candle": {
    "criteria": {
      "has_string": "2024-07-27 02:14:57 +0000"
    },
    "done": true
  },
  "cfm:recipes/decorations/blue_trampoline": {
    "criteria": {
      "has_iron": "2024-07-27 02:14:57 +0000"
    },
    "done": true
  },
  "rats:recipes/misc/hammocks/rat_hammock_gray": {
    "criteria": {
      "has_string": "2024-07-27 02:14:57 +0000"
    },
    "done": true
  },
  "minecraft:recipes/misc/leather_horse_armor": {
    "criteria": {
      "has_leather": "2024-07-27 02:31:23 +0000"
    },
    "done": true
  },
  "cfm:recipes/decorations/lime_trampoline": {
    "criteria": {
      "has_iron": "2024-07-27 02:14:57 +0000"
    },
    "done": true
  },
  "minecraft:recipes/building_blocks/dark_oak_stairs": {
    "criteria": {
      "has_planks": "2024-07-27 02:13:12 +0000"
    },
    "done": true
  },
  "rats:recipes/combat/rat_fez": {
    "criteria": {
      "has_wool": "2024-07-27 02:16:56 +0000"
    },
    "done": true
  },
  "rats:recipes/misc/upgrades/bottler_upgrade": {
    "criteria": {
      "has_string": "2024-07-27 02:14:57 +0000"
    },
    "done": true
  },
  "farmersdelight:main/plant_all_crops": {
    "criteria": {
      "carrot": "2024-07-27 02:30:07 +0000"
    },
    "done": false
  },
  "rats:recipes/misc/hammocks/rat_hammock_light_gray": {
    "criteria": {
      "has_string": "2024-07-27 02:14:57 +0000"
    },
    "done": true
  },
  "sophisticatedstorage:recipes/misc/dark_oak_limited_barrel_2": {
    "criteria": {
      "has_dark_oak_plank": "2024-07-27 02:13:12 +0000"
    },
    "done": true
  },
  "sophisticatedstorage:recipes/misc/dark_oak_limited_barrel_1": {
    "criteria": {
      "has_dark_oak_plank": "2024-07-27 02:13:12 +0000"
    },
    "done": true
  },
  "sophisticatedstorage:recipes/misc/dark_oak_limited_barrel_4": {
    "criteria": {
      "has_dark_oak_plank": "2024-07-27 02:13:12 +0000"
    },
    "done": true
  },
  "sophisticatedstorage:recipes/misc/dark_oak_limited_barrel_3": {
    "criteria": {
      "has_dark_oak_plank": "2024-07-27 02:13:12 +0000"
    },
    "done": true
  },
  "minecraft:recipes/redstone/light_weighted_pressure_plate": {
    "criteria": {
      "has_gold_ingot": "2024-07-27 02:06:46 +0000"
    },
    "done": true
  },
  "biomesoplenty:recipes/redstone/redwood_fence_gate": {
    "criteria": {
      "has_planks": "2024-07-27 02:36:02 +0000"
    },
    "done": true
  },
  "rats:recipes/misc/hammocks/rat_hammock_purple": {
    "criteria": {
      "has_string": "2024-07-27 02:14:57 +0000"
    },
    "done": true
  },
  "rats:recipes/combat/fisherman_hat": {
    "criteria": {
      "has_string": "2024-07-27 02:14:57 +0000"
    },
    "done": true
  },
  "cfm:recipes/decorations/white_grill": {
    "criteria": {
      "has_iron": "2024-07-27 02:14:57 +0000"
    },
    "done": true
  },
  "rats:recipes/combat/piper_hat": {
    "criteria": {
      "has_feather": "2024-07-27 02:39:21 +0000"
    },
    "done": true
  },
  "minecraft:recipes/redstone/dark_oak_door": {
    "criteria": {
      "has_planks": "2024-07-27 02:13:12 +0000"
    },
    "done": true
  },
  "minecraft:recipes/redstone/hopper": {
    "criteria": {
      "has_iron_ingot": "2024-07-27 02:14:57 +0000"
    },
    "done": true
  },
  "cfm:recipes/decorations/yellow_trampoline": {
    "criteria": {
      "has_iron": "2024-07-27 02:14:57 +0000"
    },
    "done": true
  },
  "cfm:recipes/decorations/dark_oak_upgraded_fence": {
    "criteria": {
      "has_log": "2024-07-27 02:11:55 +0000"
    },
    "done": true
  },
  "create:recipes/misc/crafting/appliances/tree_fertilizer": {
    "criteria": {
      "has_item": "2024-07-27 02:30:01 +0000"
    },
    "done": true
  },
  "lootr:social": {
    "criteria": {
      "opened_chest": "2024-07-27 02:06:45 +0000"
    },
    "done": false
  },
  "sophisticatedbackpacks:recipes/misc/backpack": {
    "criteria": {
      "has_leather": "2024-07-27 02:31:23 +0000"
    },
    "done": true
  },
  "cfm:recipes/decorations/orange_trampoline": {
    "criteria": {
      "has_iron": "2024-07-27 02:14:57 +0000"
    },
    "done": true
  },
  "minecraft:recipes/decorations/red_banner": {
    "criteria": {
      "has_red_wool": "2024-07-27 02:16:56 +0000"
    },
    "done": true
  },
  "minecraft:recipes/combat/iron_boots": {
    "criteria": {
      "has_iron_ingot": "2024-07-27 02:14:57 +0000"
    },
    "done": true
  },
  "minecraft:recipes/decorations/lantern": {
    "criteria": {
      "has_iron_ingot": "2024-07-27 02:14:57 +0000"
    },
    "done": true
  },
  "cfm:recipes/decorations/stripped_dark_oak_table": {
    "criteria": {
      "has_planks": "2024-07-27 02:11:55 +0000"
    },
    "done": true
  },
  "cfm:recipes/decorations/gray_grill": {
    "criteria": {
      "has_iron": "2024-07-27 02:14:57 +0000"
    },
    "done": true
  },
  "mynethersdelight:recipes/building_blocks/letios_compost_from_bone_alt": {
    "criteria": {
      "has_bone_meal": "2024-07-27 02:30:01 +0000"
    },
    "done": true
  },
  "cfm:recipes/decorations/red_trampoline": {
    "criteria": {
      "has_iron": "2024-07-27 02:14:57 +0000"
    },
    "done": true
  },
  "sophisticatedstorage:recipes/misc/dark_oak_chest": {
    "criteria": {
      "has_dark_oak_plank": "2024-07-27 02:13:12 +0000"
    },
    "done": true
  },
  "minecraft:recipes/food/cooked_chicken_from_smoking": {
    "criteria": {
      "has_chicken": "2024-07-27 02:39:22 +0000"
    },
    "done": true
  },
  "rats:recipes/misc/hammocks/rat_hammock_orange": {
    "criteria": {
      "has_string": "2024-07-27 02:14:57 +0000"
    },
    "done": true
  },
  "rats:recipes/combat/halo_hat": {
    "criteria": {
      "has_ingot": "2024-07-27 02:06:46 +0000"
    },
    "done": true
  },
  "minecraft:recipes/tools/iron_shovel": {
    "criteria": {
      "has_iron_ingot": "2024-07-27 02:14:57 +0000"
    },
    "done": true
  },
  "minecraft:recipes/decorations/item_frame": {
    "criteria": {
      "has_leather": "2024-07-27 02:31:23 +0000"
    },
    "done": true
  },
  "cfm:recipes/decorations/dark_oak_chair": {
    "criteria": {
      "has_log": "2024-07-27 02:11:55 +0000"
    },
    "done": true
  },
  "rats:recipes/misc/upgrades/jury_rigged_upgrade": {
    "criteria": {
      "has_string": "2024-07-27 02:14:57 +0000"
    },
    "done": true
  },
  "cfm:recipes/decorations/magenta_grill": {
    "criteria": {
      "has_iron": "2024-07-27 02:14:57 +0000"
    },
    "done": true
  },
  "cfm:recipes/decorations/dark_oak_cabinet": {
    "criteria": {
      "has_log": "2024-07-27 02:11:55 +0000"
    },
    "done": true
  },
  "cfm:recipes/decorations/pink_grill": {
    "criteria": {
      "has_iron": "2024-07-27 02:14:57 +0000"
    },
    "done": true
  },
  "rats:recipes/misc/upgrades/angel_upgrade": {
    "criteria": {
      "has_gold": "2024-07-27 02:06:46 +0000"
    },
    "done": true
  },
  "cfm:recipes/decorations/gray_trampoline": {
    "criteria": {
      "has_iron": "2024-07-27 02:14:57 +0000"
    },
    "done": true
  },
  "cfm:recipes/decorations/brown_trampoline": {
    "criteria": {
      "has_iron": "2024-07-27 02:14:57 +0000"
    },
    "done": true
  },
  "minecraft:recipes/combat/golden_sword": {
    "criteria": {
      "has_gold_ingot": "2024-07-27 02:06:46 +0000"
    },
    "done": true
  },
  "minecraft:recipes/redstone/dispenser": {
    "criteria": {
      "has_bow": "2024-07-27 02:07:20 +0000"
    },
    "done": true
  },
  "cfm:recipes/decorations/black_grill": {
    "criteria": {
      "has_iron": "2024-07-27 02:14:57 +0000"
    },
    "done": true
  },
  "rats:recipes/misc/hammocks/rat_hammock_blue": {
    "criteria": {
      "has_string": "2024-07-27 02:14:57 +0000"
    },
    "done": true
  },
  "minecraft:recipes/building_blocks/gold_block": {
    "criteria": {
      "has_gold_ingot": "2024-07-27 02:06:46 +0000"
    },
    "done": true
  },
  "cfm:recipes/decorations/red_sofa": {
    "criteria": {
      "has_wool": "2024-07-27 02:16:56 +0000"
    },
    "done": true
  },
  "minecraft:recipes/redstone/iron_trapdoor": {
    "criteria": {
      "has_iron_ingot": "2024-07-27 02:14:57 +0000"
    },
    "done": true
  },
  "rats:recipes/building_blocks/rat_attractor": {
    "criteria": {
      "has_lantern": "2024-07-27 02:13:32 +0000"
    },
    "done": true
  },
  "rats:recipes/misc/hammocks/rat_hammock_lime": {
    "criteria": {
      "has_string": "2024-07-27 02:14:57 +0000"
    },
    "done": true
  },
  "minecraft:recipes/combat/crossbow": {
    "criteria": {
      "has_string": "2024-07-27 02:14:57 +0000"
    },
    "done": true
  },
  "cfm:recipes/decorations/light_blue_trampoline": {
    "criteria": {
      "has_iron": "2024-07-27 02:14:57 +0000"
    },
    "done": true
  },
  "minecraft:recipes/combat/leather_boots": {
    "criteria": {
      "has_leather": "2024-07-27 02:31:23 +0000"
    },
    "done": true
  },
  "rats:plague_doctor": {
    "criteria": {
      "meet_doctor": "2024-07-27 02:15:43 +0000"
    },
    "done": true
  },
  "rats:recipes/misc/upgrades/milker_upgrade": {
    "criteria": {
      "has_leather": "2024-07-27 02:31:23 +0000"
    },
    "done": true
  },
  "skilltree:recipes/combat/armored_quiver": {
    "criteria": {
      "has_ingots_iron": "2024-07-27 02:14:57 +0000"
    },
    "done": true
  },
  "rats:recipes/misc/upgrades/aristocrat_upgrade": {
    "criteria": {
      "has_gold": "2024-07-27 02:06:46 +0000"
    },
    "done": true
  },
  "farmersdelight:recipes/combat/iron_knife": {
    "criteria": {
      "has_iron_ingot": "2024-07-27 02:14:57 +0000"
    },
    "done": true
  },
  "cfm:recipes/decorations/dark_oak_table": {
    "criteria": {
      "has_log": "2024-07-27 02:11:55 +0000"
    },
    "done": true
  },
  "minecraft:recipes/decorations/dark_oak_sign": {
    "criteria": {
      "has_planks": "2024-07-27 02:13:12 +0000"
    },
    "done": true
  },
  "minecraft:recipes/decorations/red_bed": {
    "criteria": {
      "has_red_wool": "2024-07-27 02:16:56 +0000"
    },
    "done": true
  },
  "rats:recipes/misc/hammocks/rat_hammock_cyan": {
    "criteria": {
      "has_string": "2024-07-27 02:14:57 +0000"
    },
    "done": true
  },
  "minecraft:recipes/redstone/heavy_weighted_pressure_plate": {
    "criteria": {
      "has_iron_ingot": "2024-07-27 02:14:57 +0000"
    },
    "done": true
  },
  "minecraft:recipes/building_blocks/bone_block": {
    "criteria": {
      "has_bone_meal": "2024-07-27 02:30:01 +0000"
    },
    "done": true
  },
  "lootr:1chest": {
    "criteria": {
      "opened_chest": "2024-07-27 02:06:45 +0000"
    },
    "done": true
  },
  "minecraft:recipes/combat/iron_leggings": {
    "criteria": {
      "has_iron_ingot": "2024-07-27 02:14:57 +0000"
    },
    "done": true
  },
  "minecraft:recipes/combat/leather_leggings": {
    "criteria": {
      "has_leather": "2024-07-27 02:31:23 +0000"
    },
    "done": true
  },
  "rats:recipes/misc/golden_rat_skull": {
    "criteria": {
      "has_gold": "2024-07-27 02:06:46 +0000"
    },
    "done": true
  },
  "minecraft:recipes/redstone/dark_oak_fence_gate": {
    "criteria": {
      "has_planks": "2024-07-27 02:13:12 +0000"
    },
    "done": true
  },
  "rats:recipes/misc/hammocks/rat_hammock_black": {
    "criteria": {
      "has_string": "2024-07-27 02:14:57 +0000"
    },
    "done": true
  },
  "nova_structures:adventure/find_all_illager_structures": {
    "criteria": {
      "illager_camp": "2024-07-27 02:08:34 +0000"
    },
    "done": false
  },
  "minecraft:recipes/food/cooked_chicken_from_grill_cooking": {
    "criteria": {
      "has_chicken": "2024-07-27 02:39:22 +0000"
    },
    "done": true
  },
  "rats:recipes/misc/upgrades/crossbow_upgrade": {
    "criteria": {
      "has_arrow": "2024-07-27 02:07:31 +0000"
    },
    "done": true
  },
  "minecraft:recipes/combat/iron_chestplate": {
    "criteria": {
      "has_iron_ingot": "2024-07-27 02:14:57 +0000"
    },
    "done": true
  },
  "minecraft:recipes/redstone/dark_oak_trapdoor": {
    "criteria": {
      "has_planks": "2024-07-27 02:13:12 +0000"
    },
    "done": true
  },
  "rats:recipes/misc/rat_wheel": {
    "criteria": {
      "has_iron": "2024-07-27 02:14:57 +0000"
    },
    "done": true
  },
  "minecraft:recipes/food/cooked_chicken": {
    "criteria": {
      "has_chicken": "2024-07-27 02:39:22 +0000"
    },
    "done": true
  },
  "minecraft:recipes/misc/iron_nugget": {
    "criteria": {
      "has_iron_ingot": "2024-07-27 02:14:57 +0000"
    },
    "done": true
  },
  "cfm:recipes/decorations/light_gray_grill": {
    "criteria": {
      "has_iron": "2024-07-27 02:14:57 +0000"
    },
    "done": true
  },
  "cfm:recipes/decorations/green_grill": {
    "criteria": {
      "has_iron": "2024-07-27 02:14:57 +0000"
    },
    "done": true
  },
  "minecraft:recipes/misc/bucket": {
    "criteria": {
      "has_iron_ingot": "2024-07-27 02:14:57 +0000"
    },
    "done": true
  },
  "iceandfire:recipes/misc/blindfold": {
    "criteria": {
      "has_item": "2024-07-27 02:31:23 +0000"
    },
    "done": true
  },
  "minecraft:recipes/combat/bow": {
    "criteria": {
      "has_string": "2024-07-27 02:14:57 +0000"
    },
    "done": true
  },
  "minecraft:recipes/transportation/minecart": {
    "criteria": {
      "has_iron_ingot": "2024-07-27 02:14:57 +0000"
    },
    "done": true
  },
  "minecraft:recipes/tools/iron_hoe": {
    "criteria": {
      "has_iron_ingot": "2024-07-27 02:14:57 +0000"
    },
    "done": true
  },
  "cfm:recipes/tools/spatula": {
    "criteria": {
      "has_iron": "2024-07-27 02:14:57 +0000"
    },
    "done": true
  },
  "cfm:recipes/decorations/pink_trampoline": {
    "criteria": {
      "has_iron": "2024-07-27 02:14:57 +0000"
    },
    "done": true
  },
  "cfm:recipes/decorations/dark_oak_upgraded_gate": {
    "criteria": {
      "has_log": "2024-07-27 02:11:55 +0000"
    },
    "done": true
  },
  "farmersdelight:recipes/decorations/dark_oak_cabinet": {
    "criteria": {
      "has_dark_oak_trapdoor": "2024-07-27 02:28:01 +0000"
    },
    "done": true
  },
  "minecraft:recipes/combat/golden_helmet": {
    "criteria": {
      "has_gold_ingot": "2024-07-27 02:06:46 +0000"
    },
    "done": true
  },
  "minecraft:recipes/decorations/composter": {
    "criteria": {
      "has_wood_slab": "2024-07-27 02:12:39 +0000"
    },
    "done": true
  },
  "sophisticatedstorage:recipes/misc/upgrade_base": {
    "criteria": {
      "has_iron_ingot": "2024-07-27 02:14:57 +0000"
    },
    "done": true
  },
  "cfm:recipes/decorations/purple_grill": {
    "criteria": {
      "has_iron": "2024-07-27 02:14:57 +0000"
    },
    "done": true
  },
  "minecraft:story/smelt_iron": {
    "criteria": {
      "iron": "2024-07-27 02:14:57 +0000"
    },
    "done": true
  },
  "minecraft:recipes/tools/fishing_rod": {
    "criteria": {
      "has_string": "2024-07-27 02:14:57 +0000"
    },
    "done": true
  },
  "minecraft:recipes/redstone/dark_oak_button": {
    "criteria": {
      "has_planks": "2024-07-27 02:13:12 +0000"
    },
    "done": true
  },
  "minecraft:recipes/building_blocks/emerald_block": {
    "criteria": {
      "has_emerald": "2024-07-27 02:06:46 +0000"
    },
    "done": true
  },
  "cfm:recipes/decorations/dark_oak_kitchen_sink_dark": {
    "criteria": {
      "has_bottom": "2024-07-27 02:13:12 +0000"
    },
    "done": true
  },
  "biomesoplenty:recipes/redstone/redwood_button": {
    "criteria": {
      "has_planks": "2024-07-27 02:36:02 +0000"
    },
    "done": true
  },
  "rats:recipes/misc/upgrades/pickpocket_upgrade": {
    "criteria": {
      "has_emerald": "2024-07-27 02:06:46 +0000"
    },
    "done": true
  },
  "minecraft:recipes/decorations/chain": {
    "criteria": {
      "has_iron_ingot": "2024-07-27 02:14:57 +0000"
    },
    "done": true
  },
  "rats:recipes/misc/rat_breeding_lantern": {
    "criteria": {
      "has_string": "2024-07-27 02:14:57 +0000"
    },
    "done": true
  },
  "rats:recipes/misc/upgrades/bow_upgrade": {
    "criteria": {
      "has_bow": "2024-07-27 02:07:20 +0000"
    },
    "done": true
  },
  "minecraft:recipes/decorations/smithing_table": {
    "criteria": {
      "has_iron_ingot": "2024-07-27 02:14:57 +0000"
    },
    "done": true
  },
  "rats:recipes/misc/hammocks/rat_hammock_green": {
    "criteria": {
      "has_string": "2024-07-27 02:14:57 +0000"
    },
    "done": true
  },
  "cfm:recipes/decorations/stripped_dark_oak_chair": {
    "criteria": {
      "has_planks": "2024-07-27 02:11:55 +0000"
    },
    "done": true
  },
  "create:recipes/misc/crafting/kinetics/empty_blaze_burner": {
    "criteria": {
      "has_item": "2024-07-27 02:14:57 +0000"
    },
    "done": true
  },
  "biomesoplenty:recipes/decorations/redwood_fence": {
    "criteria": {
      "has_planks": "2024-07-27 02:36:02 +0000"
    },
    "done": true
  },
  "minecraft:recipes/building_blocks/mossy_cobblestone_from_moss_block": {
    "criteria": {
      "has_moss_block": "2024-07-27 02:34:29 +0000"
    },
    "done": true
  },
  "rats:recipes/tools/rat_whistle": {
    "criteria": {
      "has_iron": "2024-07-27 02:14:57 +0000"
    },
    "done": true
  },
  "minecraft:recipes/redstone/dark_oak_pressure_plate": {
    "criteria": {
      "has_planks": "2024-07-27 02:13:12 +0000"
    },
    "done": true
  },
  "rats:recipes/building_blocks/trash_can": {
    "criteria": {
      "has_ingot": "2024-07-27 02:14:57 +0000"
    },
    "done": true
  },
  "cfm:recipes/decorations/light_gray_trampoline": {
    "criteria": {
      "has_iron": "2024-07-27 02:14:57 +0000"
    },
    "done": true
  },
  "cfm:recipes/decorations/stripped_dark_oak_coffee_table": {
    "criteria": {
      "has_planks": "2024-07-27 02:11:55 +0000"
    },
    "done": true
  },
  "cfm:recipes/decorations/dark_oak_crate": {
    "criteria": {
      "has_log": "2024-07-27 02:11:55 +0000"
    },
    "done": true
  },
  "minecraft:recipes/decorations/dark_oak_fence": {
    "criteria": {
      "has_planks": "2024-07-27 02:13:12 +0000"
    },
    "done": true
  },
  "biomesoplenty:recipes/redstone/redwood_door": {
    "criteria": {
      "has_planks": "2024-07-27 02:36:02 +0000"
    },
    "done": true
  },
  "rats:recipes/tools/rat_sack": {
    "criteria": {
      "has_leather": "2024-07-27 02:31:23 +0000"
    },
    "done": true
  },
  "minecraft:recipes/combat/iron_sword": {
    "criteria": {
      "has_iron_ingot": "2024-07-27 02:14:57 +0000"
    },
    "done": true
  },
  "minecraft:recipes/tools/iron_pickaxe": {
    "criteria": {
      "has_iron_ingot": "2024-07-27 02:14:57 +0000"
    },
    "done": true
  },
  "minecraft:recipes/building_blocks/dark_oak_slab": {
    "criteria": {
      "has_planks": "2024-07-27 02:13:12 +0000"
    },
    "done": true
  },
  "minecraft:recipes/building_blocks/dark_oak_planks": {
    "criteria": {
      "has_log": "2024-07-27 02:11:55 +0000"
    },
    "done": true
  },
  "minecraft:recipes/combat/shield": {
    "criteria": {
      "has_iron_ingot": "2024-07-27 02:14:57 +0000"
    },
    "done": true
  },
  "minecraft:recipes/decorations/iron_bars": {
    "criteria": {
      "has_iron_ingot": "2024-07-27 02:14:57 +0000"
    },
    "done": true
  },
  "minecraft:recipes/decorations/red_carpet": {
    "criteria": {
      "has_red_wool": "2024-07-27 02:16:56 +0000"
    },
    "done": true
  },
  "biomesoplenty:recipes/building_blocks/redwood_slab": {
    "criteria": {
      "has_planks": "2024-07-27 02:36:02 +0000"
    },
    "done": true
  },
  "cfm:recipes/decorations/post_box": {
    "criteria": {
      "has_iron": "2024-07-27 02:14:57 +0000"
    },
    "done": true
  },
  "biomesoplenty:recipes/building_blocks/redwood_wood": {
    "criteria": {
      "has_log": "2024-07-27 02:33:55 +0000"
    },
    "done": true
  },
  "cfm:recipes/decorations/dark_oak_bedside_cabinet": {
    "criteria": {
      "has_log": "2024-07-27 02:11:55 +0000"
    },
    "done": true
  },
  "minecraft:recipes/brewing/fermented_spider_eye": {
    "criteria": {
      "has_spider_eye": "2024-07-27 02:48:42 +0000"
    },
    "done": true
  },
  "cfm:recipes/decorations/cyan_trampoline": {
    "criteria": {
      "has_iron": "2024-07-27 02:14:57 +0000"
    },
    "done": true
  },
  "rats:recipes/building_blocks/rat_cage": {
    "criteria": {
      "has_ingot": "2024-07-27 02:14:57 +0000"
    },
    "done": true
  },
  "biomesoplenty:recipes/redstone/redwood_pressure_plate": {
    "criteria": {
      "has_planks": "2024-07-27 02:36:02 +0000"
    },
    "done": true
  },
  "rats:recipes/decorations/rat_trap": {
    "criteria": {
      "has_slab": "2024-07-27 02:12:39 +0000"
    },
    "done": true
  },
  "minecraft:recipes/building_blocks/dark_oak_wood": {
    "criteria": {
      "has_log": "2024-07-27 02:11:55 +0000"
    },
    "done": true
  },
  "sophisticatedbackpacks:recipes/misc/upgrade_base": {
    "criteria": {
      "has_leather": "2024-07-27 02:31:23 +0000"
    },
    "done": true
  },
  "biomesoplenty:recipes/building_blocks/redwood_stairs": {
    "criteria": {
      "has_planks": "2024-07-27 02:36:02 +0000"
    },
    "done": true
  },
  "rats:recipes/misc/hammocks/rat_hammock_yellow": {
    "criteria": {
      "has_string": "2024-07-27 02:14:57 +0000"
    },
    "done": true
  },
  "cfm:recipes/decorations/purple_trampoline": {
    "criteria": {
      "has_iron": "2024-07-27 02:14:57 +0000"
    },
    "done": true
  },
  "cfm:recipes/decorations/stripped_dark_oak_desk": {
    "criteria": {
      "has_planks": "2024-07-27 02:11:55 +0000"
    },
    "done": true
  },
  "rats:recipes/misc/upgrades/platter_upgrade": {
    "criteria": {
      "has_iron": "2024-07-27 02:14:57 +0000"
    },
    "done": true
  },
  "sophisticatedbackpacks:recipes/misc/copper_backpack": {
    "criteria": {
      "has_backpack": "2024-07-27 02:45:50 +0000"
    },
    "done": true
  },
  "cfm:recipes/decorations/green_trampoline": {
    "criteria": {
      "has_iron": "2024-07-27 02:14:57 +0000"
    },
    "done": true
  },
  "rats:recipes/misc/feathery_wing": {
    "criteria": {
      "has_feather": "2024-07-27 02:39:21 +0000"
    },
    "done": true
  },
  "cfm:recipes/decorations/cyan_grill": {
    "criteria": {
      "has_iron": "2024-07-27 02:14:57 +0000"
    },
    "done": true
  },
  "cfm:recipes/decorations/stripped_dark_oak_desk_cabinet": {
    "criteria": {
      "has_planks": "2024-07-27 02:11:55 +0000"
    },
    "done": true
  },
  "skilltree:recipes/misc/traveler_necklace": {
    "criteria": {
      "has_feather": "2024-07-27 02:39:21 +0000"
    },
    "done": true
  },
  "minecraft:recipes/building_blocks/white_wool_from_string": {
    "criteria": {
      "has_string": "2024-07-27 02:14:57 +0000"
    },
    "done": true
  },
  "rats:recipes/misc/hammocks/rat_hammock_light_blue": {
    "criteria": {
      "has_string": "2024-07-27 02:14:57 +0000"
    },
    "done": true
  },
  "cfm:recipes/decorations/orange_grill": {
    "criteria": {
      "has_iron": "2024-07-27 02:14:57 +0000"
    },
    "done": true
  },
  "minecraft:recipes/decorations/moss_carpet": {
    "criteria": {
      "has_moss_block": "2024-07-27 02:34:29 +0000"
    },
    "done": true
  },
  "rats:recipes/misc/hammocks/rat_hammock_pink": {
    "criteria": {
      "has_string": "2024-07-27 02:14:57 +0000"
    },
    "done": true
  },
  "minecraft:recipes/tools/iron_axe": {
    "criteria": {
      "has_iron_ingot": "2024-07-27 02:14:57 +0000"
    },
    "done": true
  },
  "cfm:recipes/decorations/magenta_trampoline": {
    "criteria": {
      "has_iron": "2024-07-27 02:14:57 +0000"
    },
    "done": true
  },
  "cfm:recipes/decorations/dark_oak_desk": {
    "criteria": {
      "has_log": "2024-07-27 02:11:55 +0000"
    },
    "done": true
  },
  "rats:recipes/misc/upgrades/advanced_energy_upgrade": {
    "criteria": {
      "has_gold": "2024-07-27 02:06:46 +0000"
    },
    "done": true
  },
  "iceandfire:iceandfire/kill_ghost": {
    "criteria": {
      "killed_fire_dragon": "2024-07-27 02:40:38 +0000"
    },
    "done": true
  },
  "farmersdelight:recipes/food/chicken_sandwich": {
    "criteria": {
      "has_cooked_chicken": "2024-07-27 02:42:56 +0000"
    },
    "done": true
  },
  "minecraft:recipes/tools/golden_hoe": {
    "criteria": {
      "has_gold_ingot": "2024-07-27 02:06:46 +0000"
    },
    "done": true
  },
  "cfm:recipes/decorations/lime_grill": {
    "criteria": {
      "has_iron": "2024-07-27 02:14:57 +0000"
    },
    "done": true
  },
  "rats:recipes/misc/hammocks/rat_hammock_red": {
    "criteria": {
      "has_string": "2024-07-27 02:14:57 +0000"
    },
    "done": true
  },
  "minecraft:recipes/decorations/loom": {
    "criteria": {
      "has_string": "2024-07-27 02:14:57 +0000"
    },
    "done": true
  },
  "minecraft:recipes/building_blocks/mossy_stone_bricks_from_moss_block": {
    "criteria": {
      "has_moss_block": "2024-07-27 02:34:29 +0000"
    },
    "done": true
  },
  "cfm:recipes/decorations/dark_oak_kitchen_counter": {
    "criteria": {
      "has_log": "2024-07-27 02:11:55 +0000"
    },
    "done": true
  },
  "rats:recipes/misc/dragon_wing": {
    "criteria": {
      "has_leather": "2024-07-27 02:31:23 +0000"
    },
    "done": true
  },
  "create:recipes/building_blocks/industrial_iron_block_from_ingots_iron_stonecutting": {
    "criteria": {
      "has_ingots_iron": "2024-07-27 02:14:57 +0000"
    },
    "done": true
  },
  "minecraft:recipes/redstone/iron_door": {
    "criteria": {
      "has_iron_ingot": "2024-07-27 02:14:57 +0000"
    },
    "done": true
  },
  "cfm:recipes/decorations/red_grill": {
    "criteria": {
      "has_iron": "2024-07-27 02:14:57 +0000"
    },
    "done": true
  },
  "minecraft:recipes/combat/golden_leggings": {
    "criteria": {
      "has_gold_ingot": "2024-07-27 02:06:46 +0000"
    },
    "done": true
  },
  "sophisticatedbackpacks:recipes/misc/iron_backpack": {
    "criteria": {
      "has_backpack": "2024-07-27 02:45:50 +0000"
    },
    "done": true
  },
  "DataVersion": 3465
}