{
  "create:root": {
    "criteria": {
      "0": "2024-07-26 23:55:44 +0000"
    },
    "done": true
  },
  "minecraft:recipes/decorations/crafting_table": {
    "criteria": {
      "unlock_right_away": "2024-07-26 23:55:44 +0000"
    },
    "done": true
  },
  "mowziesmobs:root": {
    "criteria": {
      "custom_test_name": "2024-07-26 23:55:44 +0000"
    },
    "done": true
  },
  "vanilla_refresh:player/end_teleport": {
    "criteria": {
      "s3": "2024-07-26 23:55:44 +0000"
    },
    "done": false
  },
  "iceandfire:iceandfire/root": {
    "criteria": {
      "tick": "2024-07-26 23:55:44 +0000"
    },
    "done": true
  },
  "betterdungeons:root": {
    "criteria": {
      "always": "2024-07-26 23:55:44 +0000"
    },
    "done": true
  },
  "lootr:root": {
    "criteria": {
      "always_true": "2024-07-26 23:55:44 +0000"
    },
    "done": true
  },
  "betterdeserttemples:root": {
    "criteria": {
      "always": "2024-07-26 23:55:44 +0000"
    },
    "done": true
  },
  "rats:root": {
    "criteria": {
      "tick": "2024-07-26 23:55:44 +0000"
    },
    "done": true
  },
  "cataclysm:root": {
    "criteria": {
      "custom_test_name": "2024-07-26 23:55:44 +0000"
    },
    "done": true
  },
  "farmersdelight:main/root": {
    "criteria": {
      "seeds": "2024-07-26 23:55:44 +0000"
    },
    "done": true
  },
  "vanilla_refresh:player/tick": {
    "criteria": {
      "s": "2024-07-26 23:55:44 +0000"
    },
    "done": true
  },
  "biomesoplenty:biomesoplenty/root": {
    "criteria": {
      "coniferous_forest": "2024-07-26 23:55:47 +0000"
    },
    "done": true
  },
  "biomesoplenty:biomesoplenty/all_biomes": {
    "criteria": {
      "shrubland": "2024-07-27 00:04:21 +0000",
      "rocky_shrubland": "2024-07-27 00:06:53 +0000",
      "clover_patch": "2024-07-27 00:11:57 +0000",
      "maple_woods": "2024-07-27 00:10:34 +0000",
      "field": "2024-07-27 00:10:28 +0000",
      "coniferous_forest": "2024-07-26 23:55:47 +0000",
      "grassland": "2024-07-27 00:10:21 +0000"
    },
    "done": false
  },
  "alexsmobs:alexsmobs/root": {
    "criteria": {
      "useitem": "2024-07-26 23:58:19 +0000"
    },
    "done": true
  },
  "minecraft:husbandry/root": {
    "criteria": {
      "consumed_item": "2024-07-26 23:58:19 +0000"
    },
    "done": true
  },
  "rats:recipes/misc/upgrades/lumberjack_upgrade": {
    "criteria": {
      "has_sapling": "2024-07-26 23:58:57 +0000"
    },
    "done": true
  },
  "minecraft:recipes/decorations/ladder": {
    "criteria": {
      "has_stick": "2024-07-26 23:59:07 +0000"
    },
    "done": true
  },
  "minecraft:recipes/tools/wooden_axe": {
    "criteria": {
      "has_stick": "2024-07-26 23:59:07 +0000"
    },
    "done": true
  },
  "minecraft:recipes/decorations/campfire": {
    "criteria": {
      "has_stick": "2024-07-26 23:59:07 +0000"
    },
    "done": true
  },
  "minecraft:recipes/tools/wooden_hoe": {
    "criteria": {
      "has_stick": "2024-07-26 23:59:07 +0000"
    },
    "done": true
  },
  "minecraft:recipes/tools/wooden_shovel": {
    "criteria": {
      "has_stick": "2024-07-26 23:59:07 +0000"
    },
    "done": true
  },
  "minecraft:recipes/combat/wooden_sword": {
    "criteria": {
      "has_stick": "2024-07-26 23:59:07 +0000"
    },
    "done": true
  },
  "rats:recipes/tools/cheese_stick": {
    "criteria": {
      "has_stick": "2024-07-26 23:59:07 +0000"
    },
    "done": true
  },
  "farmersdelight:recipes/combat/flint_knife": {
    "criteria": {
      "has_stick": "2024-07-26 23:59:07 +0000"
    },
    "done": true
  },
  "rats:recipes/tools/radius_stick": {
    "criteria": {
      "has_stick": "2024-07-26 23:59:07 +0000"
    },
    "done": true
  },
  "minecraft:recipes/tools/wooden_pickaxe": {
    "criteria": {
      "has_stick": "2024-07-26 23:59:07 +0000"
    },
    "done": true
  },
  "farmersdelight:recipes/decorations/cutting_board": {
    "criteria": {
      "has_stick": "2024-07-26 23:59:07 +0000"
    },
    "done": true
  },
  "rats:recipes/tools/patrol_stick": {
    "criteria": {
      "has_stick": "2024-07-26 23:59:07 +0000"
    },
    "done": true
  },
  "deeperdarker:recipes/transportation/echo_boat": {
    "criteria": {
      "in_water": "2024-07-26 23:59:53 +0000"
    },
    "done": true
  },
  "biomesoplenty:recipes/transportation/willow_boat": {
    "criteria": {
      "in_water": "2024-07-26 23:59:53 +0000"
    },
    "done": true
  },
  "minecraft:recipes/transportation/cherry_boat": {
    "criteria": {
      "in_water": "2024-07-26 23:59:53 +0000"
    },
    "done": true
  },
  "biomesoplenty:recipes/transportation/umbran_boat": {
    "criteria": {
      "in_water": "2024-07-26 23:59:53 +0000"
    },
    "done": true
  },
  "minecraft:recipes/transportation/bamboo_raft": {
    "criteria": {
      "in_water": "2024-07-26 23:59:53 +0000"
    },
    "done": true
  },
  "biomesoplenty:recipes/transportation/dead_boat": {
    "criteria": {
      "in_water": "2024-07-26 23:59:53 +0000"
    },
    "done": true
  },
  "biomesoplenty:recipes/transportation/magic_boat": {
    "criteria": {
      "in_water": "2024-07-26 23:59:53 +0000"
    },
    "done": true
  },
  "minecraft:recipes/transportation/acacia_boat": {
    "criteria": {
      "in_water": "2024-07-26 23:59:53 +0000"
    },
    "done": true
  },
  "minecraft:recipes/transportation/jungle_boat": {
    "criteria": {
      "in_water": "2024-07-26 23:59:53 +0000"
    },
    "done": true
  },
  "biomesoplenty:recipes/transportation/fir_boat": {
    "criteria": {
      "in_water": "2024-07-26 23:59:53 +0000"
    },
    "done": true
  },
  "minecraft:recipes/transportation/spruce_boat": {
    "criteria": {
      "in_water": "2024-07-26 23:59:53 +0000"
    },
    "done": true
  },
  "minecraft:recipes/transportation/birch_boat": {
    "criteria": {
      "in_water": "2024-07-26 23:59:53 +0000"
    },
    "done": true
  },
  "minecraft:recipes/transportation/oak_boat": {
    "criteria": {
      "in_water": "2024-07-26 23:59:53 +0000"
    },
    "done": true
  },
  "biomesoplenty:recipes/transportation/redwood_boat": {
    "criteria": {
      "in_water": "2024-07-26 23:59:53 +0000"
    },
    "done": true
  },
  "minecraft:recipes/transportation/mangrove_boat": {
    "criteria": {
      "in_water": "2024-07-26 23:59:53 +0000"
    },
    "done": true
  },
  "biomesoplenty:recipes/transportation/hellbark_boat": {
    "criteria": {
      "in_water": "2024-07-26 23:59:53 +0000"
    },
    "done": true
  },
  "biomesoplenty:recipes/transportation/jacaranda_boat": {
    "criteria": {
      "in_water": "2024-07-26 23:59:53 +0000"
    },
    "done": true
  },
  "biomesoplenty:recipes/transportation/mahogany_boat": {
    "criteria": {
      "in_water": "2024-07-26 23:59:53 +0000"
    },
    "done": true
  },
  "biomesoplenty:recipes/transportation/palm_boat": {
    "criteria": {
      "in_water": "2024-07-26 23:59:53 +0000"
    },
    "done": true
  },
  "minecraft:recipes/transportation/dark_oak_boat": {
    "criteria": {
      "in_water": "2024-07-26 23:59:53 +0000"
    },
    "done": true
  },
  "minecraft:recipes/misc/charcoal": {
    "criteria": {
      "has_log": "2024-07-27 00:01:43 +0000"
    },
    "done": true
  },
  "biomesoplenty:recipes/building_blocks/fir_wood": {
    "criteria": {
      "has_log": "2024-07-27 00:01:43 +0000"
    },
    "done": true
  },
  "biomesoplenty:recipes/building_blocks/fir_planks": {
    "criteria": {
      "has_logs": "2024-07-27 00:01:43 +0000"
    },
    "done": true
  },
  "minecraft:recipes/misc/stick": {
    "criteria": {
      "has_planks": "2024-07-27 00:01:54 +0000"
    },
    "done": true
  },
  "biomesoplenty:recipes/decorations/fir_fence": {
    "criteria": {
      "has_planks": "2024-07-27 00:01:54 +0000"
    },
    "done": true
  },
  "biomesoplenty:recipes/redstone/fir_button": {
    "criteria": {
      "has_planks": "2024-07-27 00:01:54 +0000"
    },
    "done": true
  },
  "biomesoplenty:recipes/redstone/fir_door": {
    "criteria": {
      "has_planks": "2024-07-27 00:01:54 +0000"
    },
    "done": true
  },
  "biomesoplenty:recipes/building_blocks/fir_stairs": {
    "criteria": {
      "has_planks": "2024-07-27 00:01:54 +0000"
    },
    "done": true
  },
  "minecraft:recipes/decorations/barrel": {
    "criteria": {
      "has_planks": "2024-07-27 00:01:54 +0000"
    },
    "done": true
  },
  "rats:recipes/misc/upgrades/dj_upgrade": {
    "criteria": {
      "has_planks": "2024-07-27 00:01:54 +0000"
    },
    "done": true
  },
  "biomesoplenty:recipes/building_blocks/fir_slab": {
    "criteria": {
      "has_planks": "2024-07-27 00:01:54 +0000"
    },
    "done": true
  },
  "biomesoplenty:recipes/redstone/fir_fence_gate": {
    "criteria": {
      "has_planks": "2024-07-27 00:01:54 +0000"
    },
    "done": true
  },
  "iceandfire:recipes/misc/earplugs": {
    "criteria": {
      "has_item": "2024-07-27 00:01:54 +0000"
    },
    "done": true
  },
  "rats:recipes/misc/upgrades/crafting_upgrade": {
    "criteria": {
      "has_planks": "2024-07-27 00:01:54 +0000"
    },
    "done": true
  },
  "biomesoplenty:recipes/decorations/fir_sign": {
    "criteria": {
      "has_fir_planks": "2024-07-27 00:01:54 +0000"
    },
    "done": true
  },
  "biomesoplenty:recipes/redstone/fir_trapdoor": {
    "criteria": {
      "has_planks": "2024-07-27 00:01:54 +0000"
    },
    "done": true
  },
  "biomesoplenty:recipes/redstone/fir_pressure_plate": {
    "criteria": {
      "has_planks": "2024-07-27 00:01:54 +0000"
    },
    "done": true
  },
  "create:recipes/misc/crafting/appliances/crafting_blueprint": {
    "criteria": {
      "has_item": "2024-07-27 00:01:59 +0000"
    },
    "done": true
  },
  "rats:recipes/building_blocks/rat_crafting_table": {
    "criteria": {
      "has_table": "2024-07-27 00:01:59 +0000"
    },
    "done": true
  },
  "rats:recipes/building_blocks/rat_quarry": {
    "criteria": {
      "has_table": "2024-07-27 00:01:59 +0000"
    },
    "done": true
  },
  "minecraft:story/root": {
    "criteria": {
      "crafting_table": "2024-07-27 00:01:59 +0000"
    },
    "done": true
  },
  "minecraft:adventure/root": {
    "criteria": {
      "killed_by_something": "2024-07-27 00:02:03 +0000"
    },
    "done": true
  },
  "vanilla_refresh:player/hurt": {
    "criteria": {
      "requirement": "2024-07-27 00:02:30 +0000"
    },
    "done": true
  },
  "rats:recipes/misc/upgrades/strength_upgrade": {
    "criteria": {
      "has_bone": "2024-07-27 00:03:11 +0000"
    },
    "done": true
  },
  "skilltree:recipes/misc/assassin_necklace": {
    "criteria": {
      "has_bone": "2024-07-27 00:03:11 +0000"
    },
    "done": true
  },
  "skilltree:recipes/combat/bone_quiver": {
    "criteria": {
      "has_bone": "2024-07-27 00:03:11 +0000"
    },
    "done": true
  },
  "minecraft:recipes/misc/bone_meal": {
    "criteria": {
      "has_bone": "2024-07-27 00:03:11 +0000"
    },
    "done": true
  },
  "rats:recipes/misc/upgrades/undead_upgrade": {
    "criteria": {
      "has_bone": "2024-07-27 00:03:11 +0000"
    },
    "done": true
  },
  "farmersdelight:recipes/cooking/bone_broth": {
    "criteria": {
      "has_bone": "2024-07-27 00:03:11 +0000"
    },
    "done": true
  },
  "minecraft:adventure/adventuring_time": {
    "criteria": {
      "minecraft:river": "2024-07-27 00:04:06 +0000"
    },
    "done": false
  },
  "cfm:recipes/decorations/oak_coffee_table": {
    "criteria": {
      "has_log": "2024-07-27 00:04:36 +0000"
    },
    "done": true
  },
  "cfm:recipes/decorations/oak_crate": {
    "criteria": {
      "has_log": "2024-07-27 00:04:36 +0000"
    },
    "done": true
  },
  "cfm:recipes/decorations/oak_desk_cabinet": {
    "criteria": {
      "has_log": "2024-07-27 00:04:36 +0000"
    },
    "done": true
  },
  "cfm:recipes/decorations/stripped_oak_kitchen_drawer": {
    "criteria": {
      "has_log": "2024-07-27 00:04:36 +0000"
    },
    "done": true
  },
  "cfm:recipes/decorations/oak_upgraded_fence": {
    "criteria": {
      "has_log": "2024-07-27 00:04:36 +0000"
    },
    "done": true
  },
  "cfm:recipes/decorations/oak_upgraded_gate": {
    "criteria": {
      "has_log": "2024-07-27 00:04:36 +0000"
    },
    "done": true
  },
  "cfm:recipes/decorations/oak_desk": {
    "criteria": {
      "has_log": "2024-07-27 00:04:36 +0000"
    },
    "done": true
  },
  "cfm:recipes/decorations/oak_blinds": {
    "criteria": {
      "has_log": "2024-07-27 00:04:36 +0000"
    },
    "done": true
  },
  "cfm:recipes/decorations/oak_table": {
    "criteria": {
      "has_log": "2024-07-27 00:04:36 +0000"
    },
    "done": true
  },
  "minecraft:recipes/building_blocks/oak_planks": {
    "criteria": {
      "has_logs": "2024-07-27 00:04:36 +0000"
    },
    "done": true
  },
  "minecraft:recipes/building_blocks/oak_wood": {
    "criteria": {
      "has_log": "2024-07-27 00:04:36 +0000"
    },
    "done": true
  },
  "cfm:recipes/decorations/stripped_oak_desk": {
    "criteria": {
      "has_planks": "2024-07-27 00:04:36 +0000"
    },
    "done": true
  },
  "cfm:recipes/decorations/stripped_oak_crate": {
    "criteria": {
      "has_planks": "2024-07-27 00:04:36 +0000"
    },
    "done": true
  },
  "cfm:recipes/decorations/oak_kitchen_counter": {
    "criteria": {
      "has_log": "2024-07-27 00:04:36 +0000"
    },
    "done": true
  },
  "cfm:recipes/decorations/stripped_oak_kitchen_counter": {
    "criteria": {
      "has_log": "2024-07-27 00:04:36 +0000"
    },
    "done": true
  },
  "cfm:recipes/decorations/stripped_oak_table": {
    "criteria": {
      "has_planks": "2024-07-27 00:04:36 +0000"
    },
    "done": true
  },
  "cfm:recipes/decorations/stripped_oak_desk_cabinet": {
    "criteria": {
      "has_planks": "2024-07-27 00:04:36 +0000"
    },
    "done": true
  },
  "cfm:recipes/decorations/oak_bedside_cabinet": {
    "criteria": {
      "has_log": "2024-07-27 00:04:36 +0000"
    },
    "done": true
  },
  "cfm:recipes/decorations/stripped_oak_bedside_cabinet": {
    "criteria": {
      "has_planks": "2024-07-27 00:04:36 +0000"
    },
    "done": true
  },
  "cfm:recipes/decorations/oak_chair": {
    "criteria": {
      "has_log": "2024-07-27 00:04:36 +0000"
    },
    "done": true
  },
  "cfm:recipes/decorations/stripped_oak_cabinet": {
    "criteria": {
      "has_log": "2024-07-27 00:04:36 +0000"
    },
    "done": true
  },
  "cfm:recipes/decorations/stripped_oak_park_bench": {
    "criteria": {
      "has_log": "2024-07-27 00:04:36 +0000"
    },
    "done": true
  },
  "cfm:recipes/decorations/stripped_oak_coffee_table": {
    "criteria": {
      "has_planks": "2024-07-27 00:04:36 +0000"
    },
    "done": true
  },
  "cfm:recipes/decorations/oak_park_bench": {
    "criteria": {
      "has_log": "2024-07-27 00:04:36 +0000"
    },
    "done": true
  },
  "cfm:recipes/decorations/stripped_oak_chair": {
    "criteria": {
      "has_planks": "2024-07-27 00:04:36 +0000"
    },
    "done": true
  },
  "cfm:recipes/decorations/oak_cabinet": {
    "criteria": {
      "has_log": "2024-07-27 00:04:36 +0000"
    },
    "done": true
  },
  "cfm:recipes/decorations/oak_kitchen_drawer": {
    "criteria": {
      "has_log": "2024-07-27 00:04:36 +0000"
    },
    "done": true
  },
  "farmersdelight:recipes/cooking/apple_cider": {
    "criteria": {
      "has_apple": "2024-07-27 00:04:58 +0000"
    },
    "done": true
  },
  "minecraft:recipes/decorations/oak_sign": {
    "criteria": {
      "has_planks": "2024-07-27 00:06:43 +0000"
    },
    "done": true
  },
  "cfm:recipes/decorations/oak_kitchen_sink_dark": {
    "criteria": {
      "has_bottom": "2024-07-27 00:06:43 +0000"
    },
    "done": true
  },
  "minecraft:recipes/building_blocks/oak_slab": {
    "criteria": {
      "has_planks": "2024-07-27 00:06:43 +0000"
    },
    "done": true
  },
  "sophisticatedstorage:recipes/misc/oak_chest": {
    "criteria": {
      "has_oak_plank": "2024-07-27 00:06:43 +0000"
    },
    "done": true
  },
  "minecraft:recipes/redstone/oak_fence_gate": {
    "criteria": {
      "has_planks": "2024-07-27 00:06:43 +0000"
    },
    "done": true
  },
  "minecraft:recipes/redstone/oak_door": {
    "criteria": {
      "has_planks": "2024-07-27 00:06:43 +0000"
    },
    "done": true
  },
  "minecraft:recipes/redstone/oak_trapdoor": {
    "criteria": {
      "has_planks": "2024-07-27 00:06:43 +0000"
    },
    "done": true
  },
  "sophisticatedstorage:recipes/misc/oak_limited_barrel_1": {
    "criteria": {
      "has_oak_plank": "2024-07-27 00:06:43 +0000"
    },
    "done": true
  },
  "sophisticatedstorage:recipes/misc/oak_limited_barrel_2": {
    "criteria": {
      "has_oak_plank": "2024-07-27 00:06:43 +0000"
    },
    "done": true
  },
  "sophisticatedstorage:recipes/misc/oak_limited_barrel_3": {
    "criteria": {
      "has_oak_plank": "2024-07-27 00:06:43 +0000"
    },
    "done": true
  },
  "sophisticatedstorage:recipes/misc/oak_limited_barrel_4": {
    "criteria": {
      "has_oak_plank": "2024-07-27 00:06:43 +0000"
    },
    "done": true
  },
  "sophisticatedstorage:recipes/misc/oak_barrel": {
    "criteria": {
      "has_oak_plank": "2024-07-27 00:06:43 +0000"
    },
    "done": true
  },
  "minecraft:recipes/building_blocks/oak_stairs": {
    "criteria": {
      "has_planks": "2024-07-27 00:06:43 +0000"
    },
    "done": true
  },
  "minecraft:recipes/decorations/oak_fence": {
    "criteria": {
      "has_planks": "2024-07-27 00:06:43 +0000"
    },
    "done": true
  },
  "minecraft:recipes/redstone/oak_button": {
    "criteria": {
      "has_planks": "2024-07-27 00:06:43 +0000"
    },
    "done": true
  },
  "minecraft:recipes/redstone/oak_pressure_plate": {
    "criteria": {
      "has_planks": "2024-07-27 00:06:43 +0000"
    },
    "done": true
  },
  "cfm:recipes/decorations/oak_kitchen_sink_light": {
    "criteria": {
      "has_bottom": "2024-07-27 00:06:43 +0000"
    },
    "done": true
  },
  "create:recipes/building_blocks/oak_window": {
    "criteria": {
      "has_ingredient": "2024-07-27 00:06:43 +0000"
    },
    "done": true
  },
  "cavernous:root": {
    "criteria": {
      "makepickaxe": "2024-07-27 00:06:57 +0000"
    },
    "done": true
  },
  "minecraft:story/mine_stone": {
    "criteria": {
      "get_stone": "2024-07-27 00:07:06 +0000"
    },
    "done": true
  },
  "minecraft:recipes/decorations/furnace": {
    "criteria": {
      "has_cobblestone": "2024-07-27 00:07:06 +0000"
    },
    "done": true
  },
  "minecraft:recipes/building_blocks/cobblestone_slab_from_cobblestone_stonecutting": {
    "criteria": {
      "has_cobblestone": "2024-07-27 00:07:06 +0000"
    },
    "done": true
  },
  "minecraft:recipes/building_blocks/stone": {
    "criteria": {
      "has_cobblestone": "2024-07-27 00:07:06 +0000"
    },
    "done": true
  },
  "minecraft:recipes/tools/stone_pickaxe": {
    "criteria": {
      "has_cobblestone": "2024-07-27 00:07:06 +0000"
    },
    "done": true
  },
  "minecraft:recipes/building_blocks/cobblestone_slab": {
    "criteria": {
      "has_cobblestone": "2024-07-27 00:07:06 +0000"
    },
    "done": true
  },
  "cavernous:geology_rocks": {
    "criteria": {
      "cobblestone": "2024-07-27 00:07:06 +0000"
    },
    "done": false
  },
  "minecraft:recipes/decorations/cobblestone_wall_from_cobblestone_stonecutting": {
    "criteria": {
      "has_cobblestone": "2024-07-27 00:07:06 +0000"
    },
    "done": true
  },
  "minecraft:recipes/building_blocks/cobblestone_stairs": {
    "criteria": {
      "has_cobblestone": "2024-07-27 00:07:06 +0000"
    },
    "done": true
  },
  "minecraft:recipes/tools/stone_shovel": {
    "criteria": {
      "has_cobblestone": "2024-07-27 00:07:06 +0000"
    },
    "done": true
  },
  "minecraft:recipes/redstone/lever": {
    "criteria": {
      "has_cobblestone": "2024-07-27 00:07:06 +0000"
    },
    "done": true
  },
  "minecraft:recipes/combat/stone_sword": {
    "criteria": {
      "has_cobblestone": "2024-07-27 00:07:06 +0000"
    },
    "done": true
  },
  "minecraft:recipes/decorations/cobblestone_wall": {
    "criteria": {
      "has_cobblestone": "2024-07-27 00:07:06 +0000"
    },
    "done": true
  },
  "minecraft:recipes/tools/stone_axe": {
    "criteria": {
      "has_cobblestone": "2024-07-27 00:07:06 +0000"
    },
    "done": true
  },
  "minecraft:recipes/building_blocks/cobblestone_stairs_from_cobblestone_stonecutting": {
    "criteria": {
      "has_cobblestone": "2024-07-27 00:07:06 +0000"
    },
    "done": true
  },
  "minecraft:recipes/tools/stone_hoe": {
    "criteria": {
      "has_cobblestone": "2024-07-27 00:07:06 +0000"
    },
    "done": true
  },
  "minecraft:adventure/kill_all_mobs": {
    "criteria": {
      "minecraft:skeleton": "2024-07-27 00:53:55 +0000",
      "minecraft:creeper": "2024-07-27 00:48:54 +0000",
      "minecraft:zombie": "2024-07-27 00:07:42 +0000"
    },
    "done": false
  },
  "minecraft:adventure/kill_a_mob": {
    "criteria": {
      "minecraft:zombie": "2024-07-27 00:07:42 +0000"
    },
    "done": true
  },
  "mynethersdelight:recipes/building_blocks/letios_compost_from_rotten_flesh": {
    "criteria": {
      "has_rotten_flesh": "2024-07-27 00:07:46 +0000"
    },
    "done": true
  },
  "farmersdelight:recipes/cooking/dog_food": {
    "criteria": {
      "has_any_ingredient": "2024-07-27 00:07:46 +0000"
    },
    "done": true
  },
  "farmersdelight:recipes/building_blocks/organic_compost_from_rotten_flesh": {
    "criteria": {
      "has_rotten_flesh": "2024-07-27 00:07:46 +0000"
    },
    "done": true
  },
  "minecraft:recipes/decorations/torch": {
    "criteria": {
      "has_stone_pickaxe": "2024-07-27 00:08:21 +0000"
    },
    "done": true
  },
  "minecraft:story/upgrade_tools": {
    "criteria": {
      "stone_pickaxe": "2024-07-27 00:08:21 +0000"
    },
    "done": true
  },
  "minecraft:husbandry/balanced_diet": {
    "criteria": {
      "cooked_mutton": "2024-07-27 00:32:19 +0000",
      "rotten_flesh": "2024-07-27 00:08:32 +0000"
    },
    "done": false
  },
  "minecraft:recipes/misc/copper_ingot_from_blasting_raw_copper": {
    "criteria": {
      "has_raw_copper": "2024-07-27 00:08:39 +0000"
    },
    "done": true
  },
  "minecraft:recipes/building_blocks/raw_copper_block": {
    "criteria": {
      "has_raw_copper": "2024-07-27 00:08:39 +0000"
    },
    "done": true
  },
  "cavernous:spelunkage": {
    "criteria": {
      "cobblestone": "2024-07-27 00:16:55 +0000",
      "andesite": "2024-07-27 00:08:39 +0000"
    },
    "done": false
  },
  "minecraft:recipes/misc/copper_ingot_from_smelting_raw_copper": {
    "criteria": {
      "has_raw_copper": "2024-07-27 00:08:39 +0000"
    },
    "done": true
  },
  "minecraft:recipes/decorations/chest": {
    "criteria": {
      "has_lots_of_items": "2024-07-27 00:08:44 +0000"
    },
    "done": true
  },
  "farmersdelight:recipes/cooking/stuffed_pumpkin_block": {
    "criteria": {
      "has_pumpkin": "2024-07-27 00:10:58 +0000"
    },
    "done": true
  },
  "minecraft:recipes/food/pumpkin_pie": {
    "criteria": {
      "has_pumpkin": "2024-07-27 00:10:58 +0000"
    },
    "done": true
  },
  "minecraft:recipes/misc/pumpkin_seeds": {
    "criteria": {
      "has_pumpkin": "2024-07-27 00:10:58 +0000"
    },
    "done": true
  },
  "farmersdelight:recipes/cooking/pumpkin_soup": {
    "criteria": {
      "has_any_ingredient": "2024-07-27 00:10:58 +0000"
    },
    "done": true
  },
  "minecraft:recipes/food/cooked_mutton_from_smoking": {
    "criteria": {
      "has_mutton": "2024-07-27 00:12:47 +0000"
    },
    "done": true
  },
  "create:recipes/building_blocks/crafting/kinetics/blue_seat": {
    "criteria": {
      "has_wool": "2024-07-27 00:12:47 +0000"
    },
    "done": true
  },
  "create:recipes/building_blocks/crafting/kinetics/magenta_seat": {
    "criteria": {
      "has_wool": "2024-07-27 00:12:47 +0000"
    },
    "done": true
  },
  "minecraft:recipes/food/cooked_mutton_from_grill_cooking": {
    "criteria": {
      "has_mutton": "2024-07-27 00:12:47 +0000"
    },
    "done": true
  },
  "create:recipes/building_blocks/crafting/kinetics/light_blue_seat": {
    "criteria": {
      "has_wool": "2024-07-27 00:12:47 +0000"
    },
    "done": true
  },
  "rats:recipes/combat/chef_toque": {
    "criteria": {
      "has_wool": "2024-07-27 00:12:47 +0000"
    },
    "done": true
  },
  "rats:recipes/misc/upgrades/asbestos_upgrade": {
    "criteria": {
      "has_wool": "2024-07-27 00:12:47 +0000"
    },
    "done": true
  },
  "create:recipes/building_blocks/crafting/kinetics/green_seat": {
    "criteria": {
      "has_wool": "2024-07-27 00:12:47 +0000"
    },
    "done": true
  },
  "create:recipes/building_blocks/crafting/kinetics/purple_seat": {
    "criteria": {
      "has_wool": "2024-07-27 00:12:47 +0000"
    },
    "done": true
  },
  "minecraft:recipes/decorations/white_bed": {
    "criteria": {
      "has_white_wool": "2024-07-27 00:12:47 +0000"
    },
    "done": true
  },
  "iceandfire:recipes/misc/dragon_meal": {
    "criteria": {
      "has_item": "2024-07-27 00:12:47 +0000"
    },
    "done": true
  },
  "create:recipes/building_blocks/crafting/kinetics/brown_seat": {
    "criteria": {
      "has_wool": "2024-07-27 00:12:47 +0000"
    },
    "done": true
  },
  "create:recipes/building_blocks/crafting/kinetics/gray_seat": {
    "criteria": {
      "has_wool": "2024-07-27 00:12:47 +0000"
    },
    "done": true
  },
  "minecraft:recipes/decorations/painting": {
    "criteria": {
      "has_wool": "2024-07-27 00:12:47 +0000"
    },
    "done": true
  },
  "create:recipes/building_blocks/crafting/kinetics/red_seat": {
    "criteria": {
      "has_wool": "2024-07-27 00:12:47 +0000"
    },
    "done": true
  },
  "create:recipes/building_blocks/crafting/kinetics/light_gray_seat": {
    "criteria": {
      "has_wool": "2024-07-27 00:12:47 +0000"
    },
    "done": true
  },
  "create:recipes/building_blocks/crafting/kinetics/orange_seat": {
    "criteria": {
      "has_wool": "2024-07-27 00:12:47 +0000"
    },
    "done": true
  },
  "rats:recipes/misc/hammocks/rat_hammock_white": {
    "criteria": {
      "has_wool": "2024-07-27 00:12:47 +0000"
    },
    "done": true
  },
  "create:recipes/building_blocks/crafting/kinetics/cyan_seat": {
    "criteria": {
      "has_wool": "2024-07-27 00:12:47 +0000"
    },
    "done": true
  },
  "minecraft:recipes/decorations/white_carpet": {
    "criteria": {
      "has_white_wool": "2024-07-27 00:12:47 +0000"
    },
    "done": true
  },
  "cfm:recipes/decorations/white_trampoline": {
    "criteria": {
      "has_wool": "2024-07-27 00:12:47 +0000"
    },
    "done": true
  },
  "create:recipes/building_blocks/crafting/kinetics/pink_seat": {
    "criteria": {
      "has_wool": "2024-07-27 00:12:47 +0000"
    },
    "done": true
  },
  "create:recipes/building_blocks/crafting/kinetics/black_seat": {
    "criteria": {
      "has_wool": "2024-07-27 00:12:47 +0000"
    },
    "done": true
  },
  "minecraft:recipes/food/cooked_mutton": {
    "criteria": {
      "has_mutton": "2024-07-27 00:12:47 +0000"
    },
    "done": true
  },
  "minecraft:recipes/decorations/white_banner": {
    "criteria": {
      "has_white_wool": "2024-07-27 00:12:47 +0000"
    },
    "done": true
  },
  "minecraft:recipes/food/cooked_mutton_from_campfire_cooking": {
    "criteria": {
      "has_mutton": "2024-07-27 00:12:47 +0000"
    },
    "done": true
  },
  "farmersdelight:recipes/cooking/pasta_with_mutton_chop": {
    "criteria": {
      "has_any_ingredient": "2024-07-27 00:12:47 +0000"
    },
    "done": true
  },
  "rats:recipes/misc/upgrades/shears_upgrade": {
    "criteria": {
      "has_wool": "2024-07-27 00:12:47 +0000"
    },
    "done": true
  },
  "cfm:recipes/decorations/white_sofa": {
    "criteria": {
      "has_wool": "2024-07-27 00:12:47 +0000"
    },
    "done": true
  },
  "create:recipes/building_blocks/crafting/kinetics/white_seat": {
    "criteria": {
      "has_wool": "2024-07-27 00:12:47 +0000"
    },
    "done": true
  },
  "create:recipes/building_blocks/crafting/kinetics/lime_seat": {
    "criteria": {
      "has_wool": "2024-07-27 00:12:47 +0000"
    },
    "done": true
  },
  "create:recipes/building_blocks/crafting/kinetics/yellow_seat": {
    "criteria": {
      "has_wool": "2024-07-27 00:12:47 +0000"
    },
    "done": true
  },
  "rats:recipes/misc/rat_seed_bowl": {
    "criteria": {
      "has_seeds": "2024-07-27 00:15:28 +0000"
    },
    "done": true
  },
  "rats:recipes/misc/upgrades/farmer_upgrade": {
    "criteria": {
      "has_seeds": "2024-07-27 00:15:28 +0000"
    },
    "done": true
  },
  "rats:recipes/misc/upgrades/gardener_upgrade": {
    "criteria": {
      "has_seeds": "2024-07-27 00:15:28 +0000"
    },
    "done": true
  },
  "rats:recipes/misc/upgrades/replanter_upgrade": {
    "criteria": {
      "has_seeds": "2024-07-27 00:15:28 +0000"
    },
    "done": true
  },
  "rats:recipes/misc/upgrades/chicken_mount_upgrade": {
    "criteria": {
      "has_seeds": "2024-07-27 00:15:28 +0000"
    },
    "done": true
  },
  "rats:recipes/misc/upgrades/breeder_upgrade": {
    "criteria": {
      "has_seeds": "2024-07-27 00:15:28 +0000"
    },
    "done": true
  },
  "minecraft:recipes/misc/red_dye_from_poppy": {
    "criteria": {
      "has_poppy": "2024-07-27 00:15:29 +0000"
    },
    "done": true
  },
  "rats:recipes/food/herb_bundle": {
    "criteria": {
      "has_flower": "2024-07-27 00:15:29 +0000"
    },
    "done": true
  },
  "minecraft:recipes/building_blocks/dye_red_bed": {
    "criteria": {
      "has_the_recipe": "2024-07-27 00:15:33 +0000"
    },
    "done": true
  },
  "biomesoplenty:recipes/misc/pink_dye_from_pink_daffodil": {
    "criteria": {
      "has_flower": "2024-07-27 00:16:08 +0000"
    },
    "done": true
  },
  "rats:recipes/food/chef/little_black_squash_balls": {
    "criteria": {
      "has_input": "2024-07-27 00:16:55 +0000"
    },
    "done": true
  },
  "rats:recipes/misc/upgrades/christmas_upgrade": {
    "criteria": {
      "has_coal": "2024-07-27 00:16:55 +0000"
    },
    "done": true
  },
  "minecraft:recipes/building_blocks/coal_block": {
    "criteria": {
      "has_coal": "2024-07-27 00:16:55 +0000"
    },
    "done": true
  },
  "rats:recipes/building_blocks/jack_o_ratern": {
    "criteria": {
      "has_torch": "2024-07-27 00:17:24 +0000"
    },
    "done": true
  },
  "minecraft:recipes/decorations/smoker": {
    "criteria": {
      "has_furnace": "2024-07-27 00:20:29 +0000"
    },
    "done": true
  },
  "minecraft:recipes/building_blocks/red_concrete_powder": {
    "criteria": {
      "has_gravel": "2024-07-27 00:21:39 +0000"
    },
    "done": true
  },
  "minecraft:recipes/building_blocks/green_concrete_powder": {
    "criteria": {
      "has_gravel": "2024-07-27 00:21:39 +0000"
    },
    "done": true
  },
  "minecraft:recipes/building_blocks/blue_concrete_powder": {
    "criteria": {
      "has_gravel": "2024-07-27 00:21:39 +0000"
    },
    "done": true
  },
  "minecraft:recipes/building_blocks/lime_concrete_powder": {
    "criteria": {
      "has_gravel": "2024-07-27 00:21:39 +0000"
    },
    "done": true
  },
  "minecraft:recipes/building_blocks/orange_concrete_powder": {
    "criteria": {
      "has_gravel": "2024-07-27 00:21:39 +0000"
    },
    "done": true
  },
  "minecraft:recipes/building_blocks/magenta_concrete_powder": {
    "criteria": {
      "has_gravel": "2024-07-27 00:21:39 +0000"
    },
    "done": true
  },
  "minecraft:recipes/building_blocks/black_concrete_powder": {
    "criteria": {
      "has_gravel": "2024-07-27 00:21:39 +0000"
    },
    "done": true
  },
  "minecraft:recipes/building_blocks/purple_concrete_powder": {
    "criteria": {
      "has_gravel": "2024-07-27 00:21:39 +0000"
    },
    "done": true
  },
  "minecraft:recipes/building_blocks/cyan_concrete_powder": {
    "criteria": {
      "has_gravel": "2024-07-27 00:21:39 +0000"
    },
    "done": true
  },
  "minecraft:recipes/building_blocks/coarse_dirt": {
    "criteria": {
      "has_gravel": "2024-07-27 00:21:39 +0000"
    },
    "done": true
  },
  "minecraft:recipes/building_blocks/light_gray_concrete_powder": {
    "criteria": {
      "has_gravel": "2024-07-27 00:21:39 +0000"
    },
    "done": true
  },
  "minecraft:recipes/building_blocks/pink_concrete_powder": {
    "criteria": {
      "has_gravel": "2024-07-27 00:21:39 +0000"
    },
    "done": true
  },
  "rats:recipes/misc/upgrades/underwater_upgrade": {
    "criteria": {
      "has_gravel": "2024-07-27 00:21:39 +0000"
    },
    "done": true
  },
  "minecraft:recipes/building_blocks/brown_concrete_powder": {
    "criteria": {
      "has_gravel": "2024-07-27 00:21:39 +0000"
    },
    "done": true
  },
  "minecraft:recipes/building_blocks/light_blue_concrete_powder": {
    "criteria": {
      "has_gravel": "2024-07-27 00:21:39 +0000"
    },
    "done": true
  },
  "minecraft:recipes/building_blocks/white_concrete_powder": {
    "criteria": {
      "has_gravel": "2024-07-27 00:21:39 +0000"
    },
    "done": true
  },
  "minecraft:recipes/building_blocks/yellow_concrete_powder": {
    "criteria": {
      "has_gravel": "2024-07-27 00:21:39 +0000"
    },
    "done": true
  },
  "minecraft:recipes/building_blocks/gray_concrete_powder": {
    "criteria": {
      "has_gravel": "2024-07-27 00:21:39 +0000"
    },
    "done": true
  },
  "minecraft:recipes/decorations/fletching_table": {
    "criteria": {
      "has_flint": "2024-07-27 00:21:42 +0000"
    },
    "done": true
  },
  "minecraft:recipes/combat/arrow": {
    "criteria": {
      "has_flint": "2024-07-27 00:21:42 +0000"
    },
    "done": true
  },
  "minecraft:recipes/tools/flint_and_steel": {
    "criteria": {
      "has_flint": "2024-07-27 00:21:42 +0000"
    },
    "done": true
  },
  "farmersdelight:main/craft_knife": {
    "criteria": {
      "flint_knife": "2024-07-27 00:21:53 +0000"
    },
    "done": true
  },
  "farmersdelight:main/use_cutting_board": {
    "criteria": {
      "cutting_board": "2024-07-27 00:21:57 +0000"
    },
    "done": true
  },
  "farmersdelight:recipes/misc/pumpkin_seeds_from_slice": {
    "criteria": {
      "has_pumpkin_slice": "2024-07-27 00:21:57 +0000"
    },
    "done": true
  },
  "farmersdelight:recipes/building_blocks/pumpkin_from_slices": {
    "criteria": {
      "has_pumpkin_slice": "2024-07-27 00:21:57 +0000"
    },
    "done": true
  },
  "farmersdelight:recipes/food/roasted_mutton_chops": {
    "criteria": {
      "has_mutton": "2024-07-27 00:23:15 +0000"
    },
    "done": true
  },
  "farmersdelight:recipes/food/shepherds_pie_block": {
    "criteria": {
      "has_cooked_mutton": "2024-07-27 00:23:15 +0000"
    },
    "done": true
  },
  "farmersdelight:recipes/food/mutton_wrap": {
    "criteria": {
      "has_mutton": "2024-07-27 00:23:15 +0000"
    },
    "done": true
  },
  "create:recipes/misc/crafting/kinetics/steam_whistle": {
    "criteria": {
      "has_item": "2024-07-27 00:24:34 +0000"
    },
    "done": true
  },
  "create:recipes/misc/crafting/appliances/copper_backtank": {
    "criteria": {
      "has_item": "2024-07-27 00:24:34 +0000"
    },
    "done": true
  },
  "create:copper": {
    "criteria": {
      "0": "2024-07-27 00:24:34 +0000"
    },
    "done": true
  },
  "create:recipes/misc/crafting/kinetics/steam_engine": {
    "criteria": {
      "has_item": "2024-07-27 00:24:34 +0000"
    },
    "done": true
  },
  "minecraft:recipes/redstone/lightning_rod": {
    "criteria": {
      "has_copper_ingot": "2024-07-27 00:24:34 +0000"
    },
    "done": true
  },
  "create:recipes/building_blocks/copper_tiles_from_ingots_copper_stonecutting": {
    "criteria": {
      "has_ingots_copper": "2024-07-27 00:24:34 +0000"
    },
    "done": true
  },
  "create:recipes/misc/crafting/appliances/copper_diving_helmet": {
    "criteria": {
      "has_item": "2024-07-27 00:24:34 +0000"
    },
    "done": true
  },
  "create:recipes/misc/crafting/kinetics/fluid_pipe_vertical": {
    "criteria": {
      "has_item": "2024-07-27 00:24:34 +0000"
    },
    "done": true
  },
  "create:recipes/misc/crafting/kinetics/mechanical_pump": {
    "criteria": {
      "has_item": "2024-07-27 00:24:34 +0000"
    },
    "done": true
  },
  "minecraft:recipes/building_blocks/copper_block": {
    "criteria": {
      "has_copper_ingot": "2024-07-27 00:24:34 +0000"
    },
    "done": true
  },
  "minecraft:recipes/tools/brush": {
    "criteria": {
      "has_copper_ingot": "2024-07-27 00:24:34 +0000"
    },
    "done": true
  },
  "create:recipes/misc/crafting/appliances/copper_diving_boots": {
    "criteria": {
      "has_item": "2024-07-27 00:24:34 +0000"
    },
    "done": true
  },
  "create:recipes/misc/crafting/kinetics/copper_valve_handle": {
    "criteria": {
      "has_item": "2024-07-27 00:24:34 +0000"
    },
    "done": true
  },
  "create:recipes/misc/crafting/kinetics/smart_fluid_pipe": {
    "criteria": {
      "has_item": "2024-07-27 00:24:34 +0000"
    },
    "done": true
  },
  "create:recipes/misc/crafting/kinetics/copper_valve_handle_from_others": {
    "criteria": {
      "has_item": "2024-07-27 00:24:34 +0000"
    },
    "done": true
  },
  "create:recipes/decorations/copper_bars_from_ingots_copper_stonecutting": {
    "criteria": {
      "has_ingots_copper": "2024-07-27 00:24:34 +0000"
    },
    "done": true
  },
  "skilltree:recipes/misc/copper_nugget": {
    "criteria": {
      "has_ingots_copper": "2024-07-27 00:24:34 +0000"
    },
    "done": true
  },
  "create:recipes/misc/crafting/materials/copper_nugget": {
    "criteria": {
      "has_item": "2024-07-27 00:24:34 +0000"
    },
    "done": true
  },
  "create:recipes/building_blocks/copper_shingles_from_ingots_copper_stonecutting": {
    "criteria": {
      "has_ingots_copper": "2024-07-27 00:24:34 +0000"
    },
    "done": true
  },
  "create:recipes/misc/crafting/kinetics/fluid_pipe": {
    "criteria": {
      "has_item": "2024-07-27 00:24:34 +0000"
    },
    "done": true
  },
  "create:recipes/misc/crafting/kinetics/fluid_valve": {
    "criteria": {
      "has_item": "2024-07-27 00:24:34 +0000"
    },
    "done": true
  },
  "create:recipes/decorations/copper_ladder_from_ingots_copper_stonecutting": {
    "criteria": {
      "has_ingots_copper": "2024-07-27 00:24:34 +0000"
    },
    "done": true
  },
  "create:recipes/decorations/copper_scaffolding_from_ingots_copper_stonecutting": {
    "criteria": {
      "has_ingots_copper": "2024-07-27 00:24:34 +0000"
    },
    "done": true
  },
  "friendsandfoes:recipes/redstone/copper_button": {
    "criteria": {
      "has_copper_ingot": "2024-07-27 00:24:34 +0000"
    },
    "done": true
  },
  "create:recipes/misc/crafting/kinetics/hose_pulley": {
    "criteria": {
      "has_item": "2024-07-27 00:24:34 +0000"
    },
    "done": true
  },
  "iceandfire:recipes/misc/copper_ingot_to_nuggets": {
    "criteria": {
      "has_item": "2024-07-27 00:24:34 +0000"
    },
    "done": true
  },
  "cfm:recipes/decorations/orange_cooler": {
    "criteria": {
      "has_chest": "2024-07-27 00:26:24 +0000"
    },
    "done": true
  },
  "cfm:recipes/decorations/brown_kitchen_drawer": {
    "criteria": {
      "has_chest": "2024-07-27 00:26:24 +0000"
    },
    "done": true
  },
  "cfm:recipes/decorations/dark_oak_mail_box": {
    "criteria": {
      "has_chest": "2024-07-27 00:26:24 +0000"
    },
    "done": true
  },
  "cfm:recipes/decorations/gray_kitchen_drawer": {
    "criteria": {
      "has_chest": "2024-07-27 00:26:24 +0000"
    },
    "done": true
  },
  "cfm:recipes/decorations/stripped_acacia_kitchen_drawer": {
    "criteria": {
      "has_chest": "2024-07-27 00:26:24 +0000"
    },
    "done": true
  },
  "cfm:recipes/decorations/birch_mail_box": {
    "criteria": {
      "has_chest": "2024-07-27 00:26:24 +0000"
    },
    "done": true
  },
  "cfm:recipes/decorations/blue_cooler": {
    "criteria": {
      "has_chest": "2024-07-27 00:26:24 +0000"
    },
    "done": true
  },
  "cfm:recipes/decorations/fridge_dark": {
    "criteria": {
      "has_chest": "2024-07-27 00:26:24 +0000"
    },
    "done": true
  },
  "cfm:recipes/decorations/stripped_spruce_mail_box": {
    "criteria": {
      "has_chest": "2024-07-27 00:26:24 +0000"
    },
    "done": true
  },
  "cfm:recipes/decorations/fridge_light": {
    "criteria": {
      "has_chest": "2024-07-27 00:26:24 +0000"
    },
    "done": true
  },
  "cfm:recipes/decorations/cyan_kitchen_drawer": {
    "criteria": {
      "has_chest": "2024-07-27 00:26:24 +0000"
    },
    "done": true
  },
  "cfm:recipes/decorations/stripped_mangrove_kitchen_drawer": {
    "criteria": {
      "has_chest": "2024-07-27 00:26:24 +0000"
    },
    "done": true
  },
  "cfm:recipes/decorations/stripped_mangrove_mail_box": {
    "criteria": {
      "has_chest": "2024-07-27 00:26:24 +0000"
    },
    "done": true
  },
  "cfm:recipes/decorations/stripped_jungle_mail_box": {
    "criteria": {
      "has_chest": "2024-07-27 00:26:24 +0000"
    },
    "done": true
  },
  "cfm:recipes/decorations/stripped_oak_mail_box": {
    "criteria": {
      "has_chest": "2024-07-27 00:26:24 +0000"
    },
    "done": true
  },
  "cfm:recipes/decorations/acacia_kitchen_drawer": {
    "criteria": {
      "has_chest": "2024-07-27 00:26:24 +0000"
    },
    "done": true
  },
  "cfm:recipes/decorations/cyan_cooler": {
    "criteria": {
      "has_chest": "2024-07-27 00:26:24 +0000"
    },
    "done": true
  },
  "cfm:recipes/decorations/crimson_mail_box": {
    "criteria": {
      "has_chest": "2024-07-27 00:26:24 +0000"
    },
    "done": true
  },
  "cfm:recipes/decorations/red_kitchen_drawer": {
    "criteria": {
      "has_chest": "2024-07-27 00:26:24 +0000"
    },
    "done": true
  },
  "cfm:recipes/decorations/jungle_kitchen_drawer": {
    "criteria": {
      "has_chest": "2024-07-27 00:26:24 +0000"
    },
    "done": true
  },
  "cfm:recipes/decorations/red_cooler": {
    "criteria": {
      "has_chest": "2024-07-27 00:26:24 +0000"
    },
    "done": true
  },
  "cfm:recipes/decorations/stripped_dark_oak_kitchen_drawer": {
    "criteria": {
      "has_chest": "2024-07-27 00:26:24 +0000"
    },
    "done": true
  },
  "cfm:recipes/decorations/crimson_kitchen_drawer": {
    "criteria": {
      "has_chest": "2024-07-27 00:26:24 +0000"
    },
    "done": true
  },
  "cfm:recipes/decorations/acacia_mail_box": {
    "criteria": {
      "has_chest": "2024-07-27 00:26:24 +0000"
    },
    "done": true
  },
  "cfm:recipes/decorations/pink_cooler": {
    "criteria": {
      "has_chest": "2024-07-27 00:26:24 +0000"
    },
    "done": true
  },
  "cfm:recipes/decorations/jungle_mail_box": {
    "criteria": {
      "has_chest": "2024-07-27 00:26:24 +0000"
    },
    "done": true
  },
  "sophisticatedstorage:recipes/misc/oak_chest_from_vanilla_chest": {
    "criteria": {
      "has_vanilla_chest": "2024-07-27 00:26:24 +0000"
    },
    "done": true
  },
  "cfm:recipes/decorations/green_cooler": {
    "criteria": {
      "has_chest": "2024-07-27 00:26:24 +0000"
    },
    "done": true
  },
  "cfm:recipes/decorations/stripped_crimson_mail_box": {
    "criteria": {
      "has_chest": "2024-07-27 00:26:24 +0000"
    },
    "done": true
  },
  "cfm:recipes/decorations/purple_kitchen_drawer": {
    "criteria": {
      "has_chest": "2024-07-27 00:26:24 +0000"
    },
    "done": true
  },
  "cfm:recipes/decorations/green_kitchen_drawer": {
    "criteria": {
      "has_chest": "2024-07-27 00:26:24 +0000"
    },
    "done": true
  },
  "cfm:recipes/decorations/blue_kitchen_drawer": {
    "criteria": {
      "has_chest": "2024-07-27 00:26:24 +0000"
    },
    "done": true
  },
  "cfm:recipes/decorations/lime_cooler": {
    "criteria": {
      "has_chest": "2024-07-27 00:26:24 +0000"
    },
    "done": true
  },
  "cfm:recipes/decorations/white_kitchen_drawer": {
    "criteria": {
      "has_chest": "2024-07-27 00:26:24 +0000"
    },
    "done": true
  },
  "cfm:recipes/decorations/stripped_crimson_kitchen_drawer": {
    "criteria": {
      "has_chest": "2024-07-27 00:26:24 +0000"
    },
    "done": true
  },
  "cfm:recipes/decorations/warped_mail_box": {
    "criteria": {
      "has_chest": "2024-07-27 00:26:24 +0000"
    },
    "done": true
  },
  "cfm:recipes/decorations/magenta_cooler": {
    "criteria": {
      "has_chest": "2024-07-27 00:26:24 +0000"
    },
    "done": true
  },
  "cfm:recipes/decorations/gray_cooler": {
    "criteria": {
      "has_chest": "2024-07-27 00:26:24 +0000"
    },
    "done": true
  },
  "cfm:recipes/decorations/stripped_jungle_kitchen_drawer": {
    "criteria": {
      "has_chest": "2024-07-27 00:26:24 +0000"
    },
    "done": true
  },
  "cfm:recipes/decorations/yellow_kitchen_drawer": {
    "criteria": {
      "has_chest": "2024-07-27 00:26:24 +0000"
    },
    "done": true
  },
  "cfm:recipes/decorations/birch_kitchen_drawer": {
    "criteria": {
      "has_chest": "2024-07-27 00:26:24 +0000"
    },
    "done": true
  },
  "cfm:recipes/decorations/oak_mail_box": {
    "criteria": {
      "has_chest": "2024-07-27 00:26:24 +0000"
    },
    "done": true
  },
  "cfm:recipes/decorations/magenta_kitchen_drawer": {
    "criteria": {
      "has_chest": "2024-07-27 00:26:24 +0000"
    },
    "done": true
  },
  "cfm:recipes/decorations/stripped_warped_mail_box": {
    "criteria": {
      "has_chest": "2024-07-27 00:26:24 +0000"
    },
    "done": true
  },
  "cfm:recipes/decorations/purple_cooler": {
    "criteria": {
      "has_chest": "2024-07-27 00:26:24 +0000"
    },
    "done": true
  },
  "cfm:recipes/decorations/black_cooler": {
    "criteria": {
      "has_chest": "2024-07-27 00:26:24 +0000"
    },
    "done": true
  },
  "cfm:recipes/decorations/dark_oak_kitchen_drawer": {
    "criteria": {
      "has_chest": "2024-07-27 00:26:24 +0000"
    },
    "done": true
  },
  "cfm:recipes/decorations/orange_kitchen_drawer": {
    "criteria": {
      "has_chest": "2024-07-27 00:26:24 +0000"
    },
    "done": true
  },
  "cfm:recipes/decorations/pink_kitchen_drawer": {
    "criteria": {
      "has_chest": "2024-07-27 00:26:24 +0000"
    },
    "done": true
  },
  "cfm:recipes/decorations/stripped_birch_mail_box": {
    "criteria": {
      "has_chest": "2024-07-27 00:26:24 +0000"
    },
    "done": true
  },
  "cfm:recipes/decorations/light_blue_cooler": {
    "criteria": {
      "has_chest": "2024-07-27 00:26:24 +0000"
    },
    "done": true
  },
  "cfm:recipes/decorations/light_blue_kitchen_drawer": {
    "criteria": {
      "has_chest": "2024-07-27 00:26:24 +0000"
    },
    "done": true
  },
  "cfm:recipes/decorations/light_gray_cooler": {
    "criteria": {
      "has_chest": "2024-07-27 00:26:24 +0000"
    },
    "done": true
  },
  "cfm:recipes/decorations/black_kitchen_drawer": {
    "criteria": {
      "has_chest": "2024-07-27 00:26:24 +0000"
    },
    "done": true
  },
  "cfm:recipes/decorations/mangrove_kitchen_drawer": {
    "criteria": {
      "has_chest": "2024-07-27 00:26:24 +0000"
    },
    "done": true
  },
  "cfm:recipes/decorations/stripped_dark_oak_mail_box": {
    "criteria": {
      "has_chest": "2024-07-27 00:26:24 +0000"
    },
    "done": true
  },
  "cfm:recipes/decorations/mangrove_mail_box": {
    "criteria": {
      "has_chest": "2024-07-27 00:26:24 +0000"
    },
    "done": true
  },
  "cfm:recipes/decorations/yellow_cooler": {
    "criteria": {
      "has_chest": "2024-07-27 00:26:24 +0000"
    },
    "done": true
  },
  "cfm:recipes/decorations/spruce_mail_box": {
    "criteria": {
      "has_chest": "2024-07-27 00:26:24 +0000"
    },
    "done": true
  },
  "cfm:recipes/decorations/white_cooler": {
    "criteria": {
      "has_chest": "2024-07-27 00:26:24 +0000"
    },
    "done": true
  },
  "cfm:recipes/decorations/stripped_spruce_kitchen_drawer": {
    "criteria": {
      "has_chest": "2024-07-27 00:26:24 +0000"
    },
    "done": true
  },
  "cfm:recipes/decorations/warped_kitchen_drawer": {
    "criteria": {
      "has_chest": "2024-07-27 00:26:24 +0000"
    },
    "done": true
  },
  "cfm:recipes/decorations/spruce_kitchen_drawer": {
    "criteria": {
      "has_chest": "2024-07-27 00:26:24 +0000"
    },
    "done": true
  },
  "cfm:recipes/decorations/lime_kitchen_drawer": {
    "criteria": {
      "has_chest": "2024-07-27 00:26:24 +0000"
    },
    "done": true
  },
  "cfm:recipes/decorations/stripped_acacia_mail_box": {
    "criteria": {
      "has_chest": "2024-07-27 00:26:24 +0000"
    },
    "done": true
  },
  "cfm:recipes/decorations/stripped_birch_kitchen_drawer": {
    "criteria": {
      "has_chest": "2024-07-27 00:26:24 +0000"
    },
    "done": true
  },
  "cfm:recipes/decorations/brown_cooler": {
    "criteria": {
      "has_chest": "2024-07-27 00:26:24 +0000"
    },
    "done": true
  },
  "cfm:recipes/decorations/light_gray_kitchen_drawer": {
    "criteria": {
      "has_chest": "2024-07-27 00:26:24 +0000"
    },
    "done": true
  },
  "cfm:recipes/decorations/stripped_warped_kitchen_drawer": {
    "criteria": {
      "has_chest": "2024-07-27 00:26:24 +0000"
    },
    "done": true
  },
  "rats:recipes/misc/upgrades/tnt_upgrade": {
    "criteria": {
      "has_gunpowder": "2024-07-27 00:48:57 +0000"
    },
    "done": true
  },
  "minecraft:recipes/misc/firework_rocket_simple": {
    "criteria": {
      "has_gunpowder": "2024-07-27 00:48:57 +0000"
    },
    "done": true
  },
  "minecraft:recipes/redstone/tnt": {
    "criteria": {
      "has_gunpowder": "2024-07-27 00:48:57 +0000"
    },
    "done": true
  },
  "iceandfire:recipes/combat/armor_copper_metal_chestplate": {
    "criteria": {
      "has_the_recipe": "2024-07-27 00:56:31 +0000"
    },
    "done": true
  },
  "iceandfire:recipes/combat/armor_copper_metal_helmet": {
    "criteria": {
      "has_the_recipe": "2024-07-27 00:56:35 +0000"
    },
    "done": true
  },
  "DataVersion": 3465
}