[
  {
    "name": "CosmicBear9056",
    "uuid": "6e833af5-57a2-426f-8521-9e1e81b58cd4"
  },
  {
    "name": "Mr1obo",
    "uuid": "86b836d1-f609-3103-aa2a-9cc058dfdc9a"
  },
  {
    "name": "DieKotze",
    "uuid": "7eb94d02-058e-36ad-ba2e-78efd99b9208"
  },
  {
    "name": "Dolfamal",
    "uuid": "8902387c-b0d3-3e03-a4a3-0f547ec9f1a5"
  },
  {
    "name": "panconqueso6",
    "uuid": "02d92a76-4cc1-3483-8387-e5a5853b50c2"
  },
  {
    "name": "Hozta",
    "uuid": "8989d43b-65f0-392b-a577-5ad6bf1b30d6"
  }
]